ISO-10303-21;
HEADER;
FILE_DESCRIPTION(('Open CASCADE Model'),'2;1');
FILE_NAME('Open CASCADE Shape Model','2026-04-14T16:23:50',('Author'),(
    'Open CASCADE'),'Open CASCADE STEP processor 7.5','Open CASCADE 7.5'
  ,'Unknown');
FILE_SCHEMA(('AUTOMOTIVE_DESIGN { 1 0 10303 214 1 1 1 1 }'));
ENDSEC;
DATA;
#1 = APPLICATION_PROTOCOL_DEFINITION('international standard',
  'automotive_design',2000,#2);
#2 = APPLICATION_CONTEXT(
  'core data for automotive mechanical design processes');
#3 = SHAPE_DEFINITION_REPRESENTATION(#4,#10);
#4 = PRODUCT_DEFINITION_SHAPE('','',#5);
#5 = PRODUCT_DEFINITION('design','',#6,#9);
#6 = PRODUCT_DEFINITION_FORMATION('','',#7);
#7 = PRODUCT('Open CASCADE STEP translator 7.5 10',
  'Open CASCADE STEP translator 7.5 10','',(#8));
#8 = PRODUCT_CONTEXT('',#2,'mechanical');
#9 = PRODUCT_DEFINITION_CONTEXT('part definition',#2,'design');
#10 = ADVANCED_BREP_SHAPE_REPRESENTATION('',(#11,#15),#2627);
#11 = AXIS2_PLACEMENT_3D('',#12,#13,#14);
#12 = CARTESIAN_POINT('',(0.,0.,0.));
#13 = DIRECTION('',(0.,0.,1.));
#14 = DIRECTION('',(1.,0.,-0.));
#15 = MANIFOLD_SOLID_BREP('',#16);
#16 = CLOSED_SHELL('',(#17,#249,#325,#433,#482,#795,#844,#893,#992,#1471
    ,#1520,#1527,#1582,#1609,#1659,#1772,#1779,#1826,#1896,#1923,#1973,
    #2002,#2078,#2127,#2176,#2203,#2279,#2328,#2377,#2426,#2475,#2502,
    #2509,#2548,#2555,#2564,#2623));
#17 = ADVANCED_FACE('',(#18),#32,.F.);
#18 = FACE_BOUND('',#19,.F.);
#19 = EDGE_LOOP('',(#20,#55,#83,#111,#139,#167,#195,#223));
#20 = ORIENTED_EDGE('',*,*,#21,.F.);
#21 = EDGE_CURVE('',#22,#24,#26,.T.);
#22 = VERTEX_POINT('',#23);
#23 = CARTESIAN_POINT('',(0.,29.04994148213,25.226139132092));
#24 = VERTEX_POINT('',#25);
#25 = CARTESIAN_POINT('',(0.,8.625311646426,25.226139132092));
#26 = SURFACE_CURVE('',#27,(#31,#43),.PCURVE_S1.);
#27 = LINE('',#28,#29);
#28 = CARTESIAN_POINT('',(0.,29.04994148213,25.226139132092));
#29 = VECTOR('',#30,1.);
#30 = DIRECTION('',(0.,-1.,-0.));
#31 = PCURVE('',#32,#37);
#32 = PLANE('',#33);
#33 = AXIS2_PLACEMENT_3D('',#34,#35,#36);
#34 = CARTESIAN_POINT('',(0.,0.,0.));
#35 = DIRECTION('',(1.,0.,-0.));
#36 = DIRECTION('',(0.,0.,1.));
#37 = DEFINITIONAL_REPRESENTATION('',(#38),#42);
#38 = LINE('',#39,#40);
#39 = CARTESIAN_POINT('',(25.226139132092,-29.04994148213));
#40 = VECTOR('',#41,1.);
#41 = DIRECTION('',(0.,1.));
#42 = ( GEOMETRIC_REPRESENTATION_CONTEXT(2) 
PARAMETRIC_REPRESENTATION_CONTEXT() REPRESENTATION_CONTEXT('2D SPACE',''
  ) );
#43 = PCURVE('',#44,#49);
#44 = PLANE('',#45);
#45 = AXIS2_PLACEMENT_3D('',#46,#47,#48);
#46 = CARTESIAN_POINT('',(0.,29.04994148213,25.226139132092));
#47 = DIRECTION('',(0.950345179446,0.,0.311197750479));
#48 = DIRECTION('',(0.311197750479,0.,-0.950345179446));
#49 = DEFINITIONAL_REPRESENTATION('',(#50),#54);
#50 = LINE('',#51,#52);
#51 = CARTESIAN_POINT('',(0.,0.));
#52 = VECTOR('',#53,1.);
#53 = DIRECTION('',(0.,-1.));
#54 = ( GEOMETRIC_REPRESENTATION_CONTEXT(2) 
PARAMETRIC_REPRESENTATION_CONTEXT() REPRESENTATION_CONTEXT('2D SPACE',''
  ) );
#55 = ORIENTED_EDGE('',*,*,#56,.T.);
#56 = EDGE_CURVE('',#22,#57,#59,.T.);
#57 = VERTEX_POINT('',#58);
#58 = CARTESIAN_POINT('',(0.,29.04994148213,32.716874981862));
#59 = SURFACE_CURVE('',#60,(#64,#71),.PCURVE_S1.);
#60 = LINE('',#61,#62);
#61 = CARTESIAN_POINT('',(0.,29.04994148213,0.));
#62 = VECTOR('',#63,1.);
#63 = DIRECTION('',(0.,0.,1.));
#64 = PCURVE('',#32,#65);
#65 = DEFINITIONAL_REPRESENTATION('',(#66),#70);
#66 = LINE('',#67,#68);
#67 = CARTESIAN_POINT('',(0.,-29.04994148213));
#68 = VECTOR('',#69,1.);
#69 = DIRECTION('',(1.,0.));
#70 = ( GEOMETRIC_REPRESENTATION_CONTEXT(2) 
PARAMETRIC_REPRESENTATION_CONTEXT() REPRESENTATION_CONTEXT('2D SPACE',''
  ) );
#71 = PCURVE('',#72,#77);
#72 = PLANE('',#73);
#73 = AXIS2_PLACEMENT_3D('',#74,#75,#76);
#74 = CARTESIAN_POINT('',(0.,29.04994148213,0.));
#75 = DIRECTION('',(-0.,1.,0.));
#76 = DIRECTION('',(0.,0.,1.));
#77 = DEFINITIONAL_REPRESENTATION('',(#78),#82);
#78 = LINE('',#79,#80);
#79 = CARTESIAN_POINT('',(0.,0.));
#80 = VECTOR('',#81,1.);
#81 = DIRECTION('',(1.,0.));
#82 = ( GEOMETRIC_REPRESENTATION_CONTEXT(2) 
PARAMETRIC_REPRESENTATION_CONTEXT() REPRESENTATION_CONTEXT('2D SPACE',''
  ) );
#83 = ORIENTED_EDGE('',*,*,#84,.T.);
#84 = EDGE_CURVE('',#57,#85,#87,.T.);
#85 = VERTEX_POINT('',#86);
#86 = CARTESIAN_POINT('',(0.,4.300160331226,32.716874981862));
#87 = SURFACE_CURVE('',#88,(#92,#99),.PCURVE_S1.);
#88 = LINE('',#89,#90);
#89 = CARTESIAN_POINT('',(0.,29.04994148213,32.716874981862));
#90 = VECTOR('',#91,1.);
#91 = DIRECTION('',(0.,-1.,0.));
#92 = PCURVE('',#32,#93);
#93 = DEFINITIONAL_REPRESENTATION('',(#94),#98);
#94 = LINE('',#95,#96);
#95 = CARTESIAN_POINT('',(32.716874981862,-29.04994148213));
#96 = VECTOR('',#97,1.);
#97 = DIRECTION('',(0.,1.));
#98 = ( GEOMETRIC_REPRESENTATION_CONTEXT(2) 
PARAMETRIC_REPRESENTATION_CONTEXT() REPRESENTATION_CONTEXT('2D SPACE',''
  ) );
#99 = PCURVE('',#100,#105);
#100 = PLANE('',#101);
#101 = AXIS2_PLACEMENT_3D('',#102,#103,#104);
#102 = CARTESIAN_POINT('',(14.647672630136,14.524970741065,
    32.716874981862));
#103 = DIRECTION('',(0.,0.,1.));
#104 = DIRECTION('',(1.,0.,-0.));
#105 = DEFINITIONAL_REPRESENTATION('',(#106),#110);
#106 = LINE('',#107,#108);
#107 = CARTESIAN_POINT('',(-14.64767263013,14.524970741065));
#108 = VECTOR('',#109,1.);
#109 = DIRECTION('',(0.,-1.));
#110 = ( GEOMETRIC_REPRESENTATION_CONTEXT(2) 
PARAMETRIC_REPRESENTATION_CONTEXT() REPRESENTATION_CONTEXT('2D SPACE',''
  ) );
#111 = ORIENTED_EDGE('',*,*,#112,.T.);
#112 = EDGE_CURVE('',#85,#113,#115,.T.);
#113 = VERTEX_POINT('',#114);
#114 = CARTESIAN_POINT('',(0.,4.300160331226,28.376818702422));
#115 = SURFACE_CURVE('',#116,(#120,#127),.PCURVE_S1.);
#116 = LINE('',#117,#118);
#117 = CARTESIAN_POINT('',(0.,4.300160331226,32.716874981862));
#118 = VECTOR('',#119,1.);
#119 = DIRECTION('',(0.,0.,-1.));
#120 = PCURVE('',#32,#121);
#121 = DEFINITIONAL_REPRESENTATION('',(#122),#126);
#122 = LINE('',#123,#124);
#123 = CARTESIAN_POINT('',(32.716874981862,-4.300160331226));
#124 = VECTOR('',#125,1.);
#125 = DIRECTION('',(-1.,0.));
#126 = ( GEOMETRIC_REPRESENTATION_CONTEXT(2) 
PARAMETRIC_REPRESENTATION_CONTEXT() REPRESENTATION_CONTEXT('2D SPACE',''
  ) );
#127 = PCURVE('',#128,#133);
#128 = PLANE('',#129);
#129 = AXIS2_PLACEMENT_3D('',#130,#131,#132);
#130 = CARTESIAN_POINT('',(0.,4.300160331226,32.716874981862));
#131 = DIRECTION('',(0.,1.,0.));
#132 = DIRECTION('',(0.,0.,-1.));
#133 = DEFINITIONAL_REPRESENTATION('',(#134),#138);
#134 = LINE('',#135,#136);
#135 = CARTESIAN_POINT('',(0.,0.));
#136 = VECTOR('',#137,1.);
#137 = DIRECTION('',(1.,0.));
#138 = ( GEOMETRIC_REPRESENTATION_CONTEXT(2) 
PARAMETRIC_REPRESENTATION_CONTEXT() REPRESENTATION_CONTEXT('2D SPACE',''
  ) );
#139 = ORIENTED_EDGE('',*,*,#140,.T.);
#140 = EDGE_CURVE('',#113,#141,#143,.T.);
#141 = VERTEX_POINT('',#142);
#142 = CARTESIAN_POINT('',(0.,0.,28.376818702422));
#143 = SURFACE_CURVE('',#144,(#148,#155),.PCURVE_S1.);
#144 = LINE('',#145,#146);
#145 = CARTESIAN_POINT('',(0.,4.300160331226,28.376818702422));
#146 = VECTOR('',#147,1.);
#147 = DIRECTION('',(0.,-1.,0.));
#148 = PCURVE('',#32,#149);
#149 = DEFINITIONAL_REPRESENTATION('',(#150),#154);
#150 = LINE('',#151,#152);
#151 = CARTESIAN_POINT('',(28.376818702422,-4.300160331226));
#152 = VECTOR('',#153,1.);
#153 = DIRECTION('',(0.,1.));
#154 = ( GEOMETRIC_REPRESENTATION_CONTEXT(2) 
PARAMETRIC_REPRESENTATION_CONTEXT() REPRESENTATION_CONTEXT('2D SPACE',''
  ) );
#155 = PCURVE('',#156,#161);
#156 = PLANE('',#157);
#157 = AXIS2_PLACEMENT_3D('',#158,#159,#160);
#158 = CARTESIAN_POINT('',(0.,4.300160331226,28.376818702422));
#159 = DIRECTION('',(0.,-0.,-1.));
#160 = DIRECTION('',(0.,-1.,0.));
#161 = DEFINITIONAL_REPRESENTATION('',(#162),#166);
#162 = LINE('',#163,#164);
#163 = CARTESIAN_POINT('',(0.,0.));
#164 = VECTOR('',#165,1.);
#165 = DIRECTION('',(1.,0.));
#166 = ( GEOMETRIC_REPRESENTATION_CONTEXT(2) 
PARAMETRIC_REPRESENTATION_CONTEXT() REPRESENTATION_CONTEXT('2D SPACE',''
  ) );
#167 = ORIENTED_EDGE('',*,*,#168,.F.);
#168 = EDGE_CURVE('',#169,#141,#171,.T.);
#169 = VERTEX_POINT('',#170);
#170 = CARTESIAN_POINT('',(0.,0.,12.589556086574));
#171 = SURFACE_CURVE('',#172,(#176,#183),.PCURVE_S1.);
#172 = LINE('',#173,#174);
#173 = CARTESIAN_POINT('',(0.,0.,0.));
#174 = VECTOR('',#175,1.);
#175 = DIRECTION('',(0.,0.,1.));
#176 = PCURVE('',#32,#177);
#177 = DEFINITIONAL_REPRESENTATION('',(#178),#182);
#178 = LINE('',#179,#180);
#179 = CARTESIAN_POINT('',(0.,0.));
#180 = VECTOR('',#181,1.);
#181 = DIRECTION('',(1.,0.));
#182 = ( GEOMETRIC_REPRESENTATION_CONTEXT(2) 
PARAMETRIC_REPRESENTATION_CONTEXT() REPRESENTATION_CONTEXT('2D SPACE',''
  ) );
#183 = PCURVE('',#184,#189);
#184 = PLANE('',#185);
#185 = AXIS2_PLACEMENT_3D('',#186,#187,#188);
#186 = CARTESIAN_POINT('',(0.,0.,0.));
#187 = DIRECTION('',(-0.,1.,0.));
#188 = DIRECTION('',(0.,0.,1.));
#189 = DEFINITIONAL_REPRESENTATION('',(#190),#194);
#190 = LINE('',#191,#192);
#191 = CARTESIAN_POINT('',(0.,0.));
#192 = VECTOR('',#193,1.);
#193 = DIRECTION('',(1.,0.));
#194 = ( GEOMETRIC_REPRESENTATION_CONTEXT(2) 
PARAMETRIC_REPRESENTATION_CONTEXT() REPRESENTATION_CONTEXT('2D SPACE',''
  ) );
#195 = ORIENTED_EDGE('',*,*,#196,.T.);
#196 = EDGE_CURVE('',#169,#197,#199,.T.);
#197 = VERTEX_POINT('',#198);
#198 = CARTESIAN_POINT('',(0.,8.625311646426,7.990539620832));
#199 = SURFACE_CURVE('',#200,(#204,#211),.PCURVE_S1.);
#200 = LINE('',#201,#202);
#201 = CARTESIAN_POINT('',(0.,0.,12.589556086574));
#202 = VECTOR('',#203,1.);
#203 = DIRECTION('',(0.,0.88240177655,-0.470496657525));
#204 = PCURVE('',#32,#205);
#205 = DEFINITIONAL_REPRESENTATION('',(#206),#210);
#206 = LINE('',#207,#208);
#207 = CARTESIAN_POINT('',(12.589556086574,0.));
#208 = VECTOR('',#209,1.);
#209 = DIRECTION('',(-0.470496657525,-0.88240177655));
#210 = ( GEOMETRIC_REPRESENTATION_CONTEXT(2) 
PARAMETRIC_REPRESENTATION_CONTEXT() REPRESENTATION_CONTEXT('2D SPACE',''
  ) );
#211 = PCURVE('',#212,#217);
#212 = PLANE('',#213);
#213 = AXIS2_PLACEMENT_3D('',#214,#215,#216);
#214 = CARTESIAN_POINT('',(0.,0.,12.589556086574));
#215 = DIRECTION('',(0.,0.470496657525,0.88240177655));
#216 = DIRECTION('',(0.,0.88240177655,-0.470496657525));
#217 = DEFINITIONAL_REPRESENTATION('',(#218),#222);
#218 = LINE('',#219,#220);
#219 = CARTESIAN_POINT('',(0.,0.));
#220 = VECTOR('',#221,1.);
#221 = DIRECTION('',(1.,0.));
#222 = ( GEOMETRIC_REPRESENTATION_CONTEXT(2) 
PARAMETRIC_REPRESENTATION_CONTEXT() REPRESENTATION_CONTEXT('2D SPACE',''
  ) );
#223 = ORIENTED_EDGE('',*,*,#224,.T.);
#224 = EDGE_CURVE('',#197,#24,#225,.T.);
#225 = SURFACE_CURVE('',#226,(#230,#237),.PCURVE_S1.);
#226 = LINE('',#227,#228);
#227 = CARTESIAN_POINT('',(0.,8.625311646426,0.));
#228 = VECTOR('',#229,1.);
#229 = DIRECTION('',(0.,0.,1.));
#230 = PCURVE('',#32,#231);
#231 = DEFINITIONAL_REPRESENTATION('',(#232),#236);
#232 = LINE('',#233,#234);
#233 = CARTESIAN_POINT('',(0.,-8.625311646426));
#234 = VECTOR('',#235,1.);
#235 = DIRECTION('',(1.,0.));
#236 = ( GEOMETRIC_REPRESENTATION_CONTEXT(2) 
PARAMETRIC_REPRESENTATION_CONTEXT() REPRESENTATION_CONTEXT('2D SPACE',''
  ) );
#237 = PCURVE('',#238,#243);
#238 = PLANE('',#239);
#239 = AXIS2_PLACEMENT_3D('',#240,#241,#242);
#240 = CARTESIAN_POINT('',(2.394634433867,8.625311646426,10.877458526498
    ));
#241 = DIRECTION('',(0.,1.,0.));
#242 = DIRECTION('',(0.,-0.,1.));
#243 = DEFINITIONAL_REPRESENTATION('',(#244),#248);
#244 = LINE('',#245,#246);
#245 = CARTESIAN_POINT('',(-10.87745852649,-2.394634433867));
#246 = VECTOR('',#247,1.);
#247 = DIRECTION('',(1.,0.));
#248 = ( GEOMETRIC_REPRESENTATION_CONTEXT(2) 
PARAMETRIC_REPRESENTATION_CONTEXT() REPRESENTATION_CONTEXT('2D SPACE',''
  ) );
#249 = ADVANCED_FACE('',(#250),#44,.F.);
#250 = FACE_BOUND('',#251,.F.);
#251 = EDGE_LOOP('',(#252,#253,#276,#304));
#252 = ORIENTED_EDGE('',*,*,#21,.T.);
#253 = ORIENTED_EDGE('',*,*,#254,.T.);
#254 = EDGE_CURVE('',#24,#255,#257,.T.);
#255 = VERTEX_POINT('',#256);
#256 = CARTESIAN_POINT('',(8.260490946829,8.625311646426,0.));
#257 = SURFACE_CURVE('',#258,(#262,#269),.PCURVE_S1.);
#258 = LINE('',#259,#260);
#259 = CARTESIAN_POINT('',(0.,8.625311646426,25.226139132092));
#260 = VECTOR('',#261,1.);
#261 = DIRECTION('',(0.311197750479,0.,-0.950345179446));
#262 = PCURVE('',#44,#263);
#263 = DEFINITIONAL_REPRESENTATION('',(#264),#268);
#264 = LINE('',#265,#266);
#265 = CARTESIAN_POINT('',(0.,-20.4246298357));
#266 = VECTOR('',#267,1.);
#267 = DIRECTION('',(1.,0.));
#268 = ( GEOMETRIC_REPRESENTATION_CONTEXT(2) 
PARAMETRIC_REPRESENTATION_CONTEXT() REPRESENTATION_CONTEXT('2D SPACE',''
  ) );
#269 = PCURVE('',#238,#270);
#270 = DEFINITIONAL_REPRESENTATION('',(#271),#275);
#271 = LINE('',#272,#273);
#272 = CARTESIAN_POINT('',(14.348680605594,-2.394634433867));
#273 = VECTOR('',#274,1.);
#274 = DIRECTION('',(-0.950345179446,0.311197750479));
#275 = ( GEOMETRIC_REPRESENTATION_CONTEXT(2) 
PARAMETRIC_REPRESENTATION_CONTEXT() REPRESENTATION_CONTEXT('2D SPACE',''
  ) );
#276 = ORIENTED_EDGE('',*,*,#277,.F.);
#277 = EDGE_CURVE('',#278,#255,#280,.T.);
#278 = VERTEX_POINT('',#279);
#279 = CARTESIAN_POINT('',(8.260490946829,29.04994148213,0.));
#280 = SURFACE_CURVE('',#281,(#285,#292),.PCURVE_S1.);
#281 = LINE('',#282,#283);
#282 = CARTESIAN_POINT('',(8.260490946829,29.04994148213,0.));
#283 = VECTOR('',#284,1.);
#284 = DIRECTION('',(0.,-1.,-0.));
#285 = PCURVE('',#44,#286);
#286 = DEFINITIONAL_REPRESENTATION('',(#287),#291);
#287 = LINE('',#288,#289);
#288 = CARTESIAN_POINT('',(26.544185920731,0.));
#289 = VECTOR('',#290,1.);
#290 = DIRECTION('',(0.,-1.));
#291 = ( GEOMETRIC_REPRESENTATION_CONTEXT(2) 
PARAMETRIC_REPRESENTATION_CONTEXT() REPRESENTATION_CONTEXT('2D SPACE',''
  ) );
#292 = PCURVE('',#293,#298);
#293 = PLANE('',#294);
#294 = AXIS2_PLACEMENT_3D('',#295,#296,#297);
#295 = CARTESIAN_POINT('',(0.,0.,0.));
#296 = DIRECTION('',(0.,0.,1.));
#297 = DIRECTION('',(1.,0.,-0.));
#298 = DEFINITIONAL_REPRESENTATION('',(#299),#303);
#299 = LINE('',#300,#301);
#300 = CARTESIAN_POINT('',(8.260490946829,29.04994148213));
#301 = VECTOR('',#302,1.);
#302 = DIRECTION('',(0.,-1.));
#303 = ( GEOMETRIC_REPRESENTATION_CONTEXT(2) 
PARAMETRIC_REPRESENTATION_CONTEXT() REPRESENTATION_CONTEXT('2D SPACE',''
  ) );
#304 = ORIENTED_EDGE('',*,*,#305,.F.);
#305 = EDGE_CURVE('',#22,#278,#306,.T.);
#306 = SURFACE_CURVE('',#307,(#311,#318),.PCURVE_S1.);
#307 = LINE('',#308,#309);
#308 = CARTESIAN_POINT('',(0.,29.04994148213,25.226139132092));
#309 = VECTOR('',#310,1.);
#310 = DIRECTION('',(0.311197750479,0.,-0.950345179446));
#311 = PCURVE('',#44,#312);
#312 = DEFINITIONAL_REPRESENTATION('',(#313),#317);
#313 = LINE('',#314,#315);
#314 = CARTESIAN_POINT('',(0.,0.));
#315 = VECTOR('',#316,1.);
#316 = DIRECTION('',(1.,0.));
#317 = ( GEOMETRIC_REPRESENTATION_CONTEXT(2) 
PARAMETRIC_REPRESENTATION_CONTEXT() REPRESENTATION_CONTEXT('2D SPACE',''
  ) );
#318 = PCURVE('',#72,#319);
#319 = DEFINITIONAL_REPRESENTATION('',(#320),#324);
#320 = LINE('',#321,#322);
#321 = CARTESIAN_POINT('',(25.226139132092,0.));
#322 = VECTOR('',#323,1.);
#323 = DIRECTION('',(-0.950345179446,0.311197750479));
#324 = ( GEOMETRIC_REPRESENTATION_CONTEXT(2) 
PARAMETRIC_REPRESENTATION_CONTEXT() REPRESENTATION_CONTEXT('2D SPACE',''
  ) );
#325 = ADVANCED_FACE('',(#326,#402),#238,.T.);
#326 = FACE_BOUND('',#327,.T.);
#327 = EDGE_LOOP('',(#328,#329,#352,#380,#401));
#328 = ORIENTED_EDGE('',*,*,#254,.T.);
#329 = ORIENTED_EDGE('',*,*,#330,.T.);
#330 = EDGE_CURVE('',#255,#331,#333,.T.);
#331 = VERTEX_POINT('',#332);
#332 = CARTESIAN_POINT('',(2.19389118154,8.625311646426,0.));
#333 = SURFACE_CURVE('',#334,(#338,#345),.PCURVE_S1.);
#334 = LINE('',#335,#336);
#335 = CARTESIAN_POINT('',(8.260490946829,8.625311646426,0.));
#336 = VECTOR('',#337,1.);
#337 = DIRECTION('',(-1.,0.,0.));
#338 = PCURVE('',#238,#339);
#339 = DEFINITIONAL_REPRESENTATION('',(#340),#344);
#340 = LINE('',#341,#342);
#341 = CARTESIAN_POINT('',(-10.87745852649,5.865856512962));
#342 = VECTOR('',#343,1.);
#343 = DIRECTION('',(0.,-1.));
#344 = ( GEOMETRIC_REPRESENTATION_CONTEXT(2) 
PARAMETRIC_REPRESENTATION_CONTEXT() REPRESENTATION_CONTEXT('2D SPACE',''
  ) );
#345 = PCURVE('',#293,#346);
#346 = DEFINITIONAL_REPRESENTATION('',(#347),#351);
#347 = LINE('',#348,#349);
#348 = CARTESIAN_POINT('',(8.260490946829,8.625311646426));
#349 = VECTOR('',#350,1.);
#350 = DIRECTION('',(-1.,0.));
#351 = ( GEOMETRIC_REPRESENTATION_CONTEXT(2) 
PARAMETRIC_REPRESENTATION_CONTEXT() REPRESENTATION_CONTEXT('2D SPACE',''
  ) );
#352 = ORIENTED_EDGE('',*,*,#353,.F.);
#353 = EDGE_CURVE('',#354,#331,#356,.T.);
#354 = VERTEX_POINT('',#355);
#355 = CARTESIAN_POINT('',(2.19389118154,8.625311646426,7.990539620832)
  );
#356 = SURFACE_CURVE('',#357,(#361,#368),.PCURVE_S1.);
#357 = LINE('',#358,#359);
#358 = CARTESIAN_POINT('',(2.19389118154,8.625311646426,7.990539620832)
  );
#359 = VECTOR('',#360,1.);
#360 = DIRECTION('',(0.,0.,-1.));
#361 = PCURVE('',#238,#362);
#362 = DEFINITIONAL_REPRESENTATION('',(#363),#367);
#363 = LINE('',#364,#365);
#364 = CARTESIAN_POINT('',(-2.886918905667,-0.200743252327));
#365 = VECTOR('',#366,1.);
#366 = DIRECTION('',(-1.,0.));
#367 = ( GEOMETRIC_REPRESENTATION_CONTEXT(2) 
PARAMETRIC_REPRESENTATION_CONTEXT() REPRESENTATION_CONTEXT('2D SPACE',''
  ) );
#368 = PCURVE('',#369,#374);
#369 = PLANE('',#370);
#370 = AXIS2_PLACEMENT_3D('',#371,#372,#373);
#371 = CARTESIAN_POINT('',(2.19389118154,3.803834288303,5.432399064028)
  );
#372 = DIRECTION('',(-1.,-0.,-0.));
#373 = DIRECTION('',(0.,0.,-1.));
#374 = DEFINITIONAL_REPRESENTATION('',(#375),#379);
#375 = LINE('',#376,#377);
#376 = CARTESIAN_POINT('',(-2.558140556803,-4.821477358123));
#377 = VECTOR('',#378,1.);
#378 = DIRECTION('',(1.,0.));
#379 = ( GEOMETRIC_REPRESENTATION_CONTEXT(2) 
PARAMETRIC_REPRESENTATION_CONTEXT() REPRESENTATION_CONTEXT('2D SPACE',''
  ) );
#380 = ORIENTED_EDGE('',*,*,#381,.F.);
#381 = EDGE_CURVE('',#197,#354,#382,.T.);
#382 = SURFACE_CURVE('',#383,(#387,#394),.PCURVE_S1.);
#383 = LINE('',#384,#385);
#384 = CARTESIAN_POINT('',(0.,8.625311646426,7.990539620832));
#385 = VECTOR('',#386,1.);
#386 = DIRECTION('',(1.,0.,-0.));
#387 = PCURVE('',#238,#388);
#388 = DEFINITIONAL_REPRESENTATION('',(#389),#393);
#389 = LINE('',#390,#391);
#390 = CARTESIAN_POINT('',(-2.886918905667,-2.394634433867));
#391 = VECTOR('',#392,1.);
#392 = DIRECTION('',(0.,1.));
#393 = ( GEOMETRIC_REPRESENTATION_CONTEXT(2) 
PARAMETRIC_REPRESENTATION_CONTEXT() REPRESENTATION_CONTEXT('2D SPACE',''
  ) );
#394 = PCURVE('',#212,#395);
#395 = DEFINITIONAL_REPRESENTATION('',(#396),#400);
#396 = LINE('',#397,#398);
#397 = CARTESIAN_POINT('',(9.774812195134,0.));
#398 = VECTOR('',#399,1.);
#399 = DIRECTION('',(0.,-1.));
#400 = ( GEOMETRIC_REPRESENTATION_CONTEXT(2) 
PARAMETRIC_REPRESENTATION_CONTEXT() REPRESENTATION_CONTEXT('2D SPACE',''
  ) );
#401 = ORIENTED_EDGE('',*,*,#224,.T.);
#402 = FACE_BOUND('',#403,.T.);
#403 = EDGE_LOOP('',(#404));
#404 = ORIENTED_EDGE('',*,*,#405,.F.);
#405 = EDGE_CURVE('',#406,#406,#408,.T.);
#406 = VERTEX_POINT('',#407);
#407 = CARTESIAN_POINT('',(4.578782708506,8.625311646426,4.490117110504)
  );
#408 = SURFACE_CURVE('',#409,(#414,#421),.PCURVE_S1.);
#409 = CIRCLE('',#410,1.);
#410 = AXIS2_PLACEMENT_3D('',#411,#412,#413);
#411 = CARTESIAN_POINT('',(4.578782708506,8.625311646426,3.490117110504)
  );
#412 = DIRECTION('',(-0.,1.,0.));
#413 = DIRECTION('',(0.,0.,1.));
#414 = PCURVE('',#238,#415);
#415 = DEFINITIONAL_REPRESENTATION('',(#416),#420);
#416 = CIRCLE('',#417,1.);
#417 = AXIS2_PLACEMENT_2D('',#418,#419);
#418 = CARTESIAN_POINT('',(-7.387341415994,2.184148274639));
#419 = DIRECTION('',(1.,0.));
#420 = ( GEOMETRIC_REPRESENTATION_CONTEXT(2) 
PARAMETRIC_REPRESENTATION_CONTEXT() REPRESENTATION_CONTEXT('2D SPACE',''
  ) );
#421 = PCURVE('',#422,#427);
#422 = CYLINDRICAL_SURFACE('',#423,1.);
#423 = AXIS2_PLACEMENT_3D('',#424,#425,#426);
#424 = CARTESIAN_POINT('',(4.578782708506,8.625311646426,3.490117110504)
  );
#425 = DIRECTION('',(-0.,1.,0.));
#426 = DIRECTION('',(0.,0.,1.));
#427 = DEFINITIONAL_REPRESENTATION('',(#428),#432);
#428 = LINE('',#429,#430);
#429 = CARTESIAN_POINT('',(0.,0.));
#430 = VECTOR('',#431,1.);
#431 = DIRECTION('',(1.,0.));
#432 = ( GEOMETRIC_REPRESENTATION_CONTEXT(2) 
PARAMETRIC_REPRESENTATION_CONTEXT() REPRESENTATION_CONTEXT('2D SPACE',''
  ) );
#433 = ADVANCED_FACE('',(#434),#212,.F.);
#434 = FACE_BOUND('',#435,.F.);
#435 = EDGE_LOOP('',(#436,#459,#480,#481));
#436 = ORIENTED_EDGE('',*,*,#437,.T.);
#437 = EDGE_CURVE('',#169,#438,#440,.T.);
#438 = VERTEX_POINT('',#439);
#439 = CARTESIAN_POINT('',(2.19389118154,0.,12.589556086574));
#440 = SURFACE_CURVE('',#441,(#445,#452),.PCURVE_S1.);
#441 = LINE('',#442,#443);
#442 = CARTESIAN_POINT('',(0.,0.,12.589556086574));
#443 = VECTOR('',#444,1.);
#444 = DIRECTION('',(1.,0.,-0.));
#445 = PCURVE('',#212,#446);
#446 = DEFINITIONAL_REPRESENTATION('',(#447),#451);
#447 = LINE('',#448,#449);
#448 = CARTESIAN_POINT('',(0.,0.));
#449 = VECTOR('',#450,1.);
#450 = DIRECTION('',(0.,-1.));
#451 = ( GEOMETRIC_REPRESENTATION_CONTEXT(2) 
PARAMETRIC_REPRESENTATION_CONTEXT() REPRESENTATION_CONTEXT('2D SPACE',''
  ) );
#452 = PCURVE('',#184,#453);
#453 = DEFINITIONAL_REPRESENTATION('',(#454),#458);
#454 = LINE('',#455,#456);
#455 = CARTESIAN_POINT('',(12.589556086574,0.));
#456 = VECTOR('',#457,1.);
#457 = DIRECTION('',(0.,1.));
#458 = ( GEOMETRIC_REPRESENTATION_CONTEXT(2) 
PARAMETRIC_REPRESENTATION_CONTEXT() REPRESENTATION_CONTEXT('2D SPACE',''
  ) );
#459 = ORIENTED_EDGE('',*,*,#460,.T.);
#460 = EDGE_CURVE('',#438,#354,#461,.T.);
#461 = SURFACE_CURVE('',#462,(#466,#473),.PCURVE_S1.);
#462 = LINE('',#463,#464);
#463 = CARTESIAN_POINT('',(2.19389118154,0.,12.589556086574));
#464 = VECTOR('',#465,1.);
#465 = DIRECTION('',(0.,0.88240177655,-0.470496657525));
#466 = PCURVE('',#212,#467);
#467 = DEFINITIONAL_REPRESENTATION('',(#468),#472);
#468 = LINE('',#469,#470);
#469 = CARTESIAN_POINT('',(0.,-2.19389118154));
#470 = VECTOR('',#471,1.);
#471 = DIRECTION('',(1.,0.));
#472 = ( GEOMETRIC_REPRESENTATION_CONTEXT(2) 
PARAMETRIC_REPRESENTATION_CONTEXT() REPRESENTATION_CONTEXT('2D SPACE',''
  ) );
#473 = PCURVE('',#369,#474);
#474 = DEFINITIONAL_REPRESENTATION('',(#475),#479);
#475 = LINE('',#476,#477);
#476 = CARTESIAN_POINT('',(-7.157157022546,3.803834288303));
#477 = VECTOR('',#478,1.);
#478 = DIRECTION('',(0.470496657525,-0.88240177655));
#479 = ( GEOMETRIC_REPRESENTATION_CONTEXT(2) 
PARAMETRIC_REPRESENTATION_CONTEXT() REPRESENTATION_CONTEXT('2D SPACE',''
  ) );
#480 = ORIENTED_EDGE('',*,*,#381,.F.);
#481 = ORIENTED_EDGE('',*,*,#196,.F.);
#482 = ADVANCED_FACE('',(#483,#689),#184,.F.);
#483 = FACE_BOUND('',#484,.F.);
#484 = EDGE_LOOP('',(#485,#510,#531,#532,#533,#556,#584,#607,#635,#663)
  );
#485 = ORIENTED_EDGE('',*,*,#486,.F.);
#486 = EDGE_CURVE('',#487,#489,#491,.T.);
#487 = VERTEX_POINT('',#488);
#488 = CARTESIAN_POINT('',(2.19389118154,0.,0.));
#489 = VERTEX_POINT('',#490);
#490 = CARTESIAN_POINT('',(42.45488873757,0.,0.));
#491 = SURFACE_CURVE('',#492,(#496,#503),.PCURVE_S1.);
#492 = LINE('',#493,#494);
#493 = CARTESIAN_POINT('',(0.,0.,0.));
#494 = VECTOR('',#495,1.);
#495 = DIRECTION('',(1.,0.,-0.));
#496 = PCURVE('',#184,#497);
#497 = DEFINITIONAL_REPRESENTATION('',(#498),#502);
#498 = LINE('',#499,#500);
#499 = CARTESIAN_POINT('',(0.,0.));
#500 = VECTOR('',#501,1.);
#501 = DIRECTION('',(0.,1.));
#502 = ( GEOMETRIC_REPRESENTATION_CONTEXT(2) 
PARAMETRIC_REPRESENTATION_CONTEXT() REPRESENTATION_CONTEXT('2D SPACE',''
  ) );
#503 = PCURVE('',#293,#504);
#504 = DEFINITIONAL_REPRESENTATION('',(#505),#509);
#505 = LINE('',#506,#507);
#506 = CARTESIAN_POINT('',(0.,0.));
#507 = VECTOR('',#508,1.);
#508 = DIRECTION('',(1.,0.));
#509 = ( GEOMETRIC_REPRESENTATION_CONTEXT(2) 
PARAMETRIC_REPRESENTATION_CONTEXT() REPRESENTATION_CONTEXT('2D SPACE',''
  ) );
#510 = ORIENTED_EDGE('',*,*,#511,.T.);
#511 = EDGE_CURVE('',#487,#438,#512,.T.);
#512 = SURFACE_CURVE('',#513,(#517,#524),.PCURVE_S1.);
#513 = LINE('',#514,#515);
#514 = CARTESIAN_POINT('',(2.19389118154,0.,0.));
#515 = VECTOR('',#516,1.);
#516 = DIRECTION('',(0.,0.,1.));
#517 = PCURVE('',#184,#518);
#518 = DEFINITIONAL_REPRESENTATION('',(#519),#523);
#519 = LINE('',#520,#521);
#520 = CARTESIAN_POINT('',(0.,2.19389118154));
#521 = VECTOR('',#522,1.);
#522 = DIRECTION('',(1.,0.));
#523 = ( GEOMETRIC_REPRESENTATION_CONTEXT(2) 
PARAMETRIC_REPRESENTATION_CONTEXT() REPRESENTATION_CONTEXT('2D SPACE',''
  ) );
#524 = PCURVE('',#369,#525);
#525 = DEFINITIONAL_REPRESENTATION('',(#526),#530);
#526 = LINE('',#527,#528);
#527 = CARTESIAN_POINT('',(5.432399064028,3.803834288303));
#528 = VECTOR('',#529,1.);
#529 = DIRECTION('',(-1.,0.));
#530 = ( GEOMETRIC_REPRESENTATION_CONTEXT(2) 
PARAMETRIC_REPRESENTATION_CONTEXT() REPRESENTATION_CONTEXT('2D SPACE',''
  ) );
#531 = ORIENTED_EDGE('',*,*,#437,.F.);
#532 = ORIENTED_EDGE('',*,*,#168,.T.);
#533 = ORIENTED_EDGE('',*,*,#534,.T.);
#534 = EDGE_CURVE('',#141,#535,#537,.T.);
#535 = VERTEX_POINT('',#536);
#536 = CARTESIAN_POINT('',(15.230998581807,0.,28.376818702422));
#537 = SURFACE_CURVE('',#538,(#542,#549),.PCURVE_S1.);
#538 = LINE('',#539,#540);
#539 = CARTESIAN_POINT('',(0.,0.,28.376818702422));
#540 = VECTOR('',#541,1.);
#541 = DIRECTION('',(1.,0.,-0.));
#542 = PCURVE('',#184,#543);
#543 = DEFINITIONAL_REPRESENTATION('',(#544),#548);
#544 = LINE('',#545,#546);
#545 = CARTESIAN_POINT('',(28.376818702422,0.));
#546 = VECTOR('',#547,1.);
#547 = DIRECTION('',(0.,1.));
#548 = ( GEOMETRIC_REPRESENTATION_CONTEXT(2) 
PARAMETRIC_REPRESENTATION_CONTEXT() REPRESENTATION_CONTEXT('2D SPACE',''
  ) );
#549 = PCURVE('',#156,#550);
#550 = DEFINITIONAL_REPRESENTATION('',(#551),#555);
#551 = LINE('',#552,#553);
#552 = CARTESIAN_POINT('',(4.300160331226,0.));
#553 = VECTOR('',#554,1.);
#554 = DIRECTION('',(0.,-1.));
#555 = ( GEOMETRIC_REPRESENTATION_CONTEXT(2) 
PARAMETRIC_REPRESENTATION_CONTEXT() REPRESENTATION_CONTEXT('2D SPACE',''
  ) );
#556 = ORIENTED_EDGE('',*,*,#557,.T.);
#557 = EDGE_CURVE('',#535,#558,#560,.T.);
#558 = VERTEX_POINT('',#559);
#559 = CARTESIAN_POINT('',(15.230998581807,0.,32.716874981862));
#560 = SURFACE_CURVE('',#561,(#565,#572),.PCURVE_S1.);
#561 = LINE('',#562,#563);
#562 = CARTESIAN_POINT('',(15.230998581807,0.,28.376818702422));
#563 = VECTOR('',#564,1.);
#564 = DIRECTION('',(0.,0.,1.));
#565 = PCURVE('',#184,#566);
#566 = DEFINITIONAL_REPRESENTATION('',(#567),#571);
#567 = LINE('',#568,#569);
#568 = CARTESIAN_POINT('',(28.376818702422,15.230998581807));
#569 = VECTOR('',#570,1.);
#570 = DIRECTION('',(1.,0.));
#571 = ( GEOMETRIC_REPRESENTATION_CONTEXT(2) 
PARAMETRIC_REPRESENTATION_CONTEXT() REPRESENTATION_CONTEXT('2D SPACE',''
  ) );
#572 = PCURVE('',#573,#578);
#573 = PLANE('',#574);
#574 = AXIS2_PLACEMENT_3D('',#575,#576,#577);
#575 = CARTESIAN_POINT('',(15.230998581807,2.150080165613,
    30.546846842142));
#576 = DIRECTION('',(-1.,-0.,-0.));
#577 = DIRECTION('',(0.,0.,-1.));
#578 = DEFINITIONAL_REPRESENTATION('',(#579),#583);
#579 = LINE('',#580,#581);
#580 = CARTESIAN_POINT('',(2.17002813972,2.150080165613));
#581 = VECTOR('',#582,1.);
#582 = DIRECTION('',(-1.,0.));
#583 = ( GEOMETRIC_REPRESENTATION_CONTEXT(2) 
PARAMETRIC_REPRESENTATION_CONTEXT() REPRESENTATION_CONTEXT('2D SPACE',''
  ) );
#584 = ORIENTED_EDGE('',*,*,#585,.T.);
#585 = EDGE_CURVE('',#558,#586,#588,.T.);
#586 = VERTEX_POINT('',#587);
#587 = CARTESIAN_POINT('',(21.599111155495,0.,32.716874981862));
#588 = SURFACE_CURVE('',#589,(#593,#600),.PCURVE_S1.);
#589 = LINE('',#590,#591);
#590 = CARTESIAN_POINT('',(0.,0.,32.716874981862));
#591 = VECTOR('',#592,1.);
#592 = DIRECTION('',(1.,0.,0.));
#593 = PCURVE('',#184,#594);
#594 = DEFINITIONAL_REPRESENTATION('',(#595),#599);
#595 = LINE('',#596,#597);
#596 = CARTESIAN_POINT('',(32.716874981862,0.));
#597 = VECTOR('',#598,1.);
#598 = DIRECTION('',(0.,1.));
#599 = ( GEOMETRIC_REPRESENTATION_CONTEXT(2) 
PARAMETRIC_REPRESENTATION_CONTEXT() REPRESENTATION_CONTEXT('2D SPACE',''
  ) );
#600 = PCURVE('',#100,#601);
#601 = DEFINITIONAL_REPRESENTATION('',(#602),#606);
#602 = LINE('',#603,#604);
#603 = CARTESIAN_POINT('',(-14.64767263013,-14.52497074106));
#604 = VECTOR('',#605,1.);
#605 = DIRECTION('',(1.,0.));
#606 = ( GEOMETRIC_REPRESENTATION_CONTEXT(2) 
PARAMETRIC_REPRESENTATION_CONTEXT() REPRESENTATION_CONTEXT('2D SPACE',''
  ) );
#607 = ORIENTED_EDGE('',*,*,#608,.F.);
#608 = EDGE_CURVE('',#609,#586,#611,.T.);
#609 = VERTEX_POINT('',#610);
#610 = CARTESIAN_POINT('',(21.599111155495,0.,66.953630124403));
#611 = SURFACE_CURVE('',#612,(#616,#623),.PCURVE_S1.);
#612 = LINE('',#613,#614);
#613 = CARTESIAN_POINT('',(21.599111155495,0.,66.953630124403));
#614 = VECTOR('',#615,1.);
#615 = DIRECTION('',(-0.,-0.,-1.));
#616 = PCURVE('',#184,#617);
#617 = DEFINITIONAL_REPRESENTATION('',(#618),#622);
#618 = LINE('',#619,#620);
#619 = CARTESIAN_POINT('',(66.953630124403,21.599111155495));
#620 = VECTOR('',#621,1.);
#621 = DIRECTION('',(-1.,0.));
#622 = ( GEOMETRIC_REPRESENTATION_CONTEXT(2) 
PARAMETRIC_REPRESENTATION_CONTEXT() REPRESENTATION_CONTEXT('2D SPACE',''
  ) );
#623 = PCURVE('',#624,#629);
#624 = PLANE('',#625);
#625 = AXIS2_PLACEMENT_3D('',#626,#627,#628);
#626 = CARTESIAN_POINT('',(21.599111155495,0.,66.953630124403));
#627 = DIRECTION('',(0.702475059765,-0.711708360502,0.));
#628 = DIRECTION('',(0.711708360502,0.702475059765,0.));
#629 = DEFINITIONAL_REPRESENTATION('',(#630),#634);
#630 = LINE('',#631,#632);
#631 = CARTESIAN_POINT('',(0.,0.));
#632 = VECTOR('',#633,1.);
#633 = DIRECTION('',(0.,-1.));
#634 = ( GEOMETRIC_REPRESENTATION_CONTEXT(2) 
PARAMETRIC_REPRESENTATION_CONTEXT() REPRESENTATION_CONTEXT('2D SPACE',''
  ) );
#635 = ORIENTED_EDGE('',*,*,#636,.T.);
#636 = EDGE_CURVE('',#609,#637,#639,.T.);
#637 = VERTEX_POINT('',#638);
#638 = CARTESIAN_POINT('',(42.45488873757,0.,66.953630124403));
#639 = SURFACE_CURVE('',#640,(#644,#651),.PCURVE_S1.);
#640 = LINE('',#641,#642);
#641 = CARTESIAN_POINT('',(0.,0.,66.953630124403));
#642 = VECTOR('',#643,1.);
#643 = DIRECTION('',(1.,0.,-0.));
#644 = PCURVE('',#184,#645);
#645 = DEFINITIONAL_REPRESENTATION('',(#646),#650);
#646 = LINE('',#647,#648);
#647 = CARTESIAN_POINT('',(66.953630124403,0.));
#648 = VECTOR('',#649,1.);
#649 = DIRECTION('',(0.,1.));
#650 = ( GEOMETRIC_REPRESENTATION_CONTEXT(2) 
PARAMETRIC_REPRESENTATION_CONTEXT() REPRESENTATION_CONTEXT('2D SPACE',''
  ) );
#651 = PCURVE('',#652,#657);
#652 = PLANE('',#653);
#653 = AXIS2_PLACEMENT_3D('',#654,#655,#656);
#654 = CARTESIAN_POINT('',(0.,0.,66.953630124403));
#655 = DIRECTION('',(0.,0.,1.));
#656 = DIRECTION('',(1.,0.,-0.));
#657 = DEFINITIONAL_REPRESENTATION('',(#658),#662);
#658 = LINE('',#659,#660);
#659 = CARTESIAN_POINT('',(0.,0.));
#660 = VECTOR('',#661,1.);
#661 = DIRECTION('',(1.,0.));
#662 = ( GEOMETRIC_REPRESENTATION_CONTEXT(2) 
PARAMETRIC_REPRESENTATION_CONTEXT() REPRESENTATION_CONTEXT('2D SPACE',''
  ) );
#663 = ORIENTED_EDGE('',*,*,#664,.F.);
#664 = EDGE_CURVE('',#489,#637,#665,.T.);
#665 = SURFACE_CURVE('',#666,(#670,#677),.PCURVE_S1.);
#666 = LINE('',#667,#668);
#667 = CARTESIAN_POINT('',(42.45488873757,0.,0.));
#668 = VECTOR('',#669,1.);
#669 = DIRECTION('',(0.,0.,1.));
#670 = PCURVE('',#184,#671);
#671 = DEFINITIONAL_REPRESENTATION('',(#672),#676);
#672 = LINE('',#673,#674);
#673 = CARTESIAN_POINT('',(0.,42.45488873757));
#674 = VECTOR('',#675,1.);
#675 = DIRECTION('',(1.,0.));
#676 = ( GEOMETRIC_REPRESENTATION_CONTEXT(2) 
PARAMETRIC_REPRESENTATION_CONTEXT() REPRESENTATION_CONTEXT('2D SPACE',''
  ) );
#677 = PCURVE('',#678,#683);
#678 = PLANE('',#679);
#679 = AXIS2_PLACEMENT_3D('',#680,#681,#682);
#680 = CARTESIAN_POINT('',(42.45488873757,0.,0.));
#681 = DIRECTION('',(1.,0.,-0.));
#682 = DIRECTION('',(0.,0.,1.));
#683 = DEFINITIONAL_REPRESENTATION('',(#684),#688);
#684 = LINE('',#685,#686);
#685 = CARTESIAN_POINT('',(0.,0.));
#686 = VECTOR('',#687,1.);
#687 = DIRECTION('',(1.,0.));
#688 = ( GEOMETRIC_REPRESENTATION_CONTEXT(2) 
PARAMETRIC_REPRESENTATION_CONTEXT() REPRESENTATION_CONTEXT('2D SPACE',''
  ) );
#689 = FACE_BOUND('',#690,.F.);
#690 = EDGE_LOOP('',(#691,#719,#745,#771));
#691 = ORIENTED_EDGE('',*,*,#692,.F.);
#692 = EDGE_CURVE('',#693,#695,#697,.T.);
#693 = VERTEX_POINT('',#694);
#694 = CARTESIAN_POINT('',(38.677917143595,0.,47.058840717693));
#695 = VERTEX_POINT('',#696);
#696 = CARTESIAN_POINT('',(38.677917143595,0.,32.749405462313));
#697 = SURFACE_CURVE('',#698,(#702,#708),.PCURVE_S1.);
#698 = LINE('',#699,#700);
#699 = CARTESIAN_POINT('',(38.677917143595,0.,23.529420358846));
#700 = VECTOR('',#701,1.);
#701 = DIRECTION('',(0.,0.,-1.));
#702 = PCURVE('',#184,#703);
#703 = DEFINITIONAL_REPRESENTATION('',(#704),#707);
#704 = B_SPLINE_CURVE_WITH_KNOTS('',1,(#705,#706),.UNSPECIFIED.,.F.,.F.,
  (2,2),(-23.52942035884,-9.219985103466),.PIECEWISE_BEZIER_KNOTS.);
#705 = CARTESIAN_POINT('',(47.058840717693,38.677917143595));
#706 = CARTESIAN_POINT('',(32.749405462313,38.677917143595));
#707 = ( GEOMETRIC_REPRESENTATION_CONTEXT(2) 
PARAMETRIC_REPRESENTATION_CONTEXT() REPRESENTATION_CONTEXT('2D SPACE',''
  ) );
#708 = PCURVE('',#709,#714);
#709 = PLANE('',#710);
#710 = AXIS2_PLACEMENT_3D('',#711,#712,#713);
#711 = CARTESIAN_POINT('',(38.677917143595,29.04994148213,
    47.058840717693));
#712 = DIRECTION('',(1.,0.,0.));
#713 = DIRECTION('',(0.,0.,-1.));
#714 = DEFINITIONAL_REPRESENTATION('',(#715),#718);
#715 = B_SPLINE_CURVE_WITH_KNOTS('',1,(#716,#717),.UNSPECIFIED.,.F.,.F.,
  (2,2),(-23.52942035884,-9.219985103466),.PIECEWISE_BEZIER_KNOTS.);
#716 = CARTESIAN_POINT('',(0.,-29.04994148213));
#717 = CARTESIAN_POINT('',(14.30943525538,-29.04994148213));
#718 = ( GEOMETRIC_REPRESENTATION_CONTEXT(2) 
PARAMETRIC_REPRESENTATION_CONTEXT() REPRESENTATION_CONTEXT('2D SPACE',''
  ) );
#719 = ORIENTED_EDGE('',*,*,#720,.F.);
#720 = EDGE_CURVE('',#721,#693,#723,.T.);
#721 = VERTEX_POINT('',#722);
#722 = CARTESIAN_POINT('',(34.020133460769,0.,47.058840717693));
#723 = SURFACE_CURVE('',#724,(#728,#734),.PCURVE_S1.);
#724 = LINE('',#725,#726);
#725 = CARTESIAN_POINT('',(17.010066730385,0.,47.058840717693));
#726 = VECTOR('',#727,1.);
#727 = DIRECTION('',(1.,0.,0.));
#728 = PCURVE('',#184,#729);
#729 = DEFINITIONAL_REPRESENTATION('',(#730),#733);
#730 = B_SPLINE_CURVE_WITH_KNOTS('',1,(#731,#732),.UNSPECIFIED.,.F.,.F.,
  (2,2),(17.010066730385,21.66785041321),.PIECEWISE_BEZIER_KNOTS.);
#731 = CARTESIAN_POINT('',(47.058840717693,34.020133460769));
#732 = CARTESIAN_POINT('',(47.058840717693,38.677917143595));
#733 = ( GEOMETRIC_REPRESENTATION_CONTEXT(2) 
PARAMETRIC_REPRESENTATION_CONTEXT() REPRESENTATION_CONTEXT('2D SPACE',''
  ) );
#734 = PCURVE('',#735,#740);
#735 = PLANE('',#736);
#736 = AXIS2_PLACEMENT_3D('',#737,#738,#739);
#737 = CARTESIAN_POINT('',(34.020133460769,29.04994148213,
    47.058840717693));
#738 = DIRECTION('',(0.,-0.,1.));
#739 = DIRECTION('',(1.,0.,0.));
#740 = DEFINITIONAL_REPRESENTATION('',(#741),#744);
#741 = B_SPLINE_CURVE_WITH_KNOTS('',1,(#742,#743),.UNSPECIFIED.,.F.,.F.,
  (2,2),(17.010066730385,21.66785041321),.PIECEWISE_BEZIER_KNOTS.);
#742 = CARTESIAN_POINT('',(0.,-29.04994148213));
#743 = CARTESIAN_POINT('',(4.657783682826,-29.04994148213));
#744 = ( GEOMETRIC_REPRESENTATION_CONTEXT(2) 
PARAMETRIC_REPRESENTATION_CONTEXT() REPRESENTATION_CONTEXT('2D SPACE',''
  ) );
#745 = ORIENTED_EDGE('',*,*,#746,.F.);
#746 = EDGE_CURVE('',#747,#721,#749,.T.);
#747 = VERTEX_POINT('',#748);
#748 = CARTESIAN_POINT('',(34.020133460769,0.,32.749405462313));
#749 = SURFACE_CURVE('',#750,(#754,#760),.PCURVE_S1.);
#750 = LINE('',#751,#752);
#751 = CARTESIAN_POINT('',(34.020133460769,0.,16.374702731156));
#752 = VECTOR('',#753,1.);
#753 = DIRECTION('',(0.,0.,1.));
#754 = PCURVE('',#184,#755);
#755 = DEFINITIONAL_REPRESENTATION('',(#756),#759);
#756 = B_SPLINE_CURVE_WITH_KNOTS('',1,(#757,#758),.UNSPECIFIED.,.F.,.F.,
  (2,2),(16.374702731156,30.684137986537),.PIECEWISE_BEZIER_KNOTS.);
#757 = CARTESIAN_POINT('',(32.749405462313,34.020133460769));
#758 = CARTESIAN_POINT('',(47.058840717693,34.020133460769));
#759 = ( GEOMETRIC_REPRESENTATION_CONTEXT(2) 
PARAMETRIC_REPRESENTATION_CONTEXT() REPRESENTATION_CONTEXT('2D SPACE',''
  ) );
#760 = PCURVE('',#761,#766);
#761 = PLANE('',#762);
#762 = AXIS2_PLACEMENT_3D('',#763,#764,#765);
#763 = CARTESIAN_POINT('',(34.020133460769,29.04994148213,
    32.749405462313));
#764 = DIRECTION('',(-1.,-0.,0.));
#765 = DIRECTION('',(0.,0.,1.));
#766 = DEFINITIONAL_REPRESENTATION('',(#767),#770);
#767 = B_SPLINE_CURVE_WITH_KNOTS('',1,(#768,#769),.UNSPECIFIED.,.F.,.F.,
  (2,2),(16.374702731156,30.684137986537),.PIECEWISE_BEZIER_KNOTS.);
#768 = CARTESIAN_POINT('',(0.,-29.04994148213));
#769 = CARTESIAN_POINT('',(14.30943525538,-29.04994148213));
#770 = ( GEOMETRIC_REPRESENTATION_CONTEXT(2) 
PARAMETRIC_REPRESENTATION_CONTEXT() REPRESENTATION_CONTEXT('2D SPACE',''
  ) );
#771 = ORIENTED_EDGE('',*,*,#772,.F.);
#772 = EDGE_CURVE('',#695,#747,#773,.T.);
#773 = SURFACE_CURVE('',#774,(#778,#784),.PCURVE_S1.);
#774 = LINE('',#775,#776);
#775 = CARTESIAN_POINT('',(19.338958571798,0.,32.749405462313));
#776 = VECTOR('',#777,1.);
#777 = DIRECTION('',(-1.,0.,-0.));
#778 = PCURVE('',#184,#779);
#779 = DEFINITIONAL_REPRESENTATION('',(#780),#783);
#780 = B_SPLINE_CURVE_WITH_KNOTS('',1,(#781,#782),.UNSPECIFIED.,.F.,.F.,
  (2,2),(-19.33895857179,-14.68117488897),.PIECEWISE_BEZIER_KNOTS.);
#781 = CARTESIAN_POINT('',(32.749405462313,38.677917143595));
#782 = CARTESIAN_POINT('',(32.749405462313,34.020133460769));
#783 = ( GEOMETRIC_REPRESENTATION_CONTEXT(2) 
PARAMETRIC_REPRESENTATION_CONTEXT() REPRESENTATION_CONTEXT('2D SPACE',''
  ) );
#784 = PCURVE('',#785,#790);
#785 = PLANE('',#786);
#786 = AXIS2_PLACEMENT_3D('',#787,#788,#789);
#787 = CARTESIAN_POINT('',(38.677917143595,29.04994148213,
    32.749405462313));
#788 = DIRECTION('',(0.,0.,-1.));
#789 = DIRECTION('',(-1.,0.,0.));
#790 = DEFINITIONAL_REPRESENTATION('',(#791),#794);
#791 = B_SPLINE_CURVE_WITH_KNOTS('',1,(#792,#793),.UNSPECIFIED.,.F.,.F.,
  (2,2),(-19.33895857179,-14.68117488897),.PIECEWISE_BEZIER_KNOTS.);
#792 = CARTESIAN_POINT('',(0.,-29.04994148213));
#793 = CARTESIAN_POINT('',(4.657783682826,-29.04994148213));
#794 = ( GEOMETRIC_REPRESENTATION_CONTEXT(2) 
PARAMETRIC_REPRESENTATION_CONTEXT() REPRESENTATION_CONTEXT('2D SPACE',''
  ) );
#795 = ADVANCED_FACE('',(#796),#156,.F.);
#796 = FACE_BOUND('',#797,.F.);
#797 = EDGE_LOOP('',(#798,#821,#842,#843));
#798 = ORIENTED_EDGE('',*,*,#799,.T.);
#799 = EDGE_CURVE('',#113,#800,#802,.T.);
#800 = VERTEX_POINT('',#801);
#801 = CARTESIAN_POINT('',(15.230998581807,4.300160331226,
    28.376818702422));
#802 = SURFACE_CURVE('',#803,(#807,#814),.PCURVE_S1.);
#803 = LINE('',#804,#805);
#804 = CARTESIAN_POINT('',(0.,4.300160331226,28.376818702422));
#805 = VECTOR('',#806,1.);
#806 = DIRECTION('',(1.,0.,-0.));
#807 = PCURVE('',#156,#808);
#808 = DEFINITIONAL_REPRESENTATION('',(#809),#813);
#809 = LINE('',#810,#811);
#810 = CARTESIAN_POINT('',(0.,0.));
#811 = VECTOR('',#812,1.);
#812 = DIRECTION('',(0.,-1.));
#813 = ( GEOMETRIC_REPRESENTATION_CONTEXT(2) 
PARAMETRIC_REPRESENTATION_CONTEXT() REPRESENTATION_CONTEXT('2D SPACE',''
  ) );
#814 = PCURVE('',#128,#815);
#815 = DEFINITIONAL_REPRESENTATION('',(#816),#820);
#816 = LINE('',#817,#818);
#817 = CARTESIAN_POINT('',(4.340056279439,0.));
#818 = VECTOR('',#819,1.);
#819 = DIRECTION('',(0.,-1.));
#820 = ( GEOMETRIC_REPRESENTATION_CONTEXT(2) 
PARAMETRIC_REPRESENTATION_CONTEXT() REPRESENTATION_CONTEXT('2D SPACE',''
  ) );
#821 = ORIENTED_EDGE('',*,*,#822,.T.);
#822 = EDGE_CURVE('',#800,#535,#823,.T.);
#823 = SURFACE_CURVE('',#824,(#828,#835),.PCURVE_S1.);
#824 = LINE('',#825,#826);
#825 = CARTESIAN_POINT('',(15.230998581807,4.300160331226,
    28.376818702422));
#826 = VECTOR('',#827,1.);
#827 = DIRECTION('',(0.,-1.,0.));
#828 = PCURVE('',#156,#829);
#829 = DEFINITIONAL_REPRESENTATION('',(#830),#834);
#830 = LINE('',#831,#832);
#831 = CARTESIAN_POINT('',(0.,-15.2309985818));
#832 = VECTOR('',#833,1.);
#833 = DIRECTION('',(1.,0.));
#834 = ( GEOMETRIC_REPRESENTATION_CONTEXT(2) 
PARAMETRIC_REPRESENTATION_CONTEXT() REPRESENTATION_CONTEXT('2D SPACE',''
  ) );
#835 = PCURVE('',#573,#836);
#836 = DEFINITIONAL_REPRESENTATION('',(#837),#841);
#837 = LINE('',#838,#839);
#838 = CARTESIAN_POINT('',(2.17002813972,-2.150080165613));
#839 = VECTOR('',#840,1.);
#840 = DIRECTION('',(0.,1.));
#841 = ( GEOMETRIC_REPRESENTATION_CONTEXT(2) 
PARAMETRIC_REPRESENTATION_CONTEXT() REPRESENTATION_CONTEXT('2D SPACE',''
  ) );
#842 = ORIENTED_EDGE('',*,*,#534,.F.);
#843 = ORIENTED_EDGE('',*,*,#140,.F.);
#844 = ADVANCED_FACE('',(#845),#128,.F.);
#845 = FACE_BOUND('',#846,.F.);
#846 = EDGE_LOOP('',(#847,#870,#891,#892));
#847 = ORIENTED_EDGE('',*,*,#848,.T.);
#848 = EDGE_CURVE('',#85,#849,#851,.T.);
#849 = VERTEX_POINT('',#850);
#850 = CARTESIAN_POINT('',(15.230998581807,4.300160331226,
    32.716874981862));
#851 = SURFACE_CURVE('',#852,(#856,#863),.PCURVE_S1.);
#852 = LINE('',#853,#854);
#853 = CARTESIAN_POINT('',(0.,4.300160331226,32.716874981862));
#854 = VECTOR('',#855,1.);
#855 = DIRECTION('',(1.,0.,-0.));
#856 = PCURVE('',#128,#857);
#857 = DEFINITIONAL_REPRESENTATION('',(#858),#862);
#858 = LINE('',#859,#860);
#859 = CARTESIAN_POINT('',(0.,0.));
#860 = VECTOR('',#861,1.);
#861 = DIRECTION('',(0.,-1.));
#862 = ( GEOMETRIC_REPRESENTATION_CONTEXT(2) 
PARAMETRIC_REPRESENTATION_CONTEXT() REPRESENTATION_CONTEXT('2D SPACE',''
  ) );
#863 = PCURVE('',#100,#864);
#864 = DEFINITIONAL_REPRESENTATION('',(#865),#869);
#865 = LINE('',#866,#867);
#866 = CARTESIAN_POINT('',(-14.64767263013,-10.22481040983));
#867 = VECTOR('',#868,1.);
#868 = DIRECTION('',(1.,0.));
#869 = ( GEOMETRIC_REPRESENTATION_CONTEXT(2) 
PARAMETRIC_REPRESENTATION_CONTEXT() REPRESENTATION_CONTEXT('2D SPACE',''
  ) );
#870 = ORIENTED_EDGE('',*,*,#871,.T.);
#871 = EDGE_CURVE('',#849,#800,#872,.T.);
#872 = SURFACE_CURVE('',#873,(#877,#884),.PCURVE_S1.);
#873 = LINE('',#874,#875);
#874 = CARTESIAN_POINT('',(15.230998581807,4.300160331226,
    32.716874981862));
#875 = VECTOR('',#876,1.);
#876 = DIRECTION('',(0.,0.,-1.));
#877 = PCURVE('',#128,#878);
#878 = DEFINITIONAL_REPRESENTATION('',(#879),#883);
#879 = LINE('',#880,#881);
#880 = CARTESIAN_POINT('',(0.,-15.2309985818));
#881 = VECTOR('',#882,1.);
#882 = DIRECTION('',(1.,0.));
#883 = ( GEOMETRIC_REPRESENTATION_CONTEXT(2) 
PARAMETRIC_REPRESENTATION_CONTEXT() REPRESENTATION_CONTEXT('2D SPACE',''
  ) );
#884 = PCURVE('',#573,#885);
#885 = DEFINITIONAL_REPRESENTATION('',(#886),#890);
#886 = LINE('',#887,#888);
#887 = CARTESIAN_POINT('',(-2.17002813972,-2.150080165613));
#888 = VECTOR('',#889,1.);
#889 = DIRECTION('',(1.,0.));
#890 = ( GEOMETRIC_REPRESENTATION_CONTEXT(2) 
PARAMETRIC_REPRESENTATION_CONTEXT() REPRESENTATION_CONTEXT('2D SPACE',''
  ) );
#891 = ORIENTED_EDGE('',*,*,#799,.F.);
#892 = ORIENTED_EDGE('',*,*,#112,.F.);
#893 = ADVANCED_FACE('',(#894),#100,.T.);
#894 = FACE_BOUND('',#895,.T.);
#895 = EDGE_LOOP('',(#896,#926,#947,#948,#949,#970,#971));
#896 = ORIENTED_EDGE('',*,*,#897,.T.);
#897 = EDGE_CURVE('',#898,#900,#902,.T.);
#898 = VERTEX_POINT('',#899);
#899 = CARTESIAN_POINT('',(36.314997461718,14.524970741065,
    32.716874981862));
#900 = VERTEX_POINT('',#901);
#901 = CARTESIAN_POINT('',(21.599111155495,29.04994148213,
    32.716874981862));
#902 = SURFACE_CURVE('',#903,(#907,#914),.PCURVE_S1.);
#903 = LINE('',#904,#905);
#904 = CARTESIAN_POINT('',(36.314997461718,14.524970741065,
    32.716874981862));
#905 = VECTOR('',#906,1.);
#906 = DIRECTION('',(-0.711708360502,0.702475059765,0.));
#907 = PCURVE('',#100,#908);
#908 = DEFINITIONAL_REPRESENTATION('',(#909),#913);
#909 = LINE('',#910,#911);
#910 = CARTESIAN_POINT('',(21.667324831581,0.));
#911 = VECTOR('',#912,1.);
#912 = DIRECTION('',(-0.711708360502,0.702475059765));
#913 = ( GEOMETRIC_REPRESENTATION_CONTEXT(2) 
PARAMETRIC_REPRESENTATION_CONTEXT() REPRESENTATION_CONTEXT('2D SPACE',''
  ) );
#914 = PCURVE('',#915,#920);
#915 = PLANE('',#916);
#916 = AXIS2_PLACEMENT_3D('',#917,#918,#919);
#917 = CARTESIAN_POINT('',(36.314997461718,14.524970741065,
    66.953630124403));
#918 = DIRECTION('',(0.702475059765,0.711708360502,-0.));
#919 = DIRECTION('',(-0.711708360502,0.702475059765,0.));
#920 = DEFINITIONAL_REPRESENTATION('',(#921),#925);
#921 = LINE('',#922,#923);
#922 = CARTESIAN_POINT('',(0.,-34.23675514254));
#923 = VECTOR('',#924,1.);
#924 = DIRECTION('',(1.,0.));
#925 = ( GEOMETRIC_REPRESENTATION_CONTEXT(2) 
PARAMETRIC_REPRESENTATION_CONTEXT() REPRESENTATION_CONTEXT('2D SPACE',''
  ) );
#926 = ORIENTED_EDGE('',*,*,#927,.T.);
#927 = EDGE_CURVE('',#900,#57,#928,.T.);
#928 = SURFACE_CURVE('',#929,(#933,#940),.PCURVE_S1.);
#929 = LINE('',#930,#931);
#930 = CARTESIAN_POINT('',(21.599111155495,29.04994148213,
    32.716874981862));
#931 = VECTOR('',#932,1.);
#932 = DIRECTION('',(-1.,0.,0.));
#933 = PCURVE('',#100,#934);
#934 = DEFINITIONAL_REPRESENTATION('',(#935),#939);
#935 = LINE('',#936,#937);
#936 = CARTESIAN_POINT('',(6.951438525359,14.524970741065));
#937 = VECTOR('',#938,1.);
#938 = DIRECTION('',(-1.,0.));
#939 = ( GEOMETRIC_REPRESENTATION_CONTEXT(2) 
PARAMETRIC_REPRESENTATION_CONTEXT() REPRESENTATION_CONTEXT('2D SPACE',''
  ) );
#940 = PCURVE('',#72,#941);
#941 = DEFINITIONAL_REPRESENTATION('',(#942),#946);
#942 = LINE('',#943,#944);
#943 = CARTESIAN_POINT('',(32.716874981862,21.599111155495));
#944 = VECTOR('',#945,1.);
#945 = DIRECTION('',(0.,-1.));
#946 = ( GEOMETRIC_REPRESENTATION_CONTEXT(2) 
PARAMETRIC_REPRESENTATION_CONTEXT() REPRESENTATION_CONTEXT('2D SPACE',''
  ) );
#947 = ORIENTED_EDGE('',*,*,#84,.T.);
#948 = ORIENTED_EDGE('',*,*,#848,.T.);
#949 = ORIENTED_EDGE('',*,*,#950,.F.);
#950 = EDGE_CURVE('',#558,#849,#951,.T.);
#951 = SURFACE_CURVE('',#952,(#956,#963),.PCURVE_S1.);
#952 = LINE('',#953,#954);
#953 = CARTESIAN_POINT('',(15.230998581807,0.,32.716874981862));
#954 = VECTOR('',#955,1.);
#955 = DIRECTION('',(0.,1.,0.));
#956 = PCURVE('',#100,#957);
#957 = DEFINITIONAL_REPRESENTATION('',(#958),#962);
#958 = LINE('',#959,#960);
#959 = CARTESIAN_POINT('',(0.583325951671,-14.52497074106));
#960 = VECTOR('',#961,1.);
#961 = DIRECTION('',(0.,1.));
#962 = ( GEOMETRIC_REPRESENTATION_CONTEXT(2) 
PARAMETRIC_REPRESENTATION_CONTEXT() REPRESENTATION_CONTEXT('2D SPACE',''
  ) );
#963 = PCURVE('',#573,#964);
#964 = DEFINITIONAL_REPRESENTATION('',(#965),#969);
#965 = LINE('',#966,#967);
#966 = CARTESIAN_POINT('',(-2.17002813972,2.150080165613));
#967 = VECTOR('',#968,1.);
#968 = DIRECTION('',(0.,-1.));
#969 = ( GEOMETRIC_REPRESENTATION_CONTEXT(2) 
PARAMETRIC_REPRESENTATION_CONTEXT() REPRESENTATION_CONTEXT('2D SPACE',''
  ) );
#970 = ORIENTED_EDGE('',*,*,#585,.T.);
#971 = ORIENTED_EDGE('',*,*,#972,.T.);
#972 = EDGE_CURVE('',#586,#898,#973,.T.);
#973 = SURFACE_CURVE('',#974,(#978,#985),.PCURVE_S1.);
#974 = LINE('',#975,#976);
#975 = CARTESIAN_POINT('',(21.599111155495,0.,32.716874981862));
#976 = VECTOR('',#977,1.);
#977 = DIRECTION('',(0.711708360502,0.702475059765,0.));
#978 = PCURVE('',#100,#979);
#979 = DEFINITIONAL_REPRESENTATION('',(#980),#984);
#980 = LINE('',#981,#982);
#981 = CARTESIAN_POINT('',(6.951438525359,-14.52497074106));
#982 = VECTOR('',#983,1.);
#983 = DIRECTION('',(0.711708360502,0.702475059765));
#984 = ( GEOMETRIC_REPRESENTATION_CONTEXT(2) 
PARAMETRIC_REPRESENTATION_CONTEXT() REPRESENTATION_CONTEXT('2D SPACE',''
  ) );
#985 = PCURVE('',#624,#986);
#986 = DEFINITIONAL_REPRESENTATION('',(#987),#991);
#987 = LINE('',#988,#989);
#988 = CARTESIAN_POINT('',(0.,-34.23675514254));
#989 = VECTOR('',#990,1.);
#990 = DIRECTION('',(1.,0.));
#991 = ( GEOMETRIC_REPRESENTATION_CONTEXT(2) 
PARAMETRIC_REPRESENTATION_CONTEXT() REPRESENTATION_CONTEXT('2D SPACE',''
  ) );
#992 = ADVANCED_FACE('',(#993,#1088,#1202,#1372),#72,.T.);
#993 = FACE_BOUND('',#994,.T.);
#994 = EDGE_LOOP('',(#995,#1018,#1019,#1020,#1021,#1044,#1067));
#995 = ORIENTED_EDGE('',*,*,#996,.F.);
#996 = EDGE_CURVE('',#278,#997,#999,.T.);
#997 = VERTEX_POINT('',#998);
#998 = CARTESIAN_POINT('',(42.45488873757,29.04994148213,0.));
#999 = SURFACE_CURVE('',#1000,(#1004,#1011),.PCURVE_S1.);
#1000 = LINE('',#1001,#1002);
#1001 = CARTESIAN_POINT('',(0.,29.04994148213,0.));
#1002 = VECTOR('',#1003,1.);
#1003 = DIRECTION('',(1.,0.,-0.));
#1004 = PCURVE('',#72,#1005);
#1005 = DEFINITIONAL_REPRESENTATION('',(#1006),#1010);
#1006 = LINE('',#1007,#1008);
#1007 = CARTESIAN_POINT('',(0.,0.));
#1008 = VECTOR('',#1009,1.);
#1009 = DIRECTION('',(0.,1.));
#1010 = ( GEOMETRIC_REPRESENTATION_CONTEXT(2) 
PARAMETRIC_REPRESENTATION_CONTEXT() REPRESENTATION_CONTEXT('2D SPACE',''
  ) );
#1011 = PCURVE('',#293,#1012);
#1012 = DEFINITIONAL_REPRESENTATION('',(#1013),#1017);
#1013 = LINE('',#1014,#1015);
#1014 = CARTESIAN_POINT('',(0.,29.04994148213));
#1015 = VECTOR('',#1016,1.);
#1016 = DIRECTION('',(1.,0.));
#1017 = ( GEOMETRIC_REPRESENTATION_CONTEXT(2) 
PARAMETRIC_REPRESENTATION_CONTEXT() REPRESENTATION_CONTEXT('2D SPACE',''
  ) );
#1018 = ORIENTED_EDGE('',*,*,#305,.F.);
#1019 = ORIENTED_EDGE('',*,*,#56,.T.);
#1020 = ORIENTED_EDGE('',*,*,#927,.F.);
#1021 = ORIENTED_EDGE('',*,*,#1022,.F.);
#1022 = EDGE_CURVE('',#1023,#900,#1025,.T.);
#1023 = VERTEX_POINT('',#1024);
#1024 = CARTESIAN_POINT('',(21.599111155495,29.04994148213,
    66.953630124403));
#1025 = SURFACE_CURVE('',#1026,(#1030,#1037),.PCURVE_S1.);
#1026 = LINE('',#1027,#1028);
#1027 = CARTESIAN_POINT('',(21.599111155495,29.04994148213,
    66.953630124403));
#1028 = VECTOR('',#1029,1.);
#1029 = DIRECTION('',(-0.,-0.,-1.));
#1030 = PCURVE('',#72,#1031);
#1031 = DEFINITIONAL_REPRESENTATION('',(#1032),#1036);
#1032 = LINE('',#1033,#1034);
#1033 = CARTESIAN_POINT('',(66.953630124403,21.599111155495));
#1034 = VECTOR('',#1035,1.);
#1035 = DIRECTION('',(-1.,0.));
#1036 = ( GEOMETRIC_REPRESENTATION_CONTEXT(2) 
PARAMETRIC_REPRESENTATION_CONTEXT() REPRESENTATION_CONTEXT('2D SPACE',''
  ) );
#1037 = PCURVE('',#915,#1038);
#1038 = DEFINITIONAL_REPRESENTATION('',(#1039),#1043);
#1039 = LINE('',#1040,#1041);
#1040 = CARTESIAN_POINT('',(20.676849005747,0.));
#1041 = VECTOR('',#1042,1.);
#1042 = DIRECTION('',(0.,-1.));
#1043 = ( GEOMETRIC_REPRESENTATION_CONTEXT(2) 
PARAMETRIC_REPRESENTATION_CONTEXT() REPRESENTATION_CONTEXT('2D SPACE',''
  ) );
#1044 = ORIENTED_EDGE('',*,*,#1045,.T.);
#1045 = EDGE_CURVE('',#1023,#1046,#1048,.T.);
#1046 = VERTEX_POINT('',#1047);
#1047 = CARTESIAN_POINT('',(42.45488873757,29.04994148213,
    66.953630124403));
#1048 = SURFACE_CURVE('',#1049,(#1053,#1060),.PCURVE_S1.);
#1049 = LINE('',#1050,#1051);
#1050 = CARTESIAN_POINT('',(0.,29.04994148213,66.953630124403));
#1051 = VECTOR('',#1052,1.);
#1052 = DIRECTION('',(1.,0.,-0.));
#1053 = PCURVE('',#72,#1054);
#1054 = DEFINITIONAL_REPRESENTATION('',(#1055),#1059);
#1055 = LINE('',#1056,#1057);
#1056 = CARTESIAN_POINT('',(66.953630124403,0.));
#1057 = VECTOR('',#1058,1.);
#1058 = DIRECTION('',(0.,1.));
#1059 = ( GEOMETRIC_REPRESENTATION_CONTEXT(2) 
PARAMETRIC_REPRESENTATION_CONTEXT() REPRESENTATION_CONTEXT('2D SPACE',''
  ) );
#1060 = PCURVE('',#652,#1061);
#1061 = DEFINITIONAL_REPRESENTATION('',(#1062),#1066);
#1062 = LINE('',#1063,#1064);
#1063 = CARTESIAN_POINT('',(0.,29.04994148213));
#1064 = VECTOR('',#1065,1.);
#1065 = DIRECTION('',(1.,0.));
#1066 = ( GEOMETRIC_REPRESENTATION_CONTEXT(2) 
PARAMETRIC_REPRESENTATION_CONTEXT() REPRESENTATION_CONTEXT('2D SPACE',''
  ) );
#1067 = ORIENTED_EDGE('',*,*,#1068,.F.);
#1068 = EDGE_CURVE('',#997,#1046,#1069,.T.);
#1069 = SURFACE_CURVE('',#1070,(#1074,#1081),.PCURVE_S1.);
#1070 = LINE('',#1071,#1072);
#1071 = CARTESIAN_POINT('',(42.45488873757,29.04994148213,0.));
#1072 = VECTOR('',#1073,1.);
#1073 = DIRECTION('',(0.,0.,1.));
#1074 = PCURVE('',#72,#1075);
#1075 = DEFINITIONAL_REPRESENTATION('',(#1076),#1080);
#1076 = LINE('',#1077,#1078);
#1077 = CARTESIAN_POINT('',(0.,42.45488873757));
#1078 = VECTOR('',#1079,1.);
#1079 = DIRECTION('',(1.,0.));
#1080 = ( GEOMETRIC_REPRESENTATION_CONTEXT(2) 
PARAMETRIC_REPRESENTATION_CONTEXT() REPRESENTATION_CONTEXT('2D SPACE',''
  ) );
#1081 = PCURVE('',#678,#1082);
#1082 = DEFINITIONAL_REPRESENTATION('',(#1083),#1087);
#1083 = LINE('',#1084,#1085);
#1084 = CARTESIAN_POINT('',(0.,-29.04994148213));
#1085 = VECTOR('',#1086,1.);
#1086 = DIRECTION('',(1.,0.));
#1087 = ( GEOMETRIC_REPRESENTATION_CONTEXT(2) 
PARAMETRIC_REPRESENTATION_CONTEXT() REPRESENTATION_CONTEXT('2D SPACE',''
  ) );
#1088 = FACE_BOUND('',#1089,.T.);
#1089 = EDGE_LOOP('',(#1090,#1120,#1148,#1176));
#1090 = ORIENTED_EDGE('',*,*,#1091,.F.);
#1091 = EDGE_CURVE('',#1092,#1094,#1096,.T.);
#1092 = VERTEX_POINT('',#1093);
#1093 = CARTESIAN_POINT('',(11.612295528861,29.04994148213,
    13.249739196456));
#1094 = VERTEX_POINT('',#1095);
#1095 = CARTESIAN_POINT('',(8.159903394386,29.04994148213,
    23.792759566964));
#1096 = SURFACE_CURVE('',#1097,(#1101,#1108),.PCURVE_S1.);
#1097 = LINE('',#1098,#1099);
#1098 = CARTESIAN_POINT('',(11.612295528861,29.04994148213,
    13.249739196456));
#1099 = VECTOR('',#1100,1.);
#1100 = DIRECTION('',(-0.311197750479,0.,0.950345179446));
#1101 = PCURVE('',#72,#1102);
#1102 = DEFINITIONAL_REPRESENTATION('',(#1103),#1107);
#1103 = LINE('',#1104,#1105);
#1104 = CARTESIAN_POINT('',(13.249739196456,11.612295528861));
#1105 = VECTOR('',#1106,1.);
#1106 = DIRECTION('',(0.950345179446,-0.311197750479));
#1107 = ( GEOMETRIC_REPRESENTATION_CONTEXT(2) 
PARAMETRIC_REPRESENTATION_CONTEXT() REPRESENTATION_CONTEXT('2D SPACE',''
  ) );
#1108 = PCURVE('',#1109,#1114);
#1109 = PLANE('',#1110);
#1110 = AXIS2_PLACEMENT_3D('',#1111,#1112,#1113);
#1111 = CARTESIAN_POINT('',(11.612295528861,29.04994148213,
    13.249739196456));
#1112 = DIRECTION('',(-0.950345179446,0.,-0.311197750479));
#1113 = DIRECTION('',(-0.311197750479,0.,0.950345179446));
#1114 = DEFINITIONAL_REPRESENTATION('',(#1115),#1119);
#1115 = LINE('',#1116,#1117);
#1116 = CARTESIAN_POINT('',(0.,0.));
#1117 = VECTOR('',#1118,1.);
#1118 = DIRECTION('',(1.,0.));
#1119 = ( GEOMETRIC_REPRESENTATION_CONTEXT(2) 
PARAMETRIC_REPRESENTATION_CONTEXT() REPRESENTATION_CONTEXT('2D SPACE',''
  ) );
#1120 = ORIENTED_EDGE('',*,*,#1121,.F.);
#1121 = EDGE_CURVE('',#1122,#1092,#1124,.T.);
#1122 = VERTEX_POINT('',#1123);
#1123 = CARTESIAN_POINT('',(16.607993608248,29.04994148213,
    14.88561849379));
#1124 = SURFACE_CURVE('',#1125,(#1129,#1136),.PCURVE_S1.);
#1125 = LINE('',#1126,#1127);
#1126 = CARTESIAN_POINT('',(16.607993608248,29.04994148213,
    14.88561849379));
#1127 = VECTOR('',#1128,1.);
#1128 = DIRECTION('',(-0.950345179446,0.,-0.311197750479));
#1129 = PCURVE('',#72,#1130);
#1130 = DEFINITIONAL_REPRESENTATION('',(#1131),#1135);
#1131 = LINE('',#1132,#1133);
#1132 = CARTESIAN_POINT('',(14.88561849379,16.607993608248));
#1133 = VECTOR('',#1134,1.);
#1134 = DIRECTION('',(-0.311197750479,-0.950345179446));
#1135 = ( GEOMETRIC_REPRESENTATION_CONTEXT(2) 
PARAMETRIC_REPRESENTATION_CONTEXT() REPRESENTATION_CONTEXT('2D SPACE',''
  ) );
#1136 = PCURVE('',#1137,#1142);
#1137 = PLANE('',#1138);
#1138 = AXIS2_PLACEMENT_3D('',#1139,#1140,#1141);
#1139 = CARTESIAN_POINT('',(16.607993608248,29.04994148213,
    14.88561849379));
#1140 = DIRECTION('',(0.311197750479,0.,-0.950345179446));
#1141 = DIRECTION('',(-0.950345179446,0.,-0.311197750479));
#1142 = DEFINITIONAL_REPRESENTATION('',(#1143),#1147);
#1143 = LINE('',#1144,#1145);
#1144 = CARTESIAN_POINT('',(0.,0.));
#1145 = VECTOR('',#1146,1.);
#1146 = DIRECTION('',(1.,0.));
#1147 = ( GEOMETRIC_REPRESENTATION_CONTEXT(2) 
PARAMETRIC_REPRESENTATION_CONTEXT() REPRESENTATION_CONTEXT('2D SPACE',''
  ) );
#1148 = ORIENTED_EDGE('',*,*,#1149,.F.);
#1149 = EDGE_CURVE('',#1150,#1122,#1152,.T.);
#1150 = VERTEX_POINT('',#1151);
#1151 = CARTESIAN_POINT('',(13.155601473772,29.04994148213,
    25.428638864298));
#1152 = SURFACE_CURVE('',#1153,(#1157,#1164),.PCURVE_S1.);
#1153 = LINE('',#1154,#1155);
#1154 = CARTESIAN_POINT('',(13.155601473772,29.04994148213,
    25.428638864298));
#1155 = VECTOR('',#1156,1.);
#1156 = DIRECTION('',(0.311197750479,0.,-0.950345179446));
#1157 = PCURVE('',#72,#1158);
#1158 = DEFINITIONAL_REPRESENTATION('',(#1159),#1163);
#1159 = LINE('',#1160,#1161);
#1160 = CARTESIAN_POINT('',(25.428638864298,13.155601473772));
#1161 = VECTOR('',#1162,1.);
#1162 = DIRECTION('',(-0.950345179446,0.311197750479));
#1163 = ( GEOMETRIC_REPRESENTATION_CONTEXT(2) 
PARAMETRIC_REPRESENTATION_CONTEXT() REPRESENTATION_CONTEXT('2D SPACE',''
  ) );
#1164 = PCURVE('',#1165,#1170);
#1165 = PLANE('',#1166);
#1166 = AXIS2_PLACEMENT_3D('',#1167,#1168,#1169);
#1167 = CARTESIAN_POINT('',(13.155601473772,29.04994148213,
    25.428638864298));
#1168 = DIRECTION('',(0.950345179446,0.,0.311197750479));
#1169 = DIRECTION('',(0.311197750479,0.,-0.950345179446));
#1170 = DEFINITIONAL_REPRESENTATION('',(#1171),#1175);
#1171 = LINE('',#1172,#1173);
#1172 = CARTESIAN_POINT('',(0.,0.));
#1173 = VECTOR('',#1174,1.);
#1174 = DIRECTION('',(1.,0.));
#1175 = ( GEOMETRIC_REPRESENTATION_CONTEXT(2) 
PARAMETRIC_REPRESENTATION_CONTEXT() REPRESENTATION_CONTEXT('2D SPACE',''
  ) );
#1176 = ORIENTED_EDGE('',*,*,#1177,.F.);
#1177 = EDGE_CURVE('',#1094,#1150,#1178,.T.);
#1178 = SURFACE_CURVE('',#1179,(#1183,#1190),.PCURVE_S1.);
#1179 = LINE('',#1180,#1181);
#1180 = CARTESIAN_POINT('',(8.159903394386,29.04994148213,
    23.792759566964));
#1181 = VECTOR('',#1182,1.);
#1182 = DIRECTION('',(0.950345179446,0.,0.311197750479));
#1183 = PCURVE('',#72,#1184);
#1184 = DEFINITIONAL_REPRESENTATION('',(#1185),#1189);
#1185 = LINE('',#1186,#1187);
#1186 = CARTESIAN_POINT('',(23.792759566964,8.159903394386));
#1187 = VECTOR('',#1188,1.);
#1188 = DIRECTION('',(0.311197750479,0.950345179446));
#1189 = ( GEOMETRIC_REPRESENTATION_CONTEXT(2) 
PARAMETRIC_REPRESENTATION_CONTEXT() REPRESENTATION_CONTEXT('2D SPACE',''
  ) );
#1190 = PCURVE('',#1191,#1196);
#1191 = PLANE('',#1192);
#1192 = AXIS2_PLACEMENT_3D('',#1193,#1194,#1195);
#1193 = CARTESIAN_POINT('',(8.159903394386,29.04994148213,
    23.792759566964));
#1194 = DIRECTION('',(-0.311197750479,-0.,0.950345179446));
#1195 = DIRECTION('',(0.950345179446,0.,0.311197750479));
#1196 = DEFINITIONAL_REPRESENTATION('',(#1197),#1201);
#1197 = LINE('',#1198,#1199);
#1198 = CARTESIAN_POINT('',(0.,0.));
#1199 = VECTOR('',#1200,1.);
#1200 = DIRECTION('',(1.,0.));
#1201 = ( GEOMETRIC_REPRESENTATION_CONTEXT(2) 
PARAMETRIC_REPRESENTATION_CONTEXT() REPRESENTATION_CONTEXT('2D SPACE',''
  ) );
#1202 = FACE_BOUND('',#1203,.T.);
#1203 = EDGE_LOOP('',(#1204,#1234,#1262,#1290,#1318,#1346));
#1204 = ORIENTED_EDGE('',*,*,#1205,.F.);
#1205 = EDGE_CURVE('',#1206,#1208,#1210,.T.);
#1206 = VERTEX_POINT('',#1207);
#1207 = CARTESIAN_POINT('',(24.558418988206,29.04994148213,
    4.415144337174));
#1208 = VERTEX_POINT('',#1209);
#1209 = CARTESIAN_POINT('',(24.642277618936,29.04994148213,
    3.418666675582));
#1210 = SURFACE_CURVE('',#1211,(#1215,#1222),.PCURVE_S1.);
#1211 = LINE('',#1212,#1213);
#1212 = CARTESIAN_POINT('',(24.558418988206,29.04994148213,
    4.415144337174));
#1213 = VECTOR('',#1214,1.);
#1214 = DIRECTION('',(8.385863073019E-02,0.,-0.996477661592));
#1215 = PCURVE('',#72,#1216);
#1216 = DEFINITIONAL_REPRESENTATION('',(#1217),#1221);
#1217 = LINE('',#1218,#1219);
#1218 = CARTESIAN_POINT('',(4.415144337174,24.558418988206));
#1219 = VECTOR('',#1220,1.);
#1220 = DIRECTION('',(-0.996477661592,8.385863073019E-02));
#1221 = ( GEOMETRIC_REPRESENTATION_CONTEXT(2) 
PARAMETRIC_REPRESENTATION_CONTEXT() REPRESENTATION_CONTEXT('2D SPACE',''
  ) );
#1222 = PCURVE('',#1223,#1228);
#1223 = PLANE('',#1224);
#1224 = AXIS2_PLACEMENT_3D('',#1225,#1226,#1227);
#1225 = CARTESIAN_POINT('',(24.558418988206,29.04994148213,
    4.415144337174));
#1226 = DIRECTION('',(0.996477661592,0.,8.385863073019E-02));
#1227 = DIRECTION('',(8.385863073019E-02,0.,-0.996477661592));
#1228 = DEFINITIONAL_REPRESENTATION('',(#1229),#1233);
#1229 = LINE('',#1230,#1231);
#1230 = CARTESIAN_POINT('',(0.,0.));
#1231 = VECTOR('',#1232,1.);
#1232 = DIRECTION('',(1.,0.));
#1233 = ( GEOMETRIC_REPRESENTATION_CONTEXT(2) 
PARAMETRIC_REPRESENTATION_CONTEXT() REPRESENTATION_CONTEXT('2D SPACE',''
  ) );
#1234 = ORIENTED_EDGE('',*,*,#1235,.F.);
#1235 = EDGE_CURVE('',#1236,#1206,#1238,.T.);
#1236 = VERTEX_POINT('',#1237);
#1237 = CARTESIAN_POINT('',(23.653514703598,29.04994148213,
    4.840759463431));
#1238 = SURFACE_CURVE('',#1239,(#1243,#1250),.PCURVE_S1.);
#1239 = LINE('',#1240,#1241);
#1240 = CARTESIAN_POINT('',(23.653514703598,29.04994148213,
    4.840759463431));
#1241 = VECTOR('',#1242,1.);
#1242 = DIRECTION('',(0.904904284608,0.,-0.425615126257));
#1243 = PCURVE('',#72,#1244);
#1244 = DEFINITIONAL_REPRESENTATION('',(#1245),#1249);
#1245 = LINE('',#1246,#1247);
#1246 = CARTESIAN_POINT('',(4.840759463431,23.653514703598));
#1247 = VECTOR('',#1248,1.);
#1248 = DIRECTION('',(-0.425615126257,0.904904284608));
#1249 = ( GEOMETRIC_REPRESENTATION_CONTEXT(2) 
PARAMETRIC_REPRESENTATION_CONTEXT() REPRESENTATION_CONTEXT('2D SPACE',''
  ) );
#1250 = PCURVE('',#1251,#1256);
#1251 = PLANE('',#1252);
#1252 = AXIS2_PLACEMENT_3D('',#1253,#1254,#1255);
#1253 = CARTESIAN_POINT('',(23.653514703598,29.04994148213,
    4.840759463431));
#1254 = DIRECTION('',(0.425615126257,0.,0.904904284608));
#1255 = DIRECTION('',(0.904904284608,0.,-0.425615126257));
#1256 = DEFINITIONAL_REPRESENTATION('',(#1257),#1261);
#1257 = LINE('',#1258,#1259);
#1258 = CARTESIAN_POINT('',(0.,0.));
#1259 = VECTOR('',#1260,1.);
#1260 = DIRECTION('',(1.,0.));
#1261 = ( GEOMETRIC_REPRESENTATION_CONTEXT(2) 
PARAMETRIC_REPRESENTATION_CONTEXT() REPRESENTATION_CONTEXT('2D SPACE',''
  ) );
#1262 = ORIENTED_EDGE('',*,*,#1263,.F.);
#1263 = EDGE_CURVE('',#1264,#1236,#1266,.T.);
#1264 = VERTEX_POINT('',#1265);
#1265 = CARTESIAN_POINT('',(22.832469049721,29.04994148213,
    4.269896928096));
#1266 = SURFACE_CURVE('',#1267,(#1271,#1278),.PCURVE_S1.);
#1267 = LINE('',#1268,#1269);
#1268 = CARTESIAN_POINT('',(22.832469049721,29.04994148213,
    4.269896928096));
#1269 = VECTOR('',#1270,1.);
#1270 = DIRECTION('',(0.821045653877,0.,0.570862535335));
#1271 = PCURVE('',#72,#1272);
#1272 = DEFINITIONAL_REPRESENTATION('',(#1273),#1277);
#1273 = LINE('',#1274,#1275);
#1274 = CARTESIAN_POINT('',(4.269896928096,22.832469049721));
#1275 = VECTOR('',#1276,1.);
#1276 = DIRECTION('',(0.570862535335,0.821045653877));
#1277 = ( GEOMETRIC_REPRESENTATION_CONTEXT(2) 
PARAMETRIC_REPRESENTATION_CONTEXT() REPRESENTATION_CONTEXT('2D SPACE',''
  ) );
#1278 = PCURVE('',#1279,#1284);
#1279 = PLANE('',#1280);
#1280 = AXIS2_PLACEMENT_3D('',#1281,#1282,#1283);
#1281 = CARTESIAN_POINT('',(22.832469049721,29.04994148213,
    4.269896928096));
#1282 = DIRECTION('',(-0.570862535335,-0.,0.821045653877));
#1283 = DIRECTION('',(0.821045653877,0.,0.570862535335));
#1284 = DEFINITIONAL_REPRESENTATION('',(#1285),#1289);
#1285 = LINE('',#1286,#1287);
#1286 = CARTESIAN_POINT('',(0.,0.));
#1287 = VECTOR('',#1288,1.);
#1288 = DIRECTION('',(1.,0.));
#1289 = ( GEOMETRIC_REPRESENTATION_CONTEXT(2) 
PARAMETRIC_REPRESENTATION_CONTEXT() REPRESENTATION_CONTEXT('2D SPACE',''
  ) );
#1290 = ORIENTED_EDGE('',*,*,#1291,.F.);
#1291 = EDGE_CURVE('',#1292,#1264,#1294,.T.);
#1292 = VERTEX_POINT('',#1293);
#1293 = CARTESIAN_POINT('',(22.916327680451,29.04994148213,
    3.273419266504));
#1294 = SURFACE_CURVE('',#1295,(#1299,#1306),.PCURVE_S1.);
#1295 = LINE('',#1296,#1297);
#1296 = CARTESIAN_POINT('',(22.916327680451,29.04994148213,
    3.273419266504));
#1297 = VECTOR('',#1298,1.);
#1298 = DIRECTION('',(-8.38586307302E-02,0.,0.996477661592));
#1299 = PCURVE('',#72,#1300);
#1300 = DEFINITIONAL_REPRESENTATION('',(#1301),#1305);
#1301 = LINE('',#1302,#1303);
#1302 = CARTESIAN_POINT('',(3.273419266504,22.916327680451));
#1303 = VECTOR('',#1304,1.);
#1304 = DIRECTION('',(0.996477661592,-8.38586307302E-02));
#1305 = ( GEOMETRIC_REPRESENTATION_CONTEXT(2) 
PARAMETRIC_REPRESENTATION_CONTEXT() REPRESENTATION_CONTEXT('2D SPACE',''
  ) );
#1306 = PCURVE('',#1307,#1312);
#1307 = PLANE('',#1308);
#1308 = AXIS2_PLACEMENT_3D('',#1309,#1310,#1311);
#1309 = CARTESIAN_POINT('',(22.916327680451,29.04994148213,
    3.273419266504));
#1310 = DIRECTION('',(-0.996477661592,0.,-8.38586307302E-02));
#1311 = DIRECTION('',(-8.38586307302E-02,0.,0.996477661592));
#1312 = DEFINITIONAL_REPRESENTATION('',(#1313),#1317);
#1313 = LINE('',#1314,#1315);
#1314 = CARTESIAN_POINT('',(0.,0.));
#1315 = VECTOR('',#1316,1.);
#1316 = DIRECTION('',(1.,0.));
#1317 = ( GEOMETRIC_REPRESENTATION_CONTEXT(2) 
PARAMETRIC_REPRESENTATION_CONTEXT() REPRESENTATION_CONTEXT('2D SPACE',''
  ) );
#1318 = ORIENTED_EDGE('',*,*,#1319,.F.);
#1319 = EDGE_CURVE('',#1320,#1292,#1322,.T.);
#1320 = VERTEX_POINT('',#1321);
#1321 = CARTESIAN_POINT('',(23.821231965058,29.04994148213,
    2.847804140247));
#1322 = SURFACE_CURVE('',#1323,(#1327,#1334),.PCURVE_S1.);
#1323 = LINE('',#1324,#1325);
#1324 = CARTESIAN_POINT('',(23.821231965058,29.04994148213,
    2.847804140247));
#1325 = VECTOR('',#1326,1.);
#1326 = DIRECTION('',(-0.904904284608,0.,0.425615126257));
#1327 = PCURVE('',#72,#1328);
#1328 = DEFINITIONAL_REPRESENTATION('',(#1329),#1333);
#1329 = LINE('',#1330,#1331);
#1330 = CARTESIAN_POINT('',(2.847804140247,23.821231965058));
#1331 = VECTOR('',#1332,1.);
#1332 = DIRECTION('',(0.425615126257,-0.904904284608));
#1333 = ( GEOMETRIC_REPRESENTATION_CONTEXT(2) 
PARAMETRIC_REPRESENTATION_CONTEXT() REPRESENTATION_CONTEXT('2D SPACE',''
  ) );
#1334 = PCURVE('',#1335,#1340);
#1335 = PLANE('',#1336);
#1336 = AXIS2_PLACEMENT_3D('',#1337,#1338,#1339);
#1337 = CARTESIAN_POINT('',(23.821231965058,29.04994148213,
    2.847804140247));
#1338 = DIRECTION('',(-0.425615126257,0.,-0.904904284608));
#1339 = DIRECTION('',(-0.904904284608,0.,0.425615126257));
#1340 = DEFINITIONAL_REPRESENTATION('',(#1341),#1345);
#1341 = LINE('',#1342,#1343);
#1342 = CARTESIAN_POINT('',(0.,0.));
#1343 = VECTOR('',#1344,1.);
#1344 = DIRECTION('',(1.,0.));
#1345 = ( GEOMETRIC_REPRESENTATION_CONTEXT(2) 
PARAMETRIC_REPRESENTATION_CONTEXT() REPRESENTATION_CONTEXT('2D SPACE',''
  ) );
#1346 = ORIENTED_EDGE('',*,*,#1347,.F.);
#1347 = EDGE_CURVE('',#1208,#1320,#1348,.T.);
#1348 = SURFACE_CURVE('',#1349,(#1353,#1360),.PCURVE_S1.);
#1349 = LINE('',#1350,#1351);
#1350 = CARTESIAN_POINT('',(24.642277618936,29.04994148213,
    3.418666675582));
#1351 = VECTOR('',#1352,1.);
#1352 = DIRECTION('',(-0.821045653877,0.,-0.570862535335));
#1353 = PCURVE('',#72,#1354);
#1354 = DEFINITIONAL_REPRESENTATION('',(#1355),#1359);
#1355 = LINE('',#1356,#1357);
#1356 = CARTESIAN_POINT('',(3.418666675582,24.642277618936));
#1357 = VECTOR('',#1358,1.);
#1358 = DIRECTION('',(-0.570862535335,-0.821045653877));
#1359 = ( GEOMETRIC_REPRESENTATION_CONTEXT(2) 
PARAMETRIC_REPRESENTATION_CONTEXT() REPRESENTATION_CONTEXT('2D SPACE',''
  ) );
#1360 = PCURVE('',#1361,#1366);
#1361 = PLANE('',#1362);
#1362 = AXIS2_PLACEMENT_3D('',#1363,#1364,#1365);
#1363 = CARTESIAN_POINT('',(24.642277618936,29.04994148213,
    3.418666675582));
#1364 = DIRECTION('',(0.570862535335,0.,-0.821045653877));
#1365 = DIRECTION('',(-0.821045653877,0.,-0.570862535335));
#1366 = DEFINITIONAL_REPRESENTATION('',(#1367),#1371);
#1367 = LINE('',#1368,#1369);
#1368 = CARTESIAN_POINT('',(0.,0.));
#1369 = VECTOR('',#1370,1.);
#1370 = DIRECTION('',(1.,0.));
#1371 = ( GEOMETRIC_REPRESENTATION_CONTEXT(2) 
PARAMETRIC_REPRESENTATION_CONTEXT() REPRESENTATION_CONTEXT('2D SPACE',''
  ) );
#1372 = FACE_BOUND('',#1373,.T.);
#1373 = EDGE_LOOP('',(#1374,#1399,#1422,#1450));
#1374 = ORIENTED_EDGE('',*,*,#1375,.F.);
#1375 = EDGE_CURVE('',#1376,#1378,#1380,.T.);
#1376 = VERTEX_POINT('',#1377);
#1377 = CARTESIAN_POINT('',(38.677917143595,29.04994148213,
    47.058840717693));
#1378 = VERTEX_POINT('',#1379);
#1379 = CARTESIAN_POINT('',(38.677917143595,29.04994148213,
    32.749405462313));
#1380 = SURFACE_CURVE('',#1381,(#1385,#1392),.PCURVE_S1.);
#1381 = LINE('',#1382,#1383);
#1382 = CARTESIAN_POINT('',(38.677917143595,29.04994148213,
    47.058840717693));
#1383 = VECTOR('',#1384,1.);
#1384 = DIRECTION('',(0.,0.,-1.));
#1385 = PCURVE('',#72,#1386);
#1386 = DEFINITIONAL_REPRESENTATION('',(#1387),#1391);
#1387 = LINE('',#1388,#1389);
#1388 = CARTESIAN_POINT('',(47.058840717693,38.677917143595));
#1389 = VECTOR('',#1390,1.);
#1390 = DIRECTION('',(-1.,0.));
#1391 = ( GEOMETRIC_REPRESENTATION_CONTEXT(2) 
PARAMETRIC_REPRESENTATION_CONTEXT() REPRESENTATION_CONTEXT('2D SPACE',''
  ) );
#1392 = PCURVE('',#709,#1393);
#1393 = DEFINITIONAL_REPRESENTATION('',(#1394),#1398);
#1394 = LINE('',#1395,#1396);
#1395 = CARTESIAN_POINT('',(0.,0.));
#1396 = VECTOR('',#1397,1.);
#1397 = DIRECTION('',(1.,0.));
#1398 = ( GEOMETRIC_REPRESENTATION_CONTEXT(2) 
PARAMETRIC_REPRESENTATION_CONTEXT() REPRESENTATION_CONTEXT('2D SPACE',''
  ) );
#1399 = ORIENTED_EDGE('',*,*,#1400,.F.);
#1400 = EDGE_CURVE('',#1401,#1376,#1403,.T.);
#1401 = VERTEX_POINT('',#1402);
#1402 = CARTESIAN_POINT('',(34.020133460769,29.04994148213,
    47.058840717693));
#1403 = SURFACE_CURVE('',#1404,(#1408,#1415),.PCURVE_S1.);
#1404 = LINE('',#1405,#1406);
#1405 = CARTESIAN_POINT('',(34.020133460769,29.04994148213,
    47.058840717693));
#1406 = VECTOR('',#1407,1.);
#1407 = DIRECTION('',(1.,0.,0.));
#1408 = PCURVE('',#72,#1409);
#1409 = DEFINITIONAL_REPRESENTATION('',(#1410),#1414);
#1410 = LINE('',#1411,#1412);
#1411 = CARTESIAN_POINT('',(47.058840717693,34.020133460769));
#1412 = VECTOR('',#1413,1.);
#1413 = DIRECTION('',(0.,1.));
#1414 = ( GEOMETRIC_REPRESENTATION_CONTEXT(2) 
PARAMETRIC_REPRESENTATION_CONTEXT() REPRESENTATION_CONTEXT('2D SPACE',''
  ) );
#1415 = PCURVE('',#735,#1416);
#1416 = DEFINITIONAL_REPRESENTATION('',(#1417),#1421);
#1417 = LINE('',#1418,#1419);
#1418 = CARTESIAN_POINT('',(0.,0.));
#1419 = VECTOR('',#1420,1.);
#1420 = DIRECTION('',(1.,0.));
#1421 = ( GEOMETRIC_REPRESENTATION_CONTEXT(2) 
PARAMETRIC_REPRESENTATION_CONTEXT() REPRESENTATION_CONTEXT('2D SPACE',''
  ) );
#1422 = ORIENTED_EDGE('',*,*,#1423,.F.);
#1423 = EDGE_CURVE('',#1424,#1401,#1426,.T.);
#1424 = VERTEX_POINT('',#1425);
#1425 = CARTESIAN_POINT('',(34.020133460769,29.04994148213,
    32.749405462313));
#1426 = SURFACE_CURVE('',#1427,(#1431,#1438),.PCURVE_S1.);
#1427 = LINE('',#1428,#1429);
#1428 = CARTESIAN_POINT('',(34.020133460769,29.04994148213,
    32.749405462313));
#1429 = VECTOR('',#1430,1.);
#1430 = DIRECTION('',(0.,0.,1.));
#1431 = PCURVE('',#72,#1432);
#1432 = DEFINITIONAL_REPRESENTATION('',(#1433),#1437);
#1433 = LINE('',#1434,#1435);
#1434 = CARTESIAN_POINT('',(32.749405462313,34.020133460769));
#1435 = VECTOR('',#1436,1.);
#1436 = DIRECTION('',(1.,0.));
#1437 = ( GEOMETRIC_REPRESENTATION_CONTEXT(2) 
PARAMETRIC_REPRESENTATION_CONTEXT() REPRESENTATION_CONTEXT('2D SPACE',''
  ) );
#1438 = PCURVE('',#1439,#1444);
#1439 = PLANE('',#1440);
#1440 = AXIS2_PLACEMENT_3D('',#1441,#1442,#1443);
#1441 = CARTESIAN_POINT('',(34.020133460769,29.04994148213,
    32.749405462313));
#1442 = DIRECTION('',(-1.,-0.,0.));
#1443 = DIRECTION('',(0.,0.,1.));
#1444 = DEFINITIONAL_REPRESENTATION('',(#1445),#1449);
#1445 = LINE('',#1446,#1447);
#1446 = CARTESIAN_POINT('',(0.,0.));
#1447 = VECTOR('',#1448,1.);
#1448 = DIRECTION('',(1.,0.));
#1449 = ( GEOMETRIC_REPRESENTATION_CONTEXT(2) 
PARAMETRIC_REPRESENTATION_CONTEXT() REPRESENTATION_CONTEXT('2D SPACE',''
  ) );
#1450 = ORIENTED_EDGE('',*,*,#1451,.F.);
#1451 = EDGE_CURVE('',#1378,#1424,#1452,.T.);
#1452 = SURFACE_CURVE('',#1453,(#1457,#1464),.PCURVE_S1.);
#1453 = LINE('',#1454,#1455);
#1454 = CARTESIAN_POINT('',(38.677917143595,29.04994148213,
    32.749405462313));
#1455 = VECTOR('',#1456,1.);
#1456 = DIRECTION('',(-1.,0.,0.));
#1457 = PCURVE('',#72,#1458);
#1458 = DEFINITIONAL_REPRESENTATION('',(#1459),#1463);
#1459 = LINE('',#1460,#1461);
#1460 = CARTESIAN_POINT('',(32.749405462313,38.677917143595));
#1461 = VECTOR('',#1462,1.);
#1462 = DIRECTION('',(0.,-1.));
#1463 = ( GEOMETRIC_REPRESENTATION_CONTEXT(2) 
PARAMETRIC_REPRESENTATION_CONTEXT() REPRESENTATION_CONTEXT('2D SPACE',''
  ) );
#1464 = PCURVE('',#785,#1465);
#1465 = DEFINITIONAL_REPRESENTATION('',(#1466),#1470);
#1466 = LINE('',#1467,#1468);
#1467 = CARTESIAN_POINT('',(0.,0.));
#1468 = VECTOR('',#1469,1.);
#1469 = DIRECTION('',(1.,0.));
#1470 = ( GEOMETRIC_REPRESENTATION_CONTEXT(2) 
PARAMETRIC_REPRESENTATION_CONTEXT() REPRESENTATION_CONTEXT('2D SPACE',''
  ) );
#1471 = ADVANCED_FACE('',(#1472),#293,.F.);
#1472 = FACE_BOUND('',#1473,.F.);
#1473 = EDGE_LOOP('',(#1474,#1495,#1496,#1517,#1518,#1519));
#1474 = ORIENTED_EDGE('',*,*,#1475,.T.);
#1475 = EDGE_CURVE('',#331,#487,#1476,.T.);
#1476 = SURFACE_CURVE('',#1477,(#1481,#1488),.PCURVE_S1.);
#1477 = LINE('',#1478,#1479);
#1478 = CARTESIAN_POINT('',(2.19389118154,8.625311646426,0.));
#1479 = VECTOR('',#1480,1.);
#1480 = DIRECTION('',(0.,-1.,0.));
#1481 = PCURVE('',#293,#1482);
#1482 = DEFINITIONAL_REPRESENTATION('',(#1483),#1487);
#1483 = LINE('',#1484,#1485);
#1484 = CARTESIAN_POINT('',(2.19389118154,8.625311646426));
#1485 = VECTOR('',#1486,1.);
#1486 = DIRECTION('',(0.,-1.));
#1487 = ( GEOMETRIC_REPRESENTATION_CONTEXT(2) 
PARAMETRIC_REPRESENTATION_CONTEXT() REPRESENTATION_CONTEXT('2D SPACE',''
  ) );
#1488 = PCURVE('',#369,#1489);
#1489 = DEFINITIONAL_REPRESENTATION('',(#1490),#1494);
#1490 = LINE('',#1491,#1492);
#1491 = CARTESIAN_POINT('',(5.432399064028,-4.821477358123));
#1492 = VECTOR('',#1493,1.);
#1493 = DIRECTION('',(0.,1.));
#1494 = ( GEOMETRIC_REPRESENTATION_CONTEXT(2) 
PARAMETRIC_REPRESENTATION_CONTEXT() REPRESENTATION_CONTEXT('2D SPACE',''
  ) );
#1495 = ORIENTED_EDGE('',*,*,#486,.T.);
#1496 = ORIENTED_EDGE('',*,*,#1497,.T.);
#1497 = EDGE_CURVE('',#489,#997,#1498,.T.);
#1498 = SURFACE_CURVE('',#1499,(#1503,#1510),.PCURVE_S1.);
#1499 = LINE('',#1500,#1501);
#1500 = CARTESIAN_POINT('',(42.45488873757,0.,0.));
#1501 = VECTOR('',#1502,1.);
#1502 = DIRECTION('',(-0.,1.,0.));
#1503 = PCURVE('',#293,#1504);
#1504 = DEFINITIONAL_REPRESENTATION('',(#1505),#1509);
#1505 = LINE('',#1506,#1507);
#1506 = CARTESIAN_POINT('',(42.45488873757,0.));
#1507 = VECTOR('',#1508,1.);
#1508 = DIRECTION('',(0.,1.));
#1509 = ( GEOMETRIC_REPRESENTATION_CONTEXT(2) 
PARAMETRIC_REPRESENTATION_CONTEXT() REPRESENTATION_CONTEXT('2D SPACE',''
  ) );
#1510 = PCURVE('',#678,#1511);
#1511 = DEFINITIONAL_REPRESENTATION('',(#1512),#1516);
#1512 = LINE('',#1513,#1514);
#1513 = CARTESIAN_POINT('',(0.,0.));
#1514 = VECTOR('',#1515,1.);
#1515 = DIRECTION('',(0.,-1.));
#1516 = ( GEOMETRIC_REPRESENTATION_CONTEXT(2) 
PARAMETRIC_REPRESENTATION_CONTEXT() REPRESENTATION_CONTEXT('2D SPACE',''
  ) );
#1517 = ORIENTED_EDGE('',*,*,#996,.F.);
#1518 = ORIENTED_EDGE('',*,*,#277,.T.);
#1519 = ORIENTED_EDGE('',*,*,#330,.T.);
#1520 = ADVANCED_FACE('',(#1521),#369,.T.);
#1521 = FACE_BOUND('',#1522,.T.);
#1522 = EDGE_LOOP('',(#1523,#1524,#1525,#1526));
#1523 = ORIENTED_EDGE('',*,*,#353,.T.);
#1524 = ORIENTED_EDGE('',*,*,#1475,.T.);
#1525 = ORIENTED_EDGE('',*,*,#511,.T.);
#1526 = ORIENTED_EDGE('',*,*,#460,.T.);
#1527 = ADVANCED_FACE('',(#1528),#422,.F.);
#1528 = FACE_BOUND('',#1529,.F.);
#1529 = EDGE_LOOP('',(#1530,#1553,#1580,#1581));
#1530 = ORIENTED_EDGE('',*,*,#1531,.T.);
#1531 = EDGE_CURVE('',#406,#1532,#1534,.T.);
#1532 = VERTEX_POINT('',#1533);
#1533 = CARTESIAN_POINT('',(4.578782708506,3.023138036212,4.490117110504
    ));
#1534 = SEAM_CURVE('',#1535,(#1539,#1546),.PCURVE_S1.);
#1535 = LINE('',#1536,#1537);
#1536 = CARTESIAN_POINT('',(4.578782708506,8.625311646426,4.490117110504
    ));
#1537 = VECTOR('',#1538,1.);
#1538 = DIRECTION('',(-0.,-1.,-0.));
#1539 = PCURVE('',#422,#1540);
#1540 = DEFINITIONAL_REPRESENTATION('',(#1541),#1545);
#1541 = LINE('',#1542,#1543);
#1542 = CARTESIAN_POINT('',(0.,0.));
#1543 = VECTOR('',#1544,1.);
#1544 = DIRECTION('',(0.,-1.));
#1545 = ( GEOMETRIC_REPRESENTATION_CONTEXT(2) 
PARAMETRIC_REPRESENTATION_CONTEXT() REPRESENTATION_CONTEXT('2D SPACE',''
  ) );
#1546 = PCURVE('',#422,#1547);
#1547 = DEFINITIONAL_REPRESENTATION('',(#1548),#1552);
#1548 = LINE('',#1549,#1550);
#1549 = CARTESIAN_POINT('',(6.28318530718,0.));
#1550 = VECTOR('',#1551,1.);
#1551 = DIRECTION('',(0.,-1.));
#1552 = ( GEOMETRIC_REPRESENTATION_CONTEXT(2) 
PARAMETRIC_REPRESENTATION_CONTEXT() REPRESENTATION_CONTEXT('2D SPACE',''
  ) );
#1553 = ORIENTED_EDGE('',*,*,#1554,.T.);
#1554 = EDGE_CURVE('',#1532,#1532,#1555,.T.);
#1555 = SURFACE_CURVE('',#1556,(#1561,#1568),.PCURVE_S1.);
#1556 = CIRCLE('',#1557,1.);
#1557 = AXIS2_PLACEMENT_3D('',#1558,#1559,#1560);
#1558 = CARTESIAN_POINT('',(4.578782708506,3.023138036212,3.490117110504
    ));
#1559 = DIRECTION('',(-0.,1.,0.));
#1560 = DIRECTION('',(0.,0.,1.));
#1561 = PCURVE('',#422,#1562);
#1562 = DEFINITIONAL_REPRESENTATION('',(#1563),#1567);
#1563 = LINE('',#1564,#1565);
#1564 = CARTESIAN_POINT('',(0.,-5.602173610214));
#1565 = VECTOR('',#1566,1.);
#1566 = DIRECTION('',(1.,0.));
#1567 = ( GEOMETRIC_REPRESENTATION_CONTEXT(2) 
PARAMETRIC_REPRESENTATION_CONTEXT() REPRESENTATION_CONTEXT('2D SPACE',''
  ) );
#1568 = PCURVE('',#1569,#1574);
#1569 = PLANE('',#1570);
#1570 = AXIS2_PLACEMENT_3D('',#1571,#1572,#1573);
#1571 = CARTESIAN_POINT('',(4.578782708506,3.023138036212,3.490117110504
    ));
#1572 = DIRECTION('',(0.,1.,0.));
#1573 = DIRECTION('',(0.,-0.,1.));
#1574 = DEFINITIONAL_REPRESENTATION('',(#1575),#1579);
#1575 = CIRCLE('',#1576,1.);
#1576 = AXIS2_PLACEMENT_2D('',#1577,#1578);
#1577 = CARTESIAN_POINT('',(4.440892098501E-16,8.881784197001E-16));
#1578 = DIRECTION('',(1.,0.));
#1579 = ( GEOMETRIC_REPRESENTATION_CONTEXT(2) 
PARAMETRIC_REPRESENTATION_CONTEXT() REPRESENTATION_CONTEXT('2D SPACE',''
  ) );
#1580 = ORIENTED_EDGE('',*,*,#1531,.F.);
#1581 = ORIENTED_EDGE('',*,*,#405,.F.);
#1582 = ADVANCED_FACE('',(#1583),#678,.T.);
#1583 = FACE_BOUND('',#1584,.T.);
#1584 = EDGE_LOOP('',(#1585,#1586,#1587,#1588));
#1585 = ORIENTED_EDGE('',*,*,#664,.F.);
#1586 = ORIENTED_EDGE('',*,*,#1497,.T.);
#1587 = ORIENTED_EDGE('',*,*,#1068,.T.);
#1588 = ORIENTED_EDGE('',*,*,#1589,.F.);
#1589 = EDGE_CURVE('',#637,#1046,#1590,.T.);
#1590 = SURFACE_CURVE('',#1591,(#1595,#1602),.PCURVE_S1.);
#1591 = LINE('',#1592,#1593);
#1592 = CARTESIAN_POINT('',(42.45488873757,0.,66.953630124403));
#1593 = VECTOR('',#1594,1.);
#1594 = DIRECTION('',(-0.,1.,0.));
#1595 = PCURVE('',#678,#1596);
#1596 = DEFINITIONAL_REPRESENTATION('',(#1597),#1601);
#1597 = LINE('',#1598,#1599);
#1598 = CARTESIAN_POINT('',(66.953630124403,0.));
#1599 = VECTOR('',#1600,1.);
#1600 = DIRECTION('',(0.,-1.));
#1601 = ( GEOMETRIC_REPRESENTATION_CONTEXT(2) 
PARAMETRIC_REPRESENTATION_CONTEXT() REPRESENTATION_CONTEXT('2D SPACE',''
  ) );
#1602 = PCURVE('',#652,#1603);
#1603 = DEFINITIONAL_REPRESENTATION('',(#1604),#1608);
#1604 = LINE('',#1605,#1606);
#1605 = CARTESIAN_POINT('',(42.45488873757,0.));
#1606 = VECTOR('',#1607,1.);
#1607 = DIRECTION('',(0.,1.));
#1608 = ( GEOMETRIC_REPRESENTATION_CONTEXT(2) 
PARAMETRIC_REPRESENTATION_CONTEXT() REPRESENTATION_CONTEXT('2D SPACE',''
  ) );
#1609 = ADVANCED_FACE('',(#1610),#652,.T.);
#1610 = FACE_BOUND('',#1611,.T.);
#1611 = EDGE_LOOP('',(#1612,#1635,#1636,#1637,#1638));
#1612 = ORIENTED_EDGE('',*,*,#1613,.F.);
#1613 = EDGE_CURVE('',#609,#1614,#1616,.T.);
#1614 = VERTEX_POINT('',#1615);
#1615 = CARTESIAN_POINT('',(36.314997461718,14.524970741065,
    66.953630124403));
#1616 = SURFACE_CURVE('',#1617,(#1621,#1628),.PCURVE_S1.);
#1617 = LINE('',#1618,#1619);
#1618 = CARTESIAN_POINT('',(21.599111155495,0.,66.953630124403));
#1619 = VECTOR('',#1620,1.);
#1620 = DIRECTION('',(0.711708360502,0.702475059765,0.));
#1621 = PCURVE('',#652,#1622);
#1622 = DEFINITIONAL_REPRESENTATION('',(#1623),#1627);
#1623 = LINE('',#1624,#1625);
#1624 = CARTESIAN_POINT('',(21.599111155495,0.));
#1625 = VECTOR('',#1626,1.);
#1626 = DIRECTION('',(0.711708360502,0.702475059765));
#1627 = ( GEOMETRIC_REPRESENTATION_CONTEXT(2) 
PARAMETRIC_REPRESENTATION_CONTEXT() REPRESENTATION_CONTEXT('2D SPACE',''
  ) );
#1628 = PCURVE('',#624,#1629);
#1629 = DEFINITIONAL_REPRESENTATION('',(#1630),#1634);
#1630 = LINE('',#1631,#1632);
#1631 = CARTESIAN_POINT('',(0.,0.));
#1632 = VECTOR('',#1633,1.);
#1633 = DIRECTION('',(1.,0.));
#1634 = ( GEOMETRIC_REPRESENTATION_CONTEXT(2) 
PARAMETRIC_REPRESENTATION_CONTEXT() REPRESENTATION_CONTEXT('2D SPACE',''
  ) );
#1635 = ORIENTED_EDGE('',*,*,#636,.T.);
#1636 = ORIENTED_EDGE('',*,*,#1589,.T.);
#1637 = ORIENTED_EDGE('',*,*,#1045,.F.);
#1638 = ORIENTED_EDGE('',*,*,#1639,.F.);
#1639 = EDGE_CURVE('',#1614,#1023,#1640,.T.);
#1640 = SURFACE_CURVE('',#1641,(#1645,#1652),.PCURVE_S1.);
#1641 = LINE('',#1642,#1643);
#1642 = CARTESIAN_POINT('',(36.314997461718,14.524970741065,
    66.953630124403));
#1643 = VECTOR('',#1644,1.);
#1644 = DIRECTION('',(-0.711708360502,0.702475059765,0.));
#1645 = PCURVE('',#652,#1646);
#1646 = DEFINITIONAL_REPRESENTATION('',(#1647),#1651);
#1647 = LINE('',#1648,#1649);
#1648 = CARTESIAN_POINT('',(36.314997461718,14.524970741065));
#1649 = VECTOR('',#1650,1.);
#1650 = DIRECTION('',(-0.711708360502,0.702475059765));
#1651 = ( GEOMETRIC_REPRESENTATION_CONTEXT(2) 
PARAMETRIC_REPRESENTATION_CONTEXT() REPRESENTATION_CONTEXT('2D SPACE',''
  ) );
#1652 = PCURVE('',#915,#1653);
#1653 = DEFINITIONAL_REPRESENTATION('',(#1654),#1658);
#1654 = LINE('',#1655,#1656);
#1655 = CARTESIAN_POINT('',(0.,0.));
#1656 = VECTOR('',#1657,1.);
#1657 = DIRECTION('',(1.,0.));
#1658 = ( GEOMETRIC_REPRESENTATION_CONTEXT(2) 
PARAMETRIC_REPRESENTATION_CONTEXT() REPRESENTATION_CONTEXT('2D SPACE',''
  ) );
#1659 = ADVANCED_FACE('',(#1660),#624,.F.);
#1660 = FACE_BOUND('',#1661,.F.);
#1661 = EDGE_LOOP('',(#1662,#1663,#1664,#1665,#1688,#1709,#1730,#1751));
#1662 = ORIENTED_EDGE('',*,*,#1613,.F.);
#1663 = ORIENTED_EDGE('',*,*,#608,.T.);
#1664 = ORIENTED_EDGE('',*,*,#972,.T.);
#1665 = ORIENTED_EDGE('',*,*,#1666,.F.);
#1666 = EDGE_CURVE('',#1667,#898,#1669,.T.);
#1667 = VERTEX_POINT('',#1668);
#1668 = CARTESIAN_POINT('',(36.314997461718,14.524970741065,
    32.749405462313));
#1669 = SURFACE_CURVE('',#1670,(#1674,#1681),.PCURVE_S1.);
#1670 = LINE('',#1671,#1672);
#1671 = CARTESIAN_POINT('',(36.314997461718,14.524970741065,
    66.953630124403));
#1672 = VECTOR('',#1673,1.);
#1673 = DIRECTION('',(-0.,-0.,-1.));
#1674 = PCURVE('',#624,#1675);
#1675 = DEFINITIONAL_REPRESENTATION('',(#1676),#1680);
#1676 = LINE('',#1677,#1678);
#1677 = CARTESIAN_POINT('',(20.676849005747,0.));
#1678 = VECTOR('',#1679,1.);
#1679 = DIRECTION('',(0.,-1.));
#1680 = ( GEOMETRIC_REPRESENTATION_CONTEXT(2) 
PARAMETRIC_REPRESENTATION_CONTEXT() REPRESENTATION_CONTEXT('2D SPACE',''
  ) );
#1681 = PCURVE('',#915,#1682);
#1682 = DEFINITIONAL_REPRESENTATION('',(#1683),#1687);
#1683 = LINE('',#1684,#1685);
#1684 = CARTESIAN_POINT('',(0.,0.));
#1685 = VECTOR('',#1686,1.);
#1686 = DIRECTION('',(0.,-1.));
#1687 = ( GEOMETRIC_REPRESENTATION_CONTEXT(2) 
PARAMETRIC_REPRESENTATION_CONTEXT() REPRESENTATION_CONTEXT('2D SPACE',''
  ) );
#1688 = ORIENTED_EDGE('',*,*,#1689,.F.);
#1689 = EDGE_CURVE('',#1690,#1667,#1692,.T.);
#1690 = VERTEX_POINT('',#1691);
#1691 = CARTESIAN_POINT('',(34.020133460769,12.259879004497,
    32.749405462313));
#1692 = SURFACE_CURVE('',#1693,(#1697,#1703),.PCURVE_S1.);
#1693 = LINE('',#1694,#1695);
#1694 = CARTESIAN_POINT('',(33.186430840627,11.436992369446,
    32.749405462313));
#1695 = VECTOR('',#1696,1.);
#1696 = DIRECTION('',(0.711708360502,0.702475059765,0.));
#1697 = PCURVE('',#624,#1698);
#1698 = DEFINITIONAL_REPRESENTATION('',(#1699),#1702);
#1699 = B_SPLINE_CURVE_WITH_KNOTS('',1,(#1700,#1701),.UNSPECIFIED.,.F.,
  .F.,(2,2),(1.171410463065,4.395854811773),.PIECEWISE_BEZIER_KNOTS.);
#1700 = CARTESIAN_POINT('',(17.452404657039,-34.20422466209));
#1701 = CARTESIAN_POINT('',(20.676849005747,-34.20422466209));
#1702 = ( GEOMETRIC_REPRESENTATION_CONTEXT(2) 
PARAMETRIC_REPRESENTATION_CONTEXT() REPRESENTATION_CONTEXT('2D SPACE',''
  ) );
#1703 = PCURVE('',#785,#1704);
#1704 = DEFINITIONAL_REPRESENTATION('',(#1705),#1708);
#1705 = B_SPLINE_CURVE_WITH_KNOTS('',1,(#1706,#1707),.UNSPECIFIED.,.F.,
  .F.,(2,2),(1.171410463065,4.395854811773),.PIECEWISE_BEZIER_KNOTS.);
#1706 = CARTESIAN_POINT('',(4.657783682826,-16.79006247763));
#1707 = CARTESIAN_POINT('',(2.362919681877,-14.52497074106));
#1708 = ( GEOMETRIC_REPRESENTATION_CONTEXT(2) 
PARAMETRIC_REPRESENTATION_CONTEXT() REPRESENTATION_CONTEXT('2D SPACE',''
  ) );
#1709 = ORIENTED_EDGE('',*,*,#1710,.F.);
#1710 = EDGE_CURVE('',#1711,#1690,#1713,.T.);
#1711 = VERTEX_POINT('',#1712);
#1712 = CARTESIAN_POINT('',(34.020133460769,12.259879004497,
    47.058840717693));
#1713 = SURFACE_CURVE('',#1714,(#1718,#1724),.PCURVE_S1.);
#1714 = LINE('',#1715,#1716);
#1715 = CARTESIAN_POINT('',(34.020133460769,12.259879004497,
    49.851517793358));
#1716 = VECTOR('',#1717,1.);
#1717 = DIRECTION('',(0.,-0.,-1.));
#1718 = PCURVE('',#624,#1719);
#1719 = DEFINITIONAL_REPRESENTATION('',(#1720),#1723);
#1720 = B_SPLINE_CURVE_WITH_KNOTS('',1,(#1721,#1722),.UNSPECIFIED.,.F.,
  .F.,(2,2),(2.792677075665,17.102112331045),.PIECEWISE_BEZIER_KNOTS.);
#1721 = CARTESIAN_POINT('',(17.452404657039,-19.89478940671));
#1722 = CARTESIAN_POINT('',(17.452404657039,-34.20422466209));
#1723 = ( GEOMETRIC_REPRESENTATION_CONTEXT(2) 
PARAMETRIC_REPRESENTATION_CONTEXT() REPRESENTATION_CONTEXT('2D SPACE',''
  ) );
#1724 = PCURVE('',#761,#1725);
#1725 = DEFINITIONAL_REPRESENTATION('',(#1726),#1729);
#1726 = B_SPLINE_CURVE_WITH_KNOTS('',1,(#1727,#1728),.UNSPECIFIED.,.F.,
  .F.,(2,2),(2.792677075665,17.102112331045),.PIECEWISE_BEZIER_KNOTS.);
#1727 = CARTESIAN_POINT('',(14.30943525538,-16.79006247763));
#1728 = CARTESIAN_POINT('',(0.,-16.79006247763));
#1729 = ( GEOMETRIC_REPRESENTATION_CONTEXT(2) 
PARAMETRIC_REPRESENTATION_CONTEXT() REPRESENTATION_CONTEXT('2D SPACE',''
  ) );
#1730 = ORIENTED_EDGE('',*,*,#1731,.F.);
#1731 = EDGE_CURVE('',#1732,#1711,#1734,.T.);
#1732 = VERTEX_POINT('',#1733);
#1733 = CARTESIAN_POINT('',(36.314997461718,14.524970741065,
    47.058840717693));
#1734 = SURFACE_CURVE('',#1735,(#1739,#1745),.PCURVE_S1.);
#1735 = LINE('',#1736,#1737);
#1736 = CARTESIAN_POINT('',(32.006780073205,10.272645722229,
    47.058840717693));
#1737 = VECTOR('',#1738,1.);
#1738 = DIRECTION('',(-0.711708360502,-0.702475059765,0.));
#1739 = PCURVE('',#624,#1740);
#1740 = DEFINITIONAL_REPRESENTATION('',(#1741),#1744);
#1741 = B_SPLINE_CURVE_WITH_KNOTS('',1,(#1742,#1743),.UNSPECIFIED.,.F.,
  .F.,(2,2),(-6.053346606011,-2.828902257303),.PIECEWISE_BEZIER_KNOTS.);
#1742 = CARTESIAN_POINT('',(20.676849005747,-19.89478940671));
#1743 = CARTESIAN_POINT('',(17.452404657039,-19.89478940671));
#1744 = ( GEOMETRIC_REPRESENTATION_CONTEXT(2) 
PARAMETRIC_REPRESENTATION_CONTEXT() REPRESENTATION_CONTEXT('2D SPACE',''
  ) );
#1745 = PCURVE('',#735,#1746);
#1746 = DEFINITIONAL_REPRESENTATION('',(#1747),#1750);
#1747 = B_SPLINE_CURVE_WITH_KNOTS('',1,(#1748,#1749),.UNSPECIFIED.,.F.,
  .F.,(2,2),(-6.053346606011,-2.828902257303),.PIECEWISE_BEZIER_KNOTS.);
#1748 = CARTESIAN_POINT('',(2.294864000948,-14.52497074106));
#1749 = CARTESIAN_POINT('',(-4.440892098501E-16,-16.79006247763));
#1750 = ( GEOMETRIC_REPRESENTATION_CONTEXT(2) 
PARAMETRIC_REPRESENTATION_CONTEXT() REPRESENTATION_CONTEXT('2D SPACE',''
  ) );
#1751 = ORIENTED_EDGE('',*,*,#1752,.F.);
#1752 = EDGE_CURVE('',#1614,#1732,#1753,.T.);
#1753 = SURFACE_CURVE('',#1754,(#1758,#1765),.PCURVE_S1.);
#1754 = LINE('',#1755,#1756);
#1755 = CARTESIAN_POINT('',(36.314997461718,14.524970741065,
    66.953630124403));
#1756 = VECTOR('',#1757,1.);
#1757 = DIRECTION('',(-0.,-0.,-1.));
#1758 = PCURVE('',#624,#1759);
#1759 = DEFINITIONAL_REPRESENTATION('',(#1760),#1764);
#1760 = LINE('',#1761,#1762);
#1761 = CARTESIAN_POINT('',(20.676849005747,0.));
#1762 = VECTOR('',#1763,1.);
#1763 = DIRECTION('',(0.,-1.));
#1764 = ( GEOMETRIC_REPRESENTATION_CONTEXT(2) 
PARAMETRIC_REPRESENTATION_CONTEXT() REPRESENTATION_CONTEXT('2D SPACE',''
  ) );
#1765 = PCURVE('',#915,#1766);
#1766 = DEFINITIONAL_REPRESENTATION('',(#1767),#1771);
#1767 = LINE('',#1768,#1769);
#1768 = CARTESIAN_POINT('',(0.,0.));
#1769 = VECTOR('',#1770,1.);
#1770 = DIRECTION('',(0.,-1.));
#1771 = ( GEOMETRIC_REPRESENTATION_CONTEXT(2) 
PARAMETRIC_REPRESENTATION_CONTEXT() REPRESENTATION_CONTEXT('2D SPACE',''
  ) );
#1772 = ADVANCED_FACE('',(#1773),#573,.T.);
#1773 = FACE_BOUND('',#1774,.T.);
#1774 = EDGE_LOOP('',(#1775,#1776,#1777,#1778));
#1775 = ORIENTED_EDGE('',*,*,#557,.T.);
#1776 = ORIENTED_EDGE('',*,*,#950,.T.);
#1777 = ORIENTED_EDGE('',*,*,#871,.T.);
#1778 = ORIENTED_EDGE('',*,*,#822,.T.);
#1779 = ADVANCED_FACE('',(#1780),#709,.F.);
#1780 = FACE_BOUND('',#1781,.F.);
#1781 = EDGE_LOOP('',(#1782,#1783,#1804,#1805));
#1782 = ORIENTED_EDGE('',*,*,#1375,.F.);
#1783 = ORIENTED_EDGE('',*,*,#1784,.T.);
#1784 = EDGE_CURVE('',#1376,#693,#1785,.T.);
#1785 = SURFACE_CURVE('',#1786,(#1790,#1797),.PCURVE_S1.);
#1786 = LINE('',#1787,#1788);
#1787 = CARTESIAN_POINT('',(38.677917143595,29.04994148213,
    47.058840717693));
#1788 = VECTOR('',#1789,1.);
#1789 = DIRECTION('',(0.,-1.,-0.));
#1790 = PCURVE('',#709,#1791);
#1791 = DEFINITIONAL_REPRESENTATION('',(#1792),#1796);
#1792 = LINE('',#1793,#1794);
#1793 = CARTESIAN_POINT('',(0.,0.));
#1794 = VECTOR('',#1795,1.);
#1795 = DIRECTION('',(0.,-1.));
#1796 = ( GEOMETRIC_REPRESENTATION_CONTEXT(2) 
PARAMETRIC_REPRESENTATION_CONTEXT() REPRESENTATION_CONTEXT('2D SPACE',''
  ) );
#1797 = PCURVE('',#735,#1798);
#1798 = DEFINITIONAL_REPRESENTATION('',(#1799),#1803);
#1799 = LINE('',#1800,#1801);
#1800 = CARTESIAN_POINT('',(4.657783682826,0.));
#1801 = VECTOR('',#1802,1.);
#1802 = DIRECTION('',(0.,-1.));
#1803 = ( GEOMETRIC_REPRESENTATION_CONTEXT(2) 
PARAMETRIC_REPRESENTATION_CONTEXT() REPRESENTATION_CONTEXT('2D SPACE',''
  ) );
#1804 = ORIENTED_EDGE('',*,*,#692,.T.);
#1805 = ORIENTED_EDGE('',*,*,#1806,.F.);
#1806 = EDGE_CURVE('',#1378,#695,#1807,.T.);
#1807 = SURFACE_CURVE('',#1808,(#1812,#1819),.PCURVE_S1.);
#1808 = LINE('',#1809,#1810);
#1809 = CARTESIAN_POINT('',(38.677917143595,29.04994148213,
    32.749405462313));
#1810 = VECTOR('',#1811,1.);
#1811 = DIRECTION('',(0.,-1.,-0.));
#1812 = PCURVE('',#709,#1813);
#1813 = DEFINITIONAL_REPRESENTATION('',(#1814),#1818);
#1814 = LINE('',#1815,#1816);
#1815 = CARTESIAN_POINT('',(14.30943525538,0.));
#1816 = VECTOR('',#1817,1.);
#1817 = DIRECTION('',(0.,-1.));
#1818 = ( GEOMETRIC_REPRESENTATION_CONTEXT(2) 
PARAMETRIC_REPRESENTATION_CONTEXT() REPRESENTATION_CONTEXT('2D SPACE',''
  ) );
#1819 = PCURVE('',#785,#1820);
#1820 = DEFINITIONAL_REPRESENTATION('',(#1821),#1825);
#1821 = LINE('',#1822,#1823);
#1822 = CARTESIAN_POINT('',(0.,0.));
#1823 = VECTOR('',#1824,1.);
#1824 = DIRECTION('',(0.,-1.));
#1825 = ( GEOMETRIC_REPRESENTATION_CONTEXT(2) 
PARAMETRIC_REPRESENTATION_CONTEXT() REPRESENTATION_CONTEXT('2D SPACE',''
  ) );
#1826 = ADVANCED_FACE('',(#1827),#785,.F.);
#1827 = FACE_BOUND('',#1828,.F.);
#1828 = EDGE_LOOP('',(#1829,#1830,#1831,#1832,#1853,#1854,#1875));
#1829 = ORIENTED_EDGE('',*,*,#1451,.F.);
#1830 = ORIENTED_EDGE('',*,*,#1806,.T.);
#1831 = ORIENTED_EDGE('',*,*,#772,.T.);
#1832 = ORIENTED_EDGE('',*,*,#1833,.F.);
#1833 = EDGE_CURVE('',#1690,#747,#1834,.T.);
#1834 = SURFACE_CURVE('',#1835,(#1839,#1846),.PCURVE_S1.);
#1835 = LINE('',#1836,#1837);
#1836 = CARTESIAN_POINT('',(34.020133460769,29.04994148213,
    32.749405462313));
#1837 = VECTOR('',#1838,1.);
#1838 = DIRECTION('',(0.,-1.,-0.));
#1839 = PCURVE('',#785,#1840);
#1840 = DEFINITIONAL_REPRESENTATION('',(#1841),#1845);
#1841 = LINE('',#1842,#1843);
#1842 = CARTESIAN_POINT('',(4.657783682826,0.));
#1843 = VECTOR('',#1844,1.);
#1844 = DIRECTION('',(0.,-1.));
#1845 = ( GEOMETRIC_REPRESENTATION_CONTEXT(2) 
PARAMETRIC_REPRESENTATION_CONTEXT() REPRESENTATION_CONTEXT('2D SPACE',''
  ) );
#1846 = PCURVE('',#761,#1847);
#1847 = DEFINITIONAL_REPRESENTATION('',(#1848),#1852);
#1848 = LINE('',#1849,#1850);
#1849 = CARTESIAN_POINT('',(0.,0.));
#1850 = VECTOR('',#1851,1.);
#1851 = DIRECTION('',(0.,-1.));
#1852 = ( GEOMETRIC_REPRESENTATION_CONTEXT(2) 
PARAMETRIC_REPRESENTATION_CONTEXT() REPRESENTATION_CONTEXT('2D SPACE',''
  ) );
#1853 = ORIENTED_EDGE('',*,*,#1689,.T.);
#1854 = ORIENTED_EDGE('',*,*,#1855,.T.);
#1855 = EDGE_CURVE('',#1667,#1856,#1858,.T.);
#1856 = VERTEX_POINT('',#1857);
#1857 = CARTESIAN_POINT('',(34.020133460769,16.790062477633,
    32.749405462313));
#1858 = SURFACE_CURVE('',#1859,(#1863,#1869),.PCURVE_S1.);
#1859 = LINE('',#1860,#1861);
#1860 = CARTESIAN_POINT('',(33.28250777799,17.518118623031,
    32.749405462313));
#1861 = VECTOR('',#1862,1.);
#1862 = DIRECTION('',(-0.711708360502,0.702475059765,0.));
#1863 = PCURVE('',#785,#1864);
#1864 = DEFINITIONAL_REPRESENTATION('',(#1865),#1868);
#1865 = B_SPLINE_CURVE_WITH_KNOTS('',1,(#1866,#1867),.UNSPECIFIED.,.F.,
  .F.,(2,2),(-4.260859998314,-1.036415649606),.PIECEWISE_BEZIER_KNOTS.);
#1866 = CARTESIAN_POINT('',(2.362919681877,-14.52497074106));
#1867 = CARTESIAN_POINT('',(4.657783682826,-12.25987900449));
#1868 = ( GEOMETRIC_REPRESENTATION_CONTEXT(2) 
PARAMETRIC_REPRESENTATION_CONTEXT() REPRESENTATION_CONTEXT('2D SPACE',''
  ) );
#1869 = PCURVE('',#915,#1870);
#1870 = DEFINITIONAL_REPRESENTATION('',(#1871),#1874);
#1871 = B_SPLINE_CURVE_WITH_KNOTS('',1,(#1872,#1873),.UNSPECIFIED.,.F.,
  .F.,(2,2),(-4.260859998314,-1.036415649606),.PIECEWISE_BEZIER_KNOTS.);
#1872 = CARTESIAN_POINT('',(0.,-34.20422466209));
#1873 = CARTESIAN_POINT('',(3.224444348708,-34.20422466209));
#1874 = ( GEOMETRIC_REPRESENTATION_CONTEXT(2) 
PARAMETRIC_REPRESENTATION_CONTEXT() REPRESENTATION_CONTEXT('2D SPACE',''
  ) );
#1875 = ORIENTED_EDGE('',*,*,#1876,.F.);
#1876 = EDGE_CURVE('',#1424,#1856,#1877,.T.);
#1877 = SURFACE_CURVE('',#1878,(#1882,#1889),.PCURVE_S1.);
#1878 = LINE('',#1879,#1880);
#1879 = CARTESIAN_POINT('',(34.020133460769,29.04994148213,
    32.749405462313));
#1880 = VECTOR('',#1881,1.);
#1881 = DIRECTION('',(0.,-1.,-0.));
#1882 = PCURVE('',#785,#1883);
#1883 = DEFINITIONAL_REPRESENTATION('',(#1884),#1888);
#1884 = LINE('',#1885,#1886);
#1885 = CARTESIAN_POINT('',(4.657783682826,0.));
#1886 = VECTOR('',#1887,1.);
#1887 = DIRECTION('',(0.,-1.));
#1888 = ( GEOMETRIC_REPRESENTATION_CONTEXT(2) 
PARAMETRIC_REPRESENTATION_CONTEXT() REPRESENTATION_CONTEXT('2D SPACE',''
  ) );
#1889 = PCURVE('',#1439,#1890);
#1890 = DEFINITIONAL_REPRESENTATION('',(#1891),#1895);
#1891 = LINE('',#1892,#1893);
#1892 = CARTESIAN_POINT('',(0.,0.));
#1893 = VECTOR('',#1894,1.);
#1894 = DIRECTION('',(0.,-1.));
#1895 = ( GEOMETRIC_REPRESENTATION_CONTEXT(2) 
PARAMETRIC_REPRESENTATION_CONTEXT() REPRESENTATION_CONTEXT('2D SPACE',''
  ) );
#1896 = ADVANCED_FACE('',(#1897),#761,.F.);
#1897 = FACE_BOUND('',#1898,.F.);
#1898 = EDGE_LOOP('',(#1899,#1900,#1901,#1902));
#1899 = ORIENTED_EDGE('',*,*,#1710,.T.);
#1900 = ORIENTED_EDGE('',*,*,#1833,.T.);
#1901 = ORIENTED_EDGE('',*,*,#746,.T.);
#1902 = ORIENTED_EDGE('',*,*,#1903,.F.);
#1903 = EDGE_CURVE('',#1711,#721,#1904,.T.);
#1904 = SURFACE_CURVE('',#1905,(#1909,#1916),.PCURVE_S1.);
#1905 = LINE('',#1906,#1907);
#1906 = CARTESIAN_POINT('',(34.020133460769,29.04994148213,
    47.058840717693));
#1907 = VECTOR('',#1908,1.);
#1908 = DIRECTION('',(0.,-1.,-0.));
#1909 = PCURVE('',#761,#1910);
#1910 = DEFINITIONAL_REPRESENTATION('',(#1911),#1915);
#1911 = LINE('',#1912,#1913);
#1912 = CARTESIAN_POINT('',(14.30943525538,0.));
#1913 = VECTOR('',#1914,1.);
#1914 = DIRECTION('',(0.,-1.));
#1915 = ( GEOMETRIC_REPRESENTATION_CONTEXT(2) 
PARAMETRIC_REPRESENTATION_CONTEXT() REPRESENTATION_CONTEXT('2D SPACE',''
  ) );
#1916 = PCURVE('',#735,#1917);
#1917 = DEFINITIONAL_REPRESENTATION('',(#1918),#1922);
#1918 = LINE('',#1919,#1920);
#1919 = CARTESIAN_POINT('',(0.,0.));
#1920 = VECTOR('',#1921,1.);
#1921 = DIRECTION('',(0.,-1.));
#1922 = ( GEOMETRIC_REPRESENTATION_CONTEXT(2) 
PARAMETRIC_REPRESENTATION_CONTEXT() REPRESENTATION_CONTEXT('2D SPACE',''
  ) );
#1923 = ADVANCED_FACE('',(#1924),#735,.F.);
#1924 = FACE_BOUND('',#1925,.F.);
#1925 = EDGE_LOOP('',(#1926,#1927,#1950,#1969,#1970,#1971,#1972));
#1926 = ORIENTED_EDGE('',*,*,#1400,.F.);
#1927 = ORIENTED_EDGE('',*,*,#1928,.T.);
#1928 = EDGE_CURVE('',#1401,#1929,#1931,.T.);
#1929 = VERTEX_POINT('',#1930);
#1930 = CARTESIAN_POINT('',(34.020133460769,16.790062477633,
    47.058840717693));
#1931 = SURFACE_CURVE('',#1932,(#1936,#1943),.PCURVE_S1.);
#1932 = LINE('',#1933,#1934);
#1933 = CARTESIAN_POINT('',(34.020133460769,29.04994148213,
    47.058840717693));
#1934 = VECTOR('',#1935,1.);
#1935 = DIRECTION('',(0.,-1.,-0.));
#1936 = PCURVE('',#735,#1937);
#1937 = DEFINITIONAL_REPRESENTATION('',(#1938),#1942);
#1938 = LINE('',#1939,#1940);
#1939 = CARTESIAN_POINT('',(0.,0.));
#1940 = VECTOR('',#1941,1.);
#1941 = DIRECTION('',(0.,-1.));
#1942 = ( GEOMETRIC_REPRESENTATION_CONTEXT(2) 
PARAMETRIC_REPRESENTATION_CONTEXT() REPRESENTATION_CONTEXT('2D SPACE',''
  ) );
#1943 = PCURVE('',#1439,#1944);
#1944 = DEFINITIONAL_REPRESENTATION('',(#1945),#1949);
#1945 = LINE('',#1946,#1947);
#1946 = CARTESIAN_POINT('',(14.30943525538,0.));
#1947 = VECTOR('',#1948,1.);
#1948 = DIRECTION('',(0.,-1.));
#1949 = ( GEOMETRIC_REPRESENTATION_CONTEXT(2) 
PARAMETRIC_REPRESENTATION_CONTEXT() REPRESENTATION_CONTEXT('2D SPACE',''
  ) );
#1950 = ORIENTED_EDGE('',*,*,#1951,.T.);
#1951 = EDGE_CURVE('',#1929,#1732,#1952,.T.);
#1952 = SURFACE_CURVE('',#1953,(#1957,#1963),.PCURVE_S1.);
#1953 = LINE('',#1954,#1955);
#1954 = CARTESIAN_POINT('',(32.102857010568,18.682465270249,
    47.058840717693));
#1955 = VECTOR('',#1956,1.);
#1956 = DIRECTION('',(0.711708360502,-0.702475059765,-0.));
#1957 = PCURVE('',#735,#1958);
#1958 = DEFINITIONAL_REPRESENTATION('',(#1959),#1962);
#1959 = B_SPLINE_CURVE_WITH_KNOTS('',1,(#1960,#1961),.UNSPECIFIED.,.F.,
  .F.,(2,2),(2.693907443844,5.918351792552),.PIECEWISE_BEZIER_KNOTS.);
#1960 = CARTESIAN_POINT('',(-1.110223024625E-15,-12.25987900449));
#1961 = CARTESIAN_POINT('',(2.294864000948,-14.52497074106));
#1962 = ( GEOMETRIC_REPRESENTATION_CONTEXT(2) 
PARAMETRIC_REPRESENTATION_CONTEXT() REPRESENTATION_CONTEXT('2D SPACE',''
  ) );
#1963 = PCURVE('',#915,#1964);
#1964 = DEFINITIONAL_REPRESENTATION('',(#1965),#1968);
#1965 = B_SPLINE_CURVE_WITH_KNOTS('',1,(#1966,#1967),.UNSPECIFIED.,.F.,
  .F.,(2,2),(2.693907443844,5.918351792552),.PIECEWISE_BEZIER_KNOTS.);
#1966 = CARTESIAN_POINT('',(3.224444348708,-19.89478940671));
#1967 = CARTESIAN_POINT('',(0.,-19.89478940671));
#1968 = ( GEOMETRIC_REPRESENTATION_CONTEXT(2) 
PARAMETRIC_REPRESENTATION_CONTEXT() REPRESENTATION_CONTEXT('2D SPACE',''
  ) );
#1969 = ORIENTED_EDGE('',*,*,#1731,.T.);
#1970 = ORIENTED_EDGE('',*,*,#1903,.T.);
#1971 = ORIENTED_EDGE('',*,*,#720,.T.);
#1972 = ORIENTED_EDGE('',*,*,#1784,.F.);
#1973 = ADVANCED_FACE('',(#1974),#915,.F.);
#1974 = FACE_BOUND('',#1975,.F.);
#1975 = EDGE_LOOP('',(#1976,#1977,#1978,#1979,#1998,#1999,#2000,#2001));
#1976 = ORIENTED_EDGE('',*,*,#1639,.F.);
#1977 = ORIENTED_EDGE('',*,*,#1752,.T.);
#1978 = ORIENTED_EDGE('',*,*,#1951,.F.);
#1979 = ORIENTED_EDGE('',*,*,#1980,.F.);
#1980 = EDGE_CURVE('',#1856,#1929,#1981,.T.);
#1981 = SURFACE_CURVE('',#1982,(#1986,#1992),.PCURVE_S1.);
#1982 = LINE('',#1983,#1984);
#1983 = CARTESIAN_POINT('',(34.020133460769,16.790062477633,
    49.851517793358));
#1984 = VECTOR('',#1985,1.);
#1985 = DIRECTION('',(0.,0.,1.));
#1986 = PCURVE('',#915,#1987);
#1987 = DEFINITIONAL_REPRESENTATION('',(#1988),#1991);
#1988 = B_SPLINE_CURVE_WITH_KNOTS('',1,(#1989,#1990),.UNSPECIFIED.,.F.,
  .F.,(2,2),(-17.10211233104,-2.792677075665),.PIECEWISE_BEZIER_KNOTS.);
#1989 = CARTESIAN_POINT('',(3.224444348708,-34.20422466209));
#1990 = CARTESIAN_POINT('',(3.224444348708,-19.89478940671));
#1991 = ( GEOMETRIC_REPRESENTATION_CONTEXT(2) 
PARAMETRIC_REPRESENTATION_CONTEXT() REPRESENTATION_CONTEXT('2D SPACE',''
  ) );
#1992 = PCURVE('',#1439,#1993);
#1993 = DEFINITIONAL_REPRESENTATION('',(#1994),#1997);
#1994 = B_SPLINE_CURVE_WITH_KNOTS('',1,(#1995,#1996),.UNSPECIFIED.,.F.,
  .F.,(2,2),(-17.10211233104,-2.792677075665),.PIECEWISE_BEZIER_KNOTS.);
#1995 = CARTESIAN_POINT('',(0.,-12.25987900449));
#1996 = CARTESIAN_POINT('',(14.30943525538,-12.25987900449));
#1997 = ( GEOMETRIC_REPRESENTATION_CONTEXT(2) 
PARAMETRIC_REPRESENTATION_CONTEXT() REPRESENTATION_CONTEXT('2D SPACE',''
  ) );
#1998 = ORIENTED_EDGE('',*,*,#1855,.F.);
#1999 = ORIENTED_EDGE('',*,*,#1666,.T.);
#2000 = ORIENTED_EDGE('',*,*,#897,.T.);
#2001 = ORIENTED_EDGE('',*,*,#1022,.F.);
#2002 = ADVANCED_FACE('',(#2003),#1109,.F.);
#2003 = FACE_BOUND('',#2004,.F.);
#2004 = EDGE_LOOP('',(#2005,#2028,#2056,#2077));
#2005 = ORIENTED_EDGE('',*,*,#2006,.T.);
#2006 = EDGE_CURVE('',#1092,#2007,#2009,.T.);
#2007 = VERTEX_POINT('',#2008);
#2008 = CARTESIAN_POINT('',(11.612295528861,21.277620614983,
    13.249739196456));
#2009 = SURFACE_CURVE('',#2010,(#2014,#2021),.PCURVE_S1.);
#2010 = LINE('',#2011,#2012);
#2011 = CARTESIAN_POINT('',(11.612295528861,29.04994148213,
    13.249739196456));
#2012 = VECTOR('',#2013,1.);
#2013 = DIRECTION('',(0.,-1.,-0.));
#2014 = PCURVE('',#1109,#2015);
#2015 = DEFINITIONAL_REPRESENTATION('',(#2016),#2020);
#2016 = LINE('',#2017,#2018);
#2017 = CARTESIAN_POINT('',(0.,0.));
#2018 = VECTOR('',#2019,1.);
#2019 = DIRECTION('',(0.,-1.));
#2020 = ( GEOMETRIC_REPRESENTATION_CONTEXT(2) 
PARAMETRIC_REPRESENTATION_CONTEXT() REPRESENTATION_CONTEXT('2D SPACE',''
  ) );
#2021 = PCURVE('',#1137,#2022);
#2022 = DEFINITIONAL_REPRESENTATION('',(#2023),#2027);
#2023 = LINE('',#2024,#2025);
#2024 = CARTESIAN_POINT('',(5.256719545099,0.));
#2025 = VECTOR('',#2026,1.);
#2026 = DIRECTION('',(-0.,-1.));
#2027 = ( GEOMETRIC_REPRESENTATION_CONTEXT(2) 
PARAMETRIC_REPRESENTATION_CONTEXT() REPRESENTATION_CONTEXT('2D SPACE',''
  ) );
#2028 = ORIENTED_EDGE('',*,*,#2029,.T.);
#2029 = EDGE_CURVE('',#2007,#2030,#2032,.T.);
#2030 = VERTEX_POINT('',#2031);
#2031 = CARTESIAN_POINT('',(8.159903394386,21.277620614983,
    23.792759566964));
#2032 = SURFACE_CURVE('',#2033,(#2037,#2044),.PCURVE_S1.);
#2033 = LINE('',#2034,#2035);
#2034 = CARTESIAN_POINT('',(11.612295528861,21.277620614983,
    13.249739196456));
#2035 = VECTOR('',#2036,1.);
#2036 = DIRECTION('',(-0.311197750479,0.,0.950345179446));
#2037 = PCURVE('',#1109,#2038);
#2038 = DEFINITIONAL_REPRESENTATION('',(#2039),#2043);
#2039 = LINE('',#2040,#2041);
#2040 = CARTESIAN_POINT('',(0.,-7.772320867147));
#2041 = VECTOR('',#2042,1.);
#2042 = DIRECTION('',(1.,0.));
#2043 = ( GEOMETRIC_REPRESENTATION_CONTEXT(2) 
PARAMETRIC_REPRESENTATION_CONTEXT() REPRESENTATION_CONTEXT('2D SPACE',''
  ) );
#2044 = PCURVE('',#2045,#2050);
#2045 = PLANE('',#2046);
#2046 = AXIS2_PLACEMENT_3D('',#2047,#2048,#2049);
#2047 = CARTESIAN_POINT('',(12.383948501317,21.277620614983,
    19.339189030377));
#2048 = DIRECTION('',(-1.059346382196E-30,1.,-5.354011552353E-31));
#2049 = DIRECTION('',(1.,1.059346382196E-30,0.));
#2050 = DEFINITIONAL_REPRESENTATION('',(#2051),#2055);
#2051 = LINE('',#2052,#2053);
#2052 = CARTESIAN_POINT('',(-0.771652972456,6.089449833921));
#2053 = VECTOR('',#2054,1.);
#2054 = DIRECTION('',(-0.311197750479,-0.950345179446));
#2055 = ( GEOMETRIC_REPRESENTATION_CONTEXT(2) 
PARAMETRIC_REPRESENTATION_CONTEXT() REPRESENTATION_CONTEXT('2D SPACE',''
  ) );
#2056 = ORIENTED_EDGE('',*,*,#2057,.F.);
#2057 = EDGE_CURVE('',#1094,#2030,#2058,.T.);
#2058 = SURFACE_CURVE('',#2059,(#2063,#2070),.PCURVE_S1.);
#2059 = LINE('',#2060,#2061);
#2060 = CARTESIAN_POINT('',(8.159903394386,29.04994148213,
    23.792759566964));
#2061 = VECTOR('',#2062,1.);
#2062 = DIRECTION('',(0.,-1.,-0.));
#2063 = PCURVE('',#1109,#2064);
#2064 = DEFINITIONAL_REPRESENTATION('',(#2065),#2069);
#2065 = LINE('',#2066,#2067);
#2066 = CARTESIAN_POINT('',(11.093885251936,0.));
#2067 = VECTOR('',#2068,1.);
#2068 = DIRECTION('',(0.,-1.));
#2069 = ( GEOMETRIC_REPRESENTATION_CONTEXT(2) 
PARAMETRIC_REPRESENTATION_CONTEXT() REPRESENTATION_CONTEXT('2D SPACE',''
  ) );
#2070 = PCURVE('',#1191,#2071);
#2071 = DEFINITIONAL_REPRESENTATION('',(#2072),#2076);
#2072 = LINE('',#2073,#2074);
#2073 = CARTESIAN_POINT('',(0.,0.));
#2074 = VECTOR('',#2075,1.);
#2075 = DIRECTION('',(0.,-1.));
#2076 = ( GEOMETRIC_REPRESENTATION_CONTEXT(2) 
PARAMETRIC_REPRESENTATION_CONTEXT() REPRESENTATION_CONTEXT('2D SPACE',''
  ) );
#2077 = ORIENTED_EDGE('',*,*,#1091,.F.);
#2078 = ADVANCED_FACE('',(#2079),#1137,.F.);
#2079 = FACE_BOUND('',#2080,.F.);
#2080 = EDGE_LOOP('',(#2081,#2104,#2125,#2126));
#2081 = ORIENTED_EDGE('',*,*,#2082,.T.);
#2082 = EDGE_CURVE('',#1122,#2083,#2085,.T.);
#2083 = VERTEX_POINT('',#2084);
#2084 = CARTESIAN_POINT('',(16.607993608248,21.277620614983,
    14.88561849379));
#2085 = SURFACE_CURVE('',#2086,(#2090,#2097),.PCURVE_S1.);
#2086 = LINE('',#2087,#2088);
#2087 = CARTESIAN_POINT('',(16.607993608248,29.04994148213,
    14.88561849379));
#2088 = VECTOR('',#2089,1.);
#2089 = DIRECTION('',(0.,-1.,-0.));
#2090 = PCURVE('',#1137,#2091);
#2091 = DEFINITIONAL_REPRESENTATION('',(#2092),#2096);
#2092 = LINE('',#2093,#2094);
#2093 = CARTESIAN_POINT('',(0.,0.));
#2094 = VECTOR('',#2095,1.);
#2095 = DIRECTION('',(-0.,-1.));
#2096 = ( GEOMETRIC_REPRESENTATION_CONTEXT(2) 
PARAMETRIC_REPRESENTATION_CONTEXT() REPRESENTATION_CONTEXT('2D SPACE',''
  ) );
#2097 = PCURVE('',#1165,#2098);
#2098 = DEFINITIONAL_REPRESENTATION('',(#2099),#2103);
#2099 = LINE('',#2100,#2101);
#2100 = CARTESIAN_POINT('',(11.093885251936,0.));
#2101 = VECTOR('',#2102,1.);
#2102 = DIRECTION('',(0.,-1.));
#2103 = ( GEOMETRIC_REPRESENTATION_CONTEXT(2) 
PARAMETRIC_REPRESENTATION_CONTEXT() REPRESENTATION_CONTEXT('2D SPACE',''
  ) );
#2104 = ORIENTED_EDGE('',*,*,#2105,.T.);
#2105 = EDGE_CURVE('',#2083,#2007,#2106,.T.);
#2106 = SURFACE_CURVE('',#2107,(#2111,#2118),.PCURVE_S1.);
#2107 = LINE('',#2108,#2109);
#2108 = CARTESIAN_POINT('',(16.607993608248,21.277620614983,
    14.88561849379));
#2109 = VECTOR('',#2110,1.);
#2110 = DIRECTION('',(-0.950345179446,0.,-0.311197750479));
#2111 = PCURVE('',#1137,#2112);
#2112 = DEFINITIONAL_REPRESENTATION('',(#2113),#2117);
#2113 = LINE('',#2114,#2115);
#2114 = CARTESIAN_POINT('',(-0.,-7.772320867147));
#2115 = VECTOR('',#2116,1.);
#2116 = DIRECTION('',(1.,0.));
#2117 = ( GEOMETRIC_REPRESENTATION_CONTEXT(2) 
PARAMETRIC_REPRESENTATION_CONTEXT() REPRESENTATION_CONTEXT('2D SPACE',''
  ) );
#2118 = PCURVE('',#2045,#2119);
#2119 = DEFINITIONAL_REPRESENTATION('',(#2120),#2124);
#2120 = LINE('',#2121,#2122);
#2121 = CARTESIAN_POINT('',(4.224045106931,4.453570536587));
#2122 = VECTOR('',#2123,1.);
#2123 = DIRECTION('',(-0.950345179446,0.311197750479));
#2124 = ( GEOMETRIC_REPRESENTATION_CONTEXT(2) 
PARAMETRIC_REPRESENTATION_CONTEXT() REPRESENTATION_CONTEXT('2D SPACE',''
  ) );
#2125 = ORIENTED_EDGE('',*,*,#2006,.F.);
#2126 = ORIENTED_EDGE('',*,*,#1121,.F.);
#2127 = ADVANCED_FACE('',(#2128),#1191,.F.);
#2128 = FACE_BOUND('',#2129,.F.);
#2129 = EDGE_LOOP('',(#2130,#2131,#2154,#2175));
#2130 = ORIENTED_EDGE('',*,*,#2057,.T.);
#2131 = ORIENTED_EDGE('',*,*,#2132,.T.);
#2132 = EDGE_CURVE('',#2030,#2133,#2135,.T.);
#2133 = VERTEX_POINT('',#2134);
#2134 = CARTESIAN_POINT('',(13.155601473772,21.277620614983,
    25.428638864298));
#2135 = SURFACE_CURVE('',#2136,(#2140,#2147),.PCURVE_S1.);
#2136 = LINE('',#2137,#2138);
#2137 = CARTESIAN_POINT('',(8.159903394386,21.277620614983,
    23.792759566964));
#2138 = VECTOR('',#2139,1.);
#2139 = DIRECTION('',(0.950345179446,0.,0.311197750479));
#2140 = PCURVE('',#1191,#2141);
#2141 = DEFINITIONAL_REPRESENTATION('',(#2142),#2146);
#2142 = LINE('',#2143,#2144);
#2143 = CARTESIAN_POINT('',(0.,-7.772320867147));
#2144 = VECTOR('',#2145,1.);
#2145 = DIRECTION('',(1.,0.));
#2146 = ( GEOMETRIC_REPRESENTATION_CONTEXT(2) 
PARAMETRIC_REPRESENTATION_CONTEXT() REPRESENTATION_CONTEXT('2D SPACE',''
  ) );
#2147 = PCURVE('',#2045,#2148);
#2148 = DEFINITIONAL_REPRESENTATION('',(#2149),#2153);
#2149 = LINE('',#2150,#2151);
#2150 = CARTESIAN_POINT('',(-4.224045106931,-4.453570536587));
#2151 = VECTOR('',#2152,1.);
#2152 = DIRECTION('',(0.950345179446,-0.311197750479));
#2153 = ( GEOMETRIC_REPRESENTATION_CONTEXT(2) 
PARAMETRIC_REPRESENTATION_CONTEXT() REPRESENTATION_CONTEXT('2D SPACE',''
  ) );
#2154 = ORIENTED_EDGE('',*,*,#2155,.F.);
#2155 = EDGE_CURVE('',#1150,#2133,#2156,.T.);
#2156 = SURFACE_CURVE('',#2157,(#2161,#2168),.PCURVE_S1.);
#2157 = LINE('',#2158,#2159);
#2158 = CARTESIAN_POINT('',(13.155601473772,29.04994148213,
    25.428638864298));
#2159 = VECTOR('',#2160,1.);
#2160 = DIRECTION('',(0.,-1.,-0.));
#2161 = PCURVE('',#1191,#2162);
#2162 = DEFINITIONAL_REPRESENTATION('',(#2163),#2167);
#2163 = LINE('',#2164,#2165);
#2164 = CARTESIAN_POINT('',(5.256719545099,0.));
#2165 = VECTOR('',#2166,1.);
#2166 = DIRECTION('',(0.,-1.));
#2167 = ( GEOMETRIC_REPRESENTATION_CONTEXT(2) 
PARAMETRIC_REPRESENTATION_CONTEXT() REPRESENTATION_CONTEXT('2D SPACE',''
  ) );
#2168 = PCURVE('',#1165,#2169);
#2169 = DEFINITIONAL_REPRESENTATION('',(#2170),#2174);
#2170 = LINE('',#2171,#2172);
#2171 = CARTESIAN_POINT('',(0.,0.));
#2172 = VECTOR('',#2173,1.);
#2173 = DIRECTION('',(0.,-1.));
#2174 = ( GEOMETRIC_REPRESENTATION_CONTEXT(2) 
PARAMETRIC_REPRESENTATION_CONTEXT() REPRESENTATION_CONTEXT('2D SPACE',''
  ) );
#2175 = ORIENTED_EDGE('',*,*,#1177,.F.);
#2176 = ADVANCED_FACE('',(#2177),#1165,.F.);
#2177 = FACE_BOUND('',#2178,.F.);
#2178 = EDGE_LOOP('',(#2179,#2180,#2201,#2202));
#2179 = ORIENTED_EDGE('',*,*,#2155,.T.);
#2180 = ORIENTED_EDGE('',*,*,#2181,.T.);
#2181 = EDGE_CURVE('',#2133,#2083,#2182,.T.);
#2182 = SURFACE_CURVE('',#2183,(#2187,#2194),.PCURVE_S1.);
#2183 = LINE('',#2184,#2185);
#2184 = CARTESIAN_POINT('',(13.155601473772,21.277620614983,
    25.428638864298));
#2185 = VECTOR('',#2186,1.);
#2186 = DIRECTION('',(0.311197750479,0.,-0.950345179446));
#2187 = PCURVE('',#1165,#2188);
#2188 = DEFINITIONAL_REPRESENTATION('',(#2189),#2193);
#2189 = LINE('',#2190,#2191);
#2190 = CARTESIAN_POINT('',(0.,-7.772320867147));
#2191 = VECTOR('',#2192,1.);
#2192 = DIRECTION('',(1.,0.));
#2193 = ( GEOMETRIC_REPRESENTATION_CONTEXT(2) 
PARAMETRIC_REPRESENTATION_CONTEXT() REPRESENTATION_CONTEXT('2D SPACE',''
  ) );
#2194 = PCURVE('',#2045,#2195);
#2195 = DEFINITIONAL_REPRESENTATION('',(#2196),#2200);
#2196 = LINE('',#2197,#2198);
#2197 = CARTESIAN_POINT('',(0.771652972456,-6.089449833921));
#2198 = VECTOR('',#2199,1.);
#2199 = DIRECTION('',(0.311197750479,0.950345179446));
#2200 = ( GEOMETRIC_REPRESENTATION_CONTEXT(2) 
PARAMETRIC_REPRESENTATION_CONTEXT() REPRESENTATION_CONTEXT('2D SPACE',''
  ) );
#2201 = ORIENTED_EDGE('',*,*,#2082,.F.);
#2202 = ORIENTED_EDGE('',*,*,#1149,.F.);
#2203 = ADVANCED_FACE('',(#2204),#1223,.F.);
#2204 = FACE_BOUND('',#2205,.F.);
#2205 = EDGE_LOOP('',(#2206,#2229,#2257,#2278));
#2206 = ORIENTED_EDGE('',*,*,#2207,.T.);
#2207 = EDGE_CURVE('',#1206,#2208,#2210,.T.);
#2208 = VERTEX_POINT('',#2209);
#2209 = CARTESIAN_POINT('',(24.558418988206,5.67062818059,4.415144337174
    ));
#2210 = SURFACE_CURVE('',#2211,(#2215,#2222),.PCURVE_S1.);
#2211 = LINE('',#2212,#2213);
#2212 = CARTESIAN_POINT('',(24.558418988206,29.04994148213,
    4.415144337174));
#2213 = VECTOR('',#2214,1.);
#2214 = DIRECTION('',(0.,-1.,-0.));
#2215 = PCURVE('',#1223,#2216);
#2216 = DEFINITIONAL_REPRESENTATION('',(#2217),#2221);
#2217 = LINE('',#2218,#2219);
#2218 = CARTESIAN_POINT('',(0.,0.));
#2219 = VECTOR('',#2220,1.);
#2220 = DIRECTION('',(0.,-1.));
#2221 = ( GEOMETRIC_REPRESENTATION_CONTEXT(2) 
PARAMETRIC_REPRESENTATION_CONTEXT() REPRESENTATION_CONTEXT('2D SPACE',''
  ) );
#2222 = PCURVE('',#1251,#2223);
#2223 = DEFINITIONAL_REPRESENTATION('',(#2224),#2228);
#2224 = LINE('',#2225,#2226);
#2225 = CARTESIAN_POINT('',(1.,0.));
#2226 = VECTOR('',#2227,1.);
#2227 = DIRECTION('',(0.,-1.));
#2228 = ( GEOMETRIC_REPRESENTATION_CONTEXT(2) 
PARAMETRIC_REPRESENTATION_CONTEXT() REPRESENTATION_CONTEXT('2D SPACE',''
  ) );
#2229 = ORIENTED_EDGE('',*,*,#2230,.T.);
#2230 = EDGE_CURVE('',#2208,#2231,#2233,.T.);
#2231 = VERTEX_POINT('',#2232);
#2232 = CARTESIAN_POINT('',(24.642277618936,5.67062818059,3.418666675582
    ));
#2233 = SURFACE_CURVE('',#2234,(#2238,#2245),.PCURVE_S1.);
#2234 = LINE('',#2235,#2236);
#2235 = CARTESIAN_POINT('',(24.558418988206,5.67062818059,4.415144337174
    ));
#2236 = VECTOR('',#2237,1.);
#2237 = DIRECTION('',(8.385863073019E-02,0.,-0.996477661592));
#2238 = PCURVE('',#1223,#2239);
#2239 = DEFINITIONAL_REPRESENTATION('',(#2240),#2244);
#2240 = LINE('',#2241,#2242);
#2241 = CARTESIAN_POINT('',(0.,-23.37931330153));
#2242 = VECTOR('',#2243,1.);
#2243 = DIRECTION('',(1.,0.));
#2244 = ( GEOMETRIC_REPRESENTATION_CONTEXT(2) 
PARAMETRIC_REPRESENTATION_CONTEXT() REPRESENTATION_CONTEXT('2D SPACE',''
  ) );
#2245 = PCURVE('',#2246,#2251);
#2246 = PLANE('',#2247);
#2247 = AXIS2_PLACEMENT_3D('',#2248,#2249,#2250);
#2248 = CARTESIAN_POINT('',(23.737373334328,5.67062818059,3.844281801839
    ));
#2249 = DIRECTION('',(-1.314768175368E-29,1.,-2.629536350737E-29));
#2250 = DIRECTION('',(0.,2.629536350737E-29,1.));
#2251 = DEFINITIONAL_REPRESENTATION('',(#2252),#2256);
#2252 = LINE('',#2253,#2254);
#2253 = CARTESIAN_POINT('',(0.570862535335,0.821045653877));
#2254 = VECTOR('',#2255,1.);
#2255 = DIRECTION('',(-0.996477661592,8.385863073019E-02));
#2256 = ( GEOMETRIC_REPRESENTATION_CONTEXT(2) 
PARAMETRIC_REPRESENTATION_CONTEXT() REPRESENTATION_CONTEXT('2D SPACE',''
  ) );
#2257 = ORIENTED_EDGE('',*,*,#2258,.F.);
#2258 = EDGE_CURVE('',#1208,#2231,#2259,.T.);
#2259 = SURFACE_CURVE('',#2260,(#2264,#2271),.PCURVE_S1.);
#2260 = LINE('',#2261,#2262);
#2261 = CARTESIAN_POINT('',(24.642277618936,29.04994148213,
    3.418666675582));
#2262 = VECTOR('',#2263,1.);
#2263 = DIRECTION('',(0.,-1.,-0.));
#2264 = PCURVE('',#1223,#2265);
#2265 = DEFINITIONAL_REPRESENTATION('',(#2266),#2270);
#2266 = LINE('',#2267,#2268);
#2267 = CARTESIAN_POINT('',(1.,0.));
#2268 = VECTOR('',#2269,1.);
#2269 = DIRECTION('',(0.,-1.));
#2270 = ( GEOMETRIC_REPRESENTATION_CONTEXT(2) 
PARAMETRIC_REPRESENTATION_CONTEXT() REPRESENTATION_CONTEXT('2D SPACE',''
  ) );
#2271 = PCURVE('',#1361,#2272);
#2272 = DEFINITIONAL_REPRESENTATION('',(#2273),#2277);
#2273 = LINE('',#2274,#2275);
#2274 = CARTESIAN_POINT('',(0.,0.));
#2275 = VECTOR('',#2276,1.);
#2276 = DIRECTION('',(-0.,-1.));
#2277 = ( GEOMETRIC_REPRESENTATION_CONTEXT(2) 
PARAMETRIC_REPRESENTATION_CONTEXT() REPRESENTATION_CONTEXT('2D SPACE',''
  ) );
#2278 = ORIENTED_EDGE('',*,*,#1205,.F.);
#2279 = ADVANCED_FACE('',(#2280),#1361,.F.);
#2280 = FACE_BOUND('',#2281,.F.);
#2281 = EDGE_LOOP('',(#2282,#2283,#2306,#2327));
#2282 = ORIENTED_EDGE('',*,*,#2258,.T.);
#2283 = ORIENTED_EDGE('',*,*,#2284,.T.);
#2284 = EDGE_CURVE('',#2231,#2285,#2287,.T.);
#2285 = VERTEX_POINT('',#2286);
#2286 = CARTESIAN_POINT('',(23.821231965058,5.67062818059,2.847804140247
    ));
#2287 = SURFACE_CURVE('',#2288,(#2292,#2299),.PCURVE_S1.);
#2288 = LINE('',#2289,#2290);
#2289 = CARTESIAN_POINT('',(24.642277618936,5.67062818059,3.418666675582
    ));
#2290 = VECTOR('',#2291,1.);
#2291 = DIRECTION('',(-0.821045653877,0.,-0.570862535335));
#2292 = PCURVE('',#1361,#2293);
#2293 = DEFINITIONAL_REPRESENTATION('',(#2294),#2298);
#2294 = LINE('',#2295,#2296);
#2295 = CARTESIAN_POINT('',(-0.,-23.37931330153));
#2296 = VECTOR('',#2297,1.);
#2297 = DIRECTION('',(1.,0.));
#2298 = ( GEOMETRIC_REPRESENTATION_CONTEXT(2) 
PARAMETRIC_REPRESENTATION_CONTEXT() REPRESENTATION_CONTEXT('2D SPACE',''
  ) );
#2299 = PCURVE('',#2246,#2300);
#2300 = DEFINITIONAL_REPRESENTATION('',(#2301),#2305);
#2301 = LINE('',#2302,#2303);
#2302 = CARTESIAN_POINT('',(-0.425615126257,0.904904284608));
#2303 = VECTOR('',#2304,1.);
#2304 = DIRECTION('',(-0.570862535335,-0.821045653877));
#2305 = ( GEOMETRIC_REPRESENTATION_CONTEXT(2) 
PARAMETRIC_REPRESENTATION_CONTEXT() REPRESENTATION_CONTEXT('2D SPACE',''
  ) );
#2306 = ORIENTED_EDGE('',*,*,#2307,.F.);
#2307 = EDGE_CURVE('',#1320,#2285,#2308,.T.);
#2308 = SURFACE_CURVE('',#2309,(#2313,#2320),.PCURVE_S1.);
#2309 = LINE('',#2310,#2311);
#2310 = CARTESIAN_POINT('',(23.821231965058,29.04994148213,
    2.847804140247));
#2311 = VECTOR('',#2312,1.);
#2312 = DIRECTION('',(0.,-1.,-0.));
#2313 = PCURVE('',#1361,#2314);
#2314 = DEFINITIONAL_REPRESENTATION('',(#2315),#2319);
#2315 = LINE('',#2316,#2317);
#2316 = CARTESIAN_POINT('',(1.,0.));
#2317 = VECTOR('',#2318,1.);
#2318 = DIRECTION('',(-0.,-1.));
#2319 = ( GEOMETRIC_REPRESENTATION_CONTEXT(2) 
PARAMETRIC_REPRESENTATION_CONTEXT() REPRESENTATION_CONTEXT('2D SPACE',''
  ) );
#2320 = PCURVE('',#1335,#2321);
#2321 = DEFINITIONAL_REPRESENTATION('',(#2322),#2326);
#2322 = LINE('',#2323,#2324);
#2323 = CARTESIAN_POINT('',(0.,0.));
#2324 = VECTOR('',#2325,1.);
#2325 = DIRECTION('',(0.,-1.));
#2326 = ( GEOMETRIC_REPRESENTATION_CONTEXT(2) 
PARAMETRIC_REPRESENTATION_CONTEXT() REPRESENTATION_CONTEXT('2D SPACE',''
  ) );
#2327 = ORIENTED_EDGE('',*,*,#1347,.F.);
#2328 = ADVANCED_FACE('',(#2329),#1335,.F.);
#2329 = FACE_BOUND('',#2330,.F.);
#2330 = EDGE_LOOP('',(#2331,#2332,#2355,#2376));
#2331 = ORIENTED_EDGE('',*,*,#2307,.T.);
#2332 = ORIENTED_EDGE('',*,*,#2333,.T.);
#2333 = EDGE_CURVE('',#2285,#2334,#2336,.T.);
#2334 = VERTEX_POINT('',#2335);
#2335 = CARTESIAN_POINT('',(22.916327680451,5.67062818059,3.273419266504
    ));
#2336 = SURFACE_CURVE('',#2337,(#2341,#2348),.PCURVE_S1.);
#2337 = LINE('',#2338,#2339);
#2338 = CARTESIAN_POINT('',(23.821231965058,5.67062818059,2.847804140247
    ));
#2339 = VECTOR('',#2340,1.);
#2340 = DIRECTION('',(-0.904904284608,0.,0.425615126257));
#2341 = PCURVE('',#1335,#2342);
#2342 = DEFINITIONAL_REPRESENTATION('',(#2343),#2347);
#2343 = LINE('',#2344,#2345);
#2344 = CARTESIAN_POINT('',(0.,-23.37931330153));
#2345 = VECTOR('',#2346,1.);
#2346 = DIRECTION('',(1.,0.));
#2347 = ( GEOMETRIC_REPRESENTATION_CONTEXT(2) 
PARAMETRIC_REPRESENTATION_CONTEXT() REPRESENTATION_CONTEXT('2D SPACE',''
  ) );
#2348 = PCURVE('',#2246,#2349);
#2349 = DEFINITIONAL_REPRESENTATION('',(#2350),#2354);
#2350 = LINE('',#2351,#2352);
#2351 = CARTESIAN_POINT('',(-0.996477661592,8.38586307302E-02));
#2352 = VECTOR('',#2353,1.);
#2353 = DIRECTION('',(0.425615126257,-0.904904284608));
#2354 = ( GEOMETRIC_REPRESENTATION_CONTEXT(2) 
PARAMETRIC_REPRESENTATION_CONTEXT() REPRESENTATION_CONTEXT('2D SPACE',''
  ) );
#2355 = ORIENTED_EDGE('',*,*,#2356,.F.);
#2356 = EDGE_CURVE('',#1292,#2334,#2357,.T.);
#2357 = SURFACE_CURVE('',#2358,(#2362,#2369),.PCURVE_S1.);
#2358 = LINE('',#2359,#2360);
#2359 = CARTESIAN_POINT('',(22.916327680451,29.04994148213,
    3.273419266504));
#2360 = VECTOR('',#2361,1.);
#2361 = DIRECTION('',(0.,-1.,-0.));
#2362 = PCURVE('',#1335,#2363);
#2363 = DEFINITIONAL_REPRESENTATION('',(#2364),#2368);
#2364 = LINE('',#2365,#2366);
#2365 = CARTESIAN_POINT('',(1.,0.));
#2366 = VECTOR('',#2367,1.);
#2367 = DIRECTION('',(0.,-1.));
#2368 = ( GEOMETRIC_REPRESENTATION_CONTEXT(2) 
PARAMETRIC_REPRESENTATION_CONTEXT() REPRESENTATION_CONTEXT('2D SPACE',''
  ) );
#2369 = PCURVE('',#1307,#2370);
#2370 = DEFINITIONAL_REPRESENTATION('',(#2371),#2375);
#2371 = LINE('',#2372,#2373);
#2372 = CARTESIAN_POINT('',(0.,0.));
#2373 = VECTOR('',#2374,1.);
#2374 = DIRECTION('',(0.,-1.));
#2375 = ( GEOMETRIC_REPRESENTATION_CONTEXT(2) 
PARAMETRIC_REPRESENTATION_CONTEXT() REPRESENTATION_CONTEXT('2D SPACE',''
  ) );
#2376 = ORIENTED_EDGE('',*,*,#1319,.F.);
#2377 = ADVANCED_FACE('',(#2378),#1307,.F.);
#2378 = FACE_BOUND('',#2379,.F.);
#2379 = EDGE_LOOP('',(#2380,#2381,#2404,#2425));
#2380 = ORIENTED_EDGE('',*,*,#2356,.T.);
#2381 = ORIENTED_EDGE('',*,*,#2382,.T.);
#2382 = EDGE_CURVE('',#2334,#2383,#2385,.T.);
#2383 = VERTEX_POINT('',#2384);
#2384 = CARTESIAN_POINT('',(22.832469049721,5.67062818059,4.269896928096
    ));
#2385 = SURFACE_CURVE('',#2386,(#2390,#2397),.PCURVE_S1.);
#2386 = LINE('',#2387,#2388);
#2387 = CARTESIAN_POINT('',(22.916327680451,5.67062818059,3.273419266504
    ));
#2388 = VECTOR('',#2389,1.);
#2389 = DIRECTION('',(-8.38586307302E-02,0.,0.996477661592));
#2390 = PCURVE('',#1307,#2391);
#2391 = DEFINITIONAL_REPRESENTATION('',(#2392),#2396);
#2392 = LINE('',#2393,#2394);
#2393 = CARTESIAN_POINT('',(0.,-23.37931330153));
#2394 = VECTOR('',#2395,1.);
#2395 = DIRECTION('',(1.,0.));
#2396 = ( GEOMETRIC_REPRESENTATION_CONTEXT(2) 
PARAMETRIC_REPRESENTATION_CONTEXT() REPRESENTATION_CONTEXT('2D SPACE',''
  ) );
#2397 = PCURVE('',#2246,#2398);
#2398 = DEFINITIONAL_REPRESENTATION('',(#2399),#2403);
#2399 = LINE('',#2400,#2401);
#2400 = CARTESIAN_POINT('',(-0.570862535335,-0.821045653877));
#2401 = VECTOR('',#2402,1.);
#2402 = DIRECTION('',(0.996477661592,-8.38586307302E-02));
#2403 = ( GEOMETRIC_REPRESENTATION_CONTEXT(2) 
PARAMETRIC_REPRESENTATION_CONTEXT() REPRESENTATION_CONTEXT('2D SPACE',''
  ) );
#2404 = ORIENTED_EDGE('',*,*,#2405,.F.);
#2405 = EDGE_CURVE('',#1264,#2383,#2406,.T.);
#2406 = SURFACE_CURVE('',#2407,(#2411,#2418),.PCURVE_S1.);
#2407 = LINE('',#2408,#2409);
#2408 = CARTESIAN_POINT('',(22.832469049721,29.04994148213,
    4.269896928096));
#2409 = VECTOR('',#2410,1.);
#2410 = DIRECTION('',(0.,-1.,-0.));
#2411 = PCURVE('',#1307,#2412);
#2412 = DEFINITIONAL_REPRESENTATION('',(#2413),#2417);
#2413 = LINE('',#2414,#2415);
#2414 = CARTESIAN_POINT('',(1.,0.));
#2415 = VECTOR('',#2416,1.);
#2416 = DIRECTION('',(0.,-1.));
#2417 = ( GEOMETRIC_REPRESENTATION_CONTEXT(2) 
PARAMETRIC_REPRESENTATION_CONTEXT() REPRESENTATION_CONTEXT('2D SPACE',''
  ) );
#2418 = PCURVE('',#1279,#2419);
#2419 = DEFINITIONAL_REPRESENTATION('',(#2420),#2424);
#2420 = LINE('',#2421,#2422);
#2421 = CARTESIAN_POINT('',(0.,0.));
#2422 = VECTOR('',#2423,1.);
#2423 = DIRECTION('',(0.,-1.));
#2424 = ( GEOMETRIC_REPRESENTATION_CONTEXT(2) 
PARAMETRIC_REPRESENTATION_CONTEXT() REPRESENTATION_CONTEXT('2D SPACE',''
  ) );
#2425 = ORIENTED_EDGE('',*,*,#1291,.F.);
#2426 = ADVANCED_FACE('',(#2427),#1279,.F.);
#2427 = FACE_BOUND('',#2428,.F.);
#2428 = EDGE_LOOP('',(#2429,#2430,#2453,#2474));
#2429 = ORIENTED_EDGE('',*,*,#2405,.T.);
#2430 = ORIENTED_EDGE('',*,*,#2431,.T.);
#2431 = EDGE_CURVE('',#2383,#2432,#2434,.T.);
#2432 = VERTEX_POINT('',#2433);
#2433 = CARTESIAN_POINT('',(23.653514703598,5.67062818059,4.840759463431
    ));
#2434 = SURFACE_CURVE('',#2435,(#2439,#2446),.PCURVE_S1.);
#2435 = LINE('',#2436,#2437);
#2436 = CARTESIAN_POINT('',(22.832469049721,5.67062818059,4.269896928096
    ));
#2437 = VECTOR('',#2438,1.);
#2438 = DIRECTION('',(0.821045653877,0.,0.570862535335));
#2439 = PCURVE('',#1279,#2440);
#2440 = DEFINITIONAL_REPRESENTATION('',(#2441),#2445);
#2441 = LINE('',#2442,#2443);
#2442 = CARTESIAN_POINT('',(0.,-23.37931330153));
#2443 = VECTOR('',#2444,1.);
#2444 = DIRECTION('',(1.,0.));
#2445 = ( GEOMETRIC_REPRESENTATION_CONTEXT(2) 
PARAMETRIC_REPRESENTATION_CONTEXT() REPRESENTATION_CONTEXT('2D SPACE',''
  ) );
#2446 = PCURVE('',#2246,#2447);
#2447 = DEFINITIONAL_REPRESENTATION('',(#2448),#2452);
#2448 = LINE('',#2449,#2450);
#2449 = CARTESIAN_POINT('',(0.425615126257,-0.904904284608));
#2450 = VECTOR('',#2451,1.);
#2451 = DIRECTION('',(0.570862535335,0.821045653877));
#2452 = ( GEOMETRIC_REPRESENTATION_CONTEXT(2) 
PARAMETRIC_REPRESENTATION_CONTEXT() REPRESENTATION_CONTEXT('2D SPACE',''
  ) );
#2453 = ORIENTED_EDGE('',*,*,#2454,.F.);
#2454 = EDGE_CURVE('',#1236,#2432,#2455,.T.);
#2455 = SURFACE_CURVE('',#2456,(#2460,#2467),.PCURVE_S1.);
#2456 = LINE('',#2457,#2458);
#2457 = CARTESIAN_POINT('',(23.653514703598,29.04994148213,
    4.840759463431));
#2458 = VECTOR('',#2459,1.);
#2459 = DIRECTION('',(0.,-1.,-0.));
#2460 = PCURVE('',#1279,#2461);
#2461 = DEFINITIONAL_REPRESENTATION('',(#2462),#2466);
#2462 = LINE('',#2463,#2464);
#2463 = CARTESIAN_POINT('',(1.,0.));
#2464 = VECTOR('',#2465,1.);
#2465 = DIRECTION('',(0.,-1.));
#2466 = ( GEOMETRIC_REPRESENTATION_CONTEXT(2) 
PARAMETRIC_REPRESENTATION_CONTEXT() REPRESENTATION_CONTEXT('2D SPACE',''
  ) );
#2467 = PCURVE('',#1251,#2468);
#2468 = DEFINITIONAL_REPRESENTATION('',(#2469),#2473);
#2469 = LINE('',#2470,#2471);
#2470 = CARTESIAN_POINT('',(0.,0.));
#2471 = VECTOR('',#2472,1.);
#2472 = DIRECTION('',(0.,-1.));
#2473 = ( GEOMETRIC_REPRESENTATION_CONTEXT(2) 
PARAMETRIC_REPRESENTATION_CONTEXT() REPRESENTATION_CONTEXT('2D SPACE',''
  ) );
#2474 = ORIENTED_EDGE('',*,*,#1263,.F.);
#2475 = ADVANCED_FACE('',(#2476),#1251,.F.);
#2476 = FACE_BOUND('',#2477,.F.);
#2477 = EDGE_LOOP('',(#2478,#2479,#2500,#2501));
#2478 = ORIENTED_EDGE('',*,*,#2454,.T.);
#2479 = ORIENTED_EDGE('',*,*,#2480,.T.);
#2480 = EDGE_CURVE('',#2432,#2208,#2481,.T.);
#2481 = SURFACE_CURVE('',#2482,(#2486,#2493),.PCURVE_S1.);
#2482 = LINE('',#2483,#2484);
#2483 = CARTESIAN_POINT('',(23.653514703598,5.67062818059,4.840759463431
    ));
#2484 = VECTOR('',#2485,1.);
#2485 = DIRECTION('',(0.904904284608,0.,-0.425615126257));
#2486 = PCURVE('',#1251,#2487);
#2487 = DEFINITIONAL_REPRESENTATION('',(#2488),#2492);
#2488 = LINE('',#2489,#2490);
#2489 = CARTESIAN_POINT('',(0.,-23.37931330153));
#2490 = VECTOR('',#2491,1.);
#2491 = DIRECTION('',(1.,0.));
#2492 = ( GEOMETRIC_REPRESENTATION_CONTEXT(2) 
PARAMETRIC_REPRESENTATION_CONTEXT() REPRESENTATION_CONTEXT('2D SPACE',''
  ) );
#2493 = PCURVE('',#2246,#2494);
#2494 = DEFINITIONAL_REPRESENTATION('',(#2495),#2499);
#2495 = LINE('',#2496,#2497);
#2496 = CARTESIAN_POINT('',(0.996477661592,-8.38586307302E-02));
#2497 = VECTOR('',#2498,1.);
#2498 = DIRECTION('',(-0.425615126257,0.904904284608));
#2499 = ( GEOMETRIC_REPRESENTATION_CONTEXT(2) 
PARAMETRIC_REPRESENTATION_CONTEXT() REPRESENTATION_CONTEXT('2D SPACE',''
  ) );
#2500 = ORIENTED_EDGE('',*,*,#2207,.F.);
#2501 = ORIENTED_EDGE('',*,*,#1235,.F.);
#2502 = ADVANCED_FACE('',(#2503),#1439,.F.);
#2503 = FACE_BOUND('',#2504,.F.);
#2504 = EDGE_LOOP('',(#2505,#2506,#2507,#2508));
#2505 = ORIENTED_EDGE('',*,*,#1423,.F.);
#2506 = ORIENTED_EDGE('',*,*,#1876,.T.);
#2507 = ORIENTED_EDGE('',*,*,#1980,.T.);
#2508 = ORIENTED_EDGE('',*,*,#1928,.F.);
#2509 = ADVANCED_FACE('',(#2510,#2513),#1569,.T.);
#2510 = FACE_BOUND('',#2511,.T.);
#2511 = EDGE_LOOP('',(#2512));
#2512 = ORIENTED_EDGE('',*,*,#1554,.T.);
#2513 = FACE_BOUND('',#2514,.T.);
#2514 = EDGE_LOOP('',(#2515));
#2515 = ORIENTED_EDGE('',*,*,#2516,.T.);
#2516 = EDGE_CURVE('',#2517,#2517,#2519,.T.);
#2517 = VERTEX_POINT('',#2518);
#2518 = CARTESIAN_POINT('',(4.578782708506,3.023138036212,2.694287181147
    ));
#2519 = SURFACE_CURVE('',#2520,(#2525,#2536),.PCURVE_S1.);
#2520 = CIRCLE('',#2521,0.795829929357);
#2521 = AXIS2_PLACEMENT_3D('',#2522,#2523,#2524);
#2522 = CARTESIAN_POINT('',(4.578782708506,3.023138036212,3.490117110504
    ));
#2523 = DIRECTION('',(0.,-1.,0.));
#2524 = DIRECTION('',(0.,0.,-1.));
#2525 = PCURVE('',#1569,#2526);
#2526 = DEFINITIONAL_REPRESENTATION('',(#2527),#2535);
#2527 = ( BOUNDED_CURVE() B_SPLINE_CURVE(2,(#2528,#2529,#2530,#2531,
#2532,#2533,#2534),.UNSPECIFIED.,.T.,.F.) B_SPLINE_CURVE_WITH_KNOTS((1,2
    ,2,2,2,1),(-2.094395102393,0.,2.094395102393,4.188790204786,
6.28318530718,8.377580409573),.UNSPECIFIED.) CURVE() 
GEOMETRIC_REPRESENTATION_ITEM() RATIONAL_B_SPLINE_CURVE((1.,0.5,1.,0.5,
1.,0.5,1.)) REPRESENTATION_ITEM('') );
#2528 = CARTESIAN_POINT('',(-0.795829929357,8.881784197001E-16));
#2529 = CARTESIAN_POINT('',(-0.795829929357,1.37841787183));
#2530 = CARTESIAN_POINT('',(0.397914964678,0.689208935915));
#2531 = CARTESIAN_POINT('',(1.591659858714,1.083100534831E-15));
#2532 = CARTESIAN_POINT('',(0.397914964678,-0.689208935915));
#2533 = CARTESIAN_POINT('',(-0.795829929357,-1.37841787183));
#2534 = CARTESIAN_POINT('',(-0.795829929357,8.881784197001E-16));
#2535 = ( GEOMETRIC_REPRESENTATION_CONTEXT(2) 
PARAMETRIC_REPRESENTATION_CONTEXT() REPRESENTATION_CONTEXT('2D SPACE',''
  ) );
#2536 = PCURVE('',#2537,#2542);
#2537 = CYLINDRICAL_SURFACE('',#2538,0.795829929357);
#2538 = AXIS2_PLACEMENT_3D('',#2539,#2540,#2541);
#2539 = CARTESIAN_POINT('',(4.578782708506,8.625311646426,3.490117110504
    ));
#2540 = DIRECTION('',(-0.,1.,-0.));
#2541 = DIRECTION('',(0.,0.,-1.));
#2542 = DEFINITIONAL_REPRESENTATION('',(#2543),#2547);
#2543 = LINE('',#2544,#2545);
#2544 = CARTESIAN_POINT('',(-0.,-5.602173610214));
#2545 = VECTOR('',#2546,1.);
#2546 = DIRECTION('',(-1.,0.));
#2547 = ( GEOMETRIC_REPRESENTATION_CONTEXT(2) 
PARAMETRIC_REPRESENTATION_CONTEXT() REPRESENTATION_CONTEXT('2D SPACE',''
  ) );
#2548 = ADVANCED_FACE('',(#2549),#2045,.T.);
#2549 = FACE_BOUND('',#2550,.T.);
#2550 = EDGE_LOOP('',(#2551,#2552,#2553,#2554));
#2551 = ORIENTED_EDGE('',*,*,#2029,.T.);
#2552 = ORIENTED_EDGE('',*,*,#2132,.T.);
#2553 = ORIENTED_EDGE('',*,*,#2181,.T.);
#2554 = ORIENTED_EDGE('',*,*,#2105,.T.);
#2555 = ADVANCED_FACE('',(#2556),#2246,.T.);
#2556 = FACE_BOUND('',#2557,.T.);
#2557 = EDGE_LOOP('',(#2558,#2559,#2560,#2561,#2562,#2563));
#2558 = ORIENTED_EDGE('',*,*,#2230,.T.);
#2559 = ORIENTED_EDGE('',*,*,#2284,.T.);
#2560 = ORIENTED_EDGE('',*,*,#2333,.T.);
#2561 = ORIENTED_EDGE('',*,*,#2382,.T.);
#2562 = ORIENTED_EDGE('',*,*,#2431,.T.);
#2563 = ORIENTED_EDGE('',*,*,#2480,.T.);
#2564 = ADVANCED_FACE('',(#2565),#2537,.T.);
#2565 = FACE_BOUND('',#2566,.F.);
#2566 = EDGE_LOOP('',(#2567,#2590,#2591,#2592));
#2567 = ORIENTED_EDGE('',*,*,#2568,.T.);
#2568 = EDGE_CURVE('',#2569,#2517,#2571,.T.);
#2569 = VERTEX_POINT('',#2570);
#2570 = CARTESIAN_POINT('',(4.578782708506,8.625311646426,2.694287181147
    ));
#2571 = SEAM_CURVE('',#2572,(#2576,#2583),.PCURVE_S1.);
#2572 = LINE('',#2573,#2574);
#2573 = CARTESIAN_POINT('',(4.578782708506,8.625311646426,2.694287181147
    ));
#2574 = VECTOR('',#2575,1.);
#2575 = DIRECTION('',(-0.,-1.,-0.));
#2576 = PCURVE('',#2537,#2577);
#2577 = DEFINITIONAL_REPRESENTATION('',(#2578),#2582);
#2578 = LINE('',#2579,#2580);
#2579 = CARTESIAN_POINT('',(-0.,0.));
#2580 = VECTOR('',#2581,1.);
#2581 = DIRECTION('',(-0.,-1.));
#2582 = ( GEOMETRIC_REPRESENTATION_CONTEXT(2) 
PARAMETRIC_REPRESENTATION_CONTEXT() REPRESENTATION_CONTEXT('2D SPACE',''
  ) );
#2583 = PCURVE('',#2537,#2584);
#2584 = DEFINITIONAL_REPRESENTATION('',(#2585),#2589);
#2585 = LINE('',#2586,#2587);
#2586 = CARTESIAN_POINT('',(-6.28318530718,0.));
#2587 = VECTOR('',#2588,1.);
#2588 = DIRECTION('',(-0.,-1.));
#2589 = ( GEOMETRIC_REPRESENTATION_CONTEXT(2) 
PARAMETRIC_REPRESENTATION_CONTEXT() REPRESENTATION_CONTEXT('2D SPACE',''
  ) );
#2590 = ORIENTED_EDGE('',*,*,#2516,.T.);
#2591 = ORIENTED_EDGE('',*,*,#2568,.F.);
#2592 = ORIENTED_EDGE('',*,*,#2593,.F.);
#2593 = EDGE_CURVE('',#2569,#2569,#2594,.T.);
#2594 = SURFACE_CURVE('',#2595,(#2600,#2607),.PCURVE_S1.);
#2595 = CIRCLE('',#2596,0.795829929357);
#2596 = AXIS2_PLACEMENT_3D('',#2597,#2598,#2599);
#2597 = CARTESIAN_POINT('',(4.578782708506,8.625311646426,3.490117110504
    ));
#2598 = DIRECTION('',(0.,-1.,0.));
#2599 = DIRECTION('',(0.,0.,-1.));
#2600 = PCURVE('',#2537,#2601);
#2601 = DEFINITIONAL_REPRESENTATION('',(#2602),#2606);
#2602 = LINE('',#2603,#2604);
#2603 = CARTESIAN_POINT('',(-0.,0.));
#2604 = VECTOR('',#2605,1.);
#2605 = DIRECTION('',(-1.,0.));
#2606 = ( GEOMETRIC_REPRESENTATION_CONTEXT(2) 
PARAMETRIC_REPRESENTATION_CONTEXT() REPRESENTATION_CONTEXT('2D SPACE',''
  ) );
#2607 = PCURVE('',#2608,#2613);
#2608 = PLANE('',#2609);
#2609 = AXIS2_PLACEMENT_3D('',#2610,#2611,#2612);
#2610 = CARTESIAN_POINT('',(2.394634433867,8.625311646426,
    10.877458526498));
#2611 = DIRECTION('',(0.,1.,0.));
#2612 = DIRECTION('',(0.,-0.,1.));
#2613 = DEFINITIONAL_REPRESENTATION('',(#2614),#2622);
#2614 = ( BOUNDED_CURVE() B_SPLINE_CURVE(2,(#2615,#2616,#2617,#2618,
#2619,#2620,#2621),.UNSPECIFIED.,.T.,.F.) B_SPLINE_CURVE_WITH_KNOTS((1,2
    ,2,2,2,1),(-2.094395102393,0.,2.094395102393,4.188790204786,
6.28318530718,8.377580409573),.UNSPECIFIED.) CURVE() 
GEOMETRIC_REPRESENTATION_ITEM() RATIONAL_B_SPLINE_CURVE((1.,0.5,1.,0.5,
1.,0.5,1.)) REPRESENTATION_ITEM('') );
#2615 = CARTESIAN_POINT('',(-8.183171345351,2.184148274639));
#2616 = CARTESIAN_POINT('',(-8.183171345351,3.562566146469));
#2617 = CARTESIAN_POINT('',(-6.989426451316,2.873357210554));
#2618 = CARTESIAN_POINT('',(-5.79568155728,2.184148274639));
#2619 = CARTESIAN_POINT('',(-6.989426451316,1.494939338724));
#2620 = CARTESIAN_POINT('',(-8.183171345351,0.805730402809));
#2621 = CARTESIAN_POINT('',(-8.183171345351,2.184148274639));
#2622 = ( GEOMETRIC_REPRESENTATION_CONTEXT(2) 
PARAMETRIC_REPRESENTATION_CONTEXT() REPRESENTATION_CONTEXT('2D SPACE',''
  ) );
#2623 = ADVANCED_FACE('',(#2624),#2608,.T.);
#2624 = FACE_BOUND('',#2625,.T.);
#2625 = EDGE_LOOP('',(#2626));
#2626 = ORIENTED_EDGE('',*,*,#2593,.F.);
#2627 = ( GEOMETRIC_REPRESENTATION_CONTEXT(3) 
GLOBAL_UNCERTAINTY_ASSIGNED_CONTEXT((#2631)) 
GLOBAL_UNIT_ASSIGNED_CONTEXT((#2628,#2629,#2630)) REPRESENTATION_CONTEXT
('Context #1','3D Context with UNIT and UNCERTAINTY') );
#2628 = ( LENGTH_UNIT() NAMED_UNIT(*) SI_UNIT(.MILLI.,.METRE.) );
#2629 = ( NAMED_UNIT(*) PLANE_ANGLE_UNIT() SI_UNIT($,.RADIAN.) );
#2630 = ( NAMED_UNIT(*) SI_UNIT($,.STERADIAN.) SOLID_ANGLE_UNIT() );
#2631 = UNCERTAINTY_MEASURE_WITH_UNIT(LENGTH_MEASURE(1.E-07),#2628,
  'distance_accuracy_value','confusion accuracy');
#2632 = PRODUCT_RELATED_PRODUCT_CATEGORY('part',$,(#7));
ENDSEC;
END-ISO-10303-21;
