ISO-10303-21;
HEADER;
FILE_DESCRIPTION (( 'STEP AP214' ),
    '1' );
FILE_NAME ('20260414_160844_124.STEP',
    '2026-04-16T15:02:58',
    ( '' ),
    ( '' ),
    'SwSTEP 2.0',
    'SolidWorks 2025',
    '' );
FILE_SCHEMA (( 'AUTOMOTIVE_DESIGN' ));
ENDSEC;

DATA;
#1 = SURFACE_SIDE_STYLE ('',( #1468 ) ) ;
#2 = ADVANCED_FACE ( 'NONE', ( #520, #406, #414 ), #83, .T. ) ;
#3 = ORIENTED_EDGE ( 'NONE', *, *, #971, .F. ) ;
#4 = EDGE_LOOP ( 'NONE', ( #711 ) ) ;
#5 = CARTESIAN_POINT ( 'NONE',  ( 13.93918618330100045, 16.60756779025599883, 0.000000000000000000 ) ) ;
#6 = DIRECTION ( 'NONE',  ( 0.000000000000000000, -1.000000000000000000, 0.000000000000000000 ) ) ;
#7 = LINE ( 'NONE', #1039, #409 ) ;
#8 = FACE_OUTER_BOUND ( 'NONE', #1249, .T. ) ;
#9 = EDGE_CURVE ( 'NONE', #887, #968, #882, .T. ) ;
#10 = VERTEX_POINT ( 'NONE', #1107 ) ;
#11 = ORIENTED_EDGE ( 'NONE', *, *, #20, .T. ) ;
#12 = CARTESIAN_POINT ( 'NONE',  ( 9.757037556830999492, 26.15414717316300042, 17.33338968061899976 ) ) ;
#13 = VECTOR ( 'NONE', #1119, 1000.000000000000000 ) ;
#14 = CARTESIAN_POINT ( 'NONE',  ( 0.000000000000000000, 0.000000000000000000, 41.82078424706600117 ) ) ;
#15 = CARTESIAN_POINT ( 'NONE',  ( 4.073044295954000305, 6.603245602596000019, 17.36736237962099949 ) ) ;
#16 = EDGE_CURVE ( 'NONE', #1233, #494, #681, .T. ) ;
#17 = CARTESIAN_POINT ( 'NONE',  ( 18.62548694449800024, 6.680611135856999283, 32.83740183792999545 ) ) ;
#18 =( BOUNDED_CURVE ( )  B_SPLINE_CURVE ( 3, ( #583, #1052, #1038, #1351 ),
 .UNSPECIFIED., .F., .F. ) 
 B_SPLINE_CURVE_WITH_KNOTS ( ( 4, 4 ),
 ( 2.420976114870402096, 2.424621219441880804 ),
 .UNSPECIFIED. ) 
 CURVE ( )  GEOMETRIC_REPRESENTATION_ITEM ( )  RATIONAL_B_SPLINE_CURVE ( ( 1.000000000000000000, 0.9999988927680283357, 0.9999988927680283357, 1.000000000000000000 ) ) 
 REPRESENTATION_ITEM ( '' )  );
#19 = ORIENTED_EDGE ( 'NONE', *, *, #154, .F. ) ;
#20 = EDGE_CURVE ( 'NONE', #129, #1130, #1002, .T. ) ;
#21 = ORIENTED_EDGE ( 'NONE', *, *, #1367, .F. ) ;
#22 = FACE_OUTER_BOUND ( 'NONE', #1020, .T. ) ;
#23 = CARTESIAN_POINT ( 'NONE',  ( 17.14929940160600097, 7.586630086106000093, 86.96483985922499471 ) ) ;
#24 = CARTESIAN_POINT ( 'NONE',  ( 15.16337573860399957, 16.60756779025599883, 0.000000000000000000 ) ) ;
#25 = ORIENTED_EDGE ( 'NONE', *, *, #992, .F. ) ;
#26 = AXIS2_PLACEMENT_3D ( 'NONE', #1215, #1103, #80 ) ;
#27 = ORIENTED_EDGE ( 'NONE', *, *, #927, .F. ) ;
#28 = FACE_OUTER_BOUND ( 'NONE', #616, .T. ) ;
#29 = CARTESIAN_POINT ( 'NONE',  ( 0.000000000000000000, 0.000000000000000000, 0.000000000000000000 ) ) ;
#30 = EDGE_CURVE ( 'NONE', #492, #1460, #1245, .T. ) ;
#31 = CARTESIAN_POINT ( 'NONE',  ( 17.67238968642300279, 8.438907361368999105, 49.17718059334600156 ) ) ;
#32 = ORIENTED_EDGE ( 'NONE', *, *, #231, .F. ) ;
#33 = ORIENTED_EDGE ( 'NONE', *, *, #1395, .T. ) ;
#34 = CARTESIAN_POINT ( 'NONE',  ( 7.132251667104999804, 8.308919911444000661, 49.32368865552899706 ) ) ;
#35 = CARTESIAN_POINT ( 'NONE',  ( 19.14857722931500206, 7.532888411121000161, 50.10253024914400299 ) ) ;
#36 = DIRECTION ( 'NONE',  ( -1.000000000000000000, 0.000000000000000000, 0.000000000000000000 ) ) ;
#37 = AXIS2_PLACEMENT_3D ( 'NONE', #1440, #984, #1007 ) ;
#38 = ORIENTED_EDGE ( 'NONE', *, *, #468, .F. ) ;
#39 = EDGE_LOOP ( 'NONE', ( #951, #865, #1029, #3 ) ) ;
#40 = DIRECTION ( 'NONE',  ( 1.000000000000000000, 0.000000000000000000, 0.000000000000000000 ) ) ;
#41 = CARTESIAN_POINT ( 'NONE',  ( 7.729453406105999846, 25.03233896842699835, 54.23869830368299461 ) ) ;
#42 = CARTESIAN_POINT ( 'NONE',  ( 7.132251667104999804, 8.308919911444000661, 34.31787983860400004 ) ) ;
#43 = EDGE_CURVE ( 'NONE', #588, #876, #1138, .T. ) ;
#44 = CARTESIAN_POINT ( 'NONE',  ( 15.84453021184799937, 26.15414717316300042, 31.47749404744100588 ) ) ;
#45 = VECTOR ( 'NONE', #480, 1000.000000000000114 ) ;
#46 = ORIENTED_EDGE ( 'NONE', *, *, #1257, .T. ) ;
#47 = CIRCLE ( 'NONE', #283, 3.480928438805000358 ) ;
#48 = EDGE_CURVE ( 'NONE', #171, #204, #336, .T. ) ;
#49 = ORIENTED_EDGE ( 'NONE', *, *, #1042, .T. ) ;
#50 = CARTESIAN_POINT ( 'NONE',  ( 7.729453406105999846, 26.15414717316300042, 73.23524942702900375 ) ) ;
#51 = AXIS2_PLACEMENT_3D ( 'NONE', #374, #842, #40 ) ;
#52 = DIRECTION ( 'NONE',  ( 0.000000000000000000, 0.000000000000000000, 1.000000000000000000 ) ) ;
#53 = VERTEX_POINT ( 'NONE', #431 ) ;
#54 = ORIENTED_EDGE ( 'NONE', *, *, #277, .T. ) ;
#55 = LINE ( 'NONE', #257, #884 ) ;
#56 = FACE_OUTER_BOUND ( 'NONE', #1461, .T. ) ;
#57 = EDGE_CURVE ( 'NONE', #300, #629, #1462, .T. ) ;
#58 = VECTOR ( 'NONE', #578, 1000.000000000000114 ) ;
#59 = VERTEX_POINT ( 'NONE', #673 ) ;
#60 = ORIENTED_EDGE ( 'NONE', *, *, #166, .F. ) ;
#61 = LINE ( 'NONE', #1325, #980 ) ;
#62 = EDGE_CURVE ( 'NONE', #1396, #341, #931, .T. ) ;
#63 = CARTESIAN_POINT ( 'NONE',  ( 17.67238968642300279, 8.438907361368999105, 0.000000000000000000 ) ) ;
#64 = ORIENTED_EDGE ( 'NONE', *, *, #1065, .F. ) ;
#65 = ORIENTED_EDGE ( 'NONE', *, *, #1065, .T. ) ;
#66 = FACE_OUTER_BOUND ( 'NONE', #783, .T. ) ;
#67 = EDGE_CURVE ( 'NONE', #1293, #1185, #806, .T. ) ;
#68 = LINE ( 'NONE', #298, #874 ) ;
#69 = AXIS2_PLACEMENT_3D ( 'NONE', #996, #196, #1446 ) ;
#70 = LINE ( 'NONE', #1235, #330 ) ;
#71 = EDGE_CURVE ( 'NONE', #341, #1102, #109, .T. ) ;
#72 = ORIENTED_EDGE ( 'NONE', *, *, #736, .F. ) ;
#73 = ORIENTED_EDGE ( 'NONE', *, *, #707, .F. ) ;
#74 = DIRECTION ( 'NONE',  ( 0.000000000000000000, -1.000000000000000000, 0.000000000000000000 ) ) ;
#75 = DIRECTION ( 'NONE',  ( 0.000000000000000000, 0.000000000000000000, 1.000000000000000000 ) ) ;
#76 = CARTESIAN_POINT ( 'NONE',  ( 19.14857722931500206, 7.532888411121000161, 0.000000000000000000 ) ) ;
#77 = DIRECTION ( 'NONE',  ( -1.000000000000000000, 0.000000000000000000, 0.000000000000000000 ) ) ;
#78 = CARTESIAN_POINT ( 'NONE',  ( 17.62584803064399708, 6.707481973350000182, 50.78412125035399782 ) ) ;
#79 = ORIENTED_EDGE ( 'NONE', *, *, #1319, .T. ) ;
#80 = DIRECTION ( 'NONE',  ( 1.000000000000000000, 0.000000000000000000, 0.000000000000000000 ) ) ;
#81 = DIRECTION ( 'NONE',  ( 0.000000000000000000, 1.000000000000000000, 0.000000000000000000 ) ) ;
#82 = EDGE_CURVE ( 'NONE', #370, #370, #1224, .T. ) ;
#83 = PLANE ( 'NONE',  #493 ) ;
#84 = EDGE_LOOP ( 'NONE', ( #580, #1340, #756, #799, #1322, #516 ) ) ;
#85 = LINE ( 'NONE', #205, #334 ) ;
#86 = ADVANCED_FACE ( 'NONE', ( #460 ), #93, .F. ) ;
#87 = ORIENTED_EDGE ( 'NONE', *, *, #430, .F. ) ;
#88 = DIRECTION ( 'NONE',  ( -0.4765486290378971312, 0.8791481127558091746, 0.000000000000000000 ) ) ;
#89 = CIRCLE ( 'NONE', #1001, 11.19516523582100120 ) ;
#90 = CARTESIAN_POINT ( 'NONE',  ( 7.729453406105999846, 23.82473948417899834, 37.57155486932099819 ) ) ;
#91 = VECTOR ( 'NONE', #279, 1000.000000000000000 ) ;
#92 = FACE_BOUND ( 'NONE', #339, .T. ) ;
#93 = PLANE ( 'NONE',  #318 ) ;
#94 = CARTESIAN_POINT ( 'NONE',  ( 17.67238968642300279, 8.438907361368999105, 0.000000000000000000 ) ) ;
#95 = ORIENTED_EDGE ( 'NONE', *, *, #498, .F. ) ;
#96 = ORIENTED_EDGE ( 'NONE', *, *, #912, .F. ) ;
#97 = DIRECTION ( 'NONE',  ( -0.000000000000000000, 1.000000000000000000, 0.000000000000000000 ) ) ;
#98 = DIRECTION ( 'NONE',  ( 0.000000000000000000, 0.000000000000000000, 1.000000000000000000 ) ) ;
#99 = CARTESIAN_POINT ( 'NONE',  ( 0.000000000000000000, 23.82473948417899834, 37.57155486932099819 ) ) ;
#100 = CARTESIAN_POINT ( 'NONE',  ( 17.95868869871927131, 6.698535035228358581, 32.85075203348691275 ) ) ;
#101 = FACE_OUTER_BOUND ( 'NONE', #615, .T. ) ;
#102 = VERTEX_POINT ( 'NONE', #1254 ) ;
#103 = VECTOR ( 'NONE', #768, 1000.000000000000000 ) ;
#104 = DIRECTION ( 'NONE',  ( -0.6963370719180530521, 0.000000000000000000, -0.7177149031980540883 ) ) ;
#105 = CARTESIAN_POINT ( 'NONE',  ( 6.769228715244000050, 26.15414717316300042, 16.48419862970100169 ) ) ;
#106 =( BOUNDED_CURVE ( )  B_SPLINE_CURVE ( 3, ( #908, #680, #1016, #448 ),
 .UNSPECIFIED., .F., .F. ) 
 B_SPLINE_CURVE_WITH_KNOTS ( ( 4, 4 ),
 ( 0.7169714341479054287, 0.8262065275604467685 ),
 .UNSPECIFIED. ) 
 CURVE ( )  GEOMETRIC_REPRESENTATION_ITEM ( )  RATIONAL_B_SPLINE_CURVE ( ( 1.000000000000000000, 0.9990058883600418937, 0.9990058883600418937, 1.000000000000000000 ) ) 
 REPRESENTATION_ITEM ( '' )  );
#107 = CARTESIAN_POINT ( 'NONE',  ( 6.278948033403000117, 22.70806862262299930, 18.20921086867799588 ) ) ;
#108 = EDGE_CURVE ( 'NONE', #825, #1422, #1458, .T. ) ;
#109 = LINE ( 'NONE', #1218, #13 ) ;
#110 = CARTESIAN_POINT ( 'NONE',  ( 18.62548694449800024, 6.680611135856999283, 86.96483985922499471 ) ) ;
#111 = ORIENTED_EDGE ( 'NONE', *, *, #9, .T. ) ;
#112 = VERTEX_POINT ( 'NONE', #534 ) ;
#113 = CARTESIAN_POINT ( 'NONE',  ( 12.11198400764399885, 19.55104191850099937, 21.75504349191599829 ) ) ;
#114 = APPLICATION_PROTOCOL_DEFINITION ( 'draft international standard', 'automotive_design', 1998, #241 ) ;
#115 = VECTOR ( 'NONE', #524, 1000.000000000000000 ) ;
#116 = EDGE_CURVE ( 'NONE', #1470, #511, #662, .T. ) ;
#117 = DIRECTION ( 'NONE',  ( 0.000000000000000000, 0.000000000000000000, -1.000000000000000000 ) ) ;
#118 = LINE ( 'NONE', #577, #801 ) ;
#119 = LINE ( 'NONE', #1155, #58 ) ;
#120 = VECTOR ( 'NONE', #441, 1000.000000000000114 ) ;
#121 = VERTEX_POINT ( 'NONE', #327 ) ;
#122 = ORIENTED_EDGE ( 'NONE', *, *, #883, .F. ) ;
#123 = DIRECTION ( 'NONE',  ( 1.000000000000000000, 0.000000000000000000, 0.000000000000000000 ) ) ;
#124 = EDGE_CURVE ( 'NONE', #826, #185, #628, .T. ) ;
#125 = CARTESIAN_POINT ( 'NONE',  ( 6.769228715244000050, 26.15414717316300042, 16.48419862970100169 ) ) ;
#126 = PLANE ( 'NONE',  #1199 ) ;
#127 = CARTESIAN_POINT ( 'NONE',  ( 17.33337096667617061, 7.886540094918311539, 49.77694799833503225 ) ) ;
#128 = ORIENTED_EDGE ( 'NONE', *, *, #1210, .T. ) ;
#129 = VERTEX_POINT ( 'NONE', #211 ) ;
#130 = DIRECTION ( 'NONE',  ( 0.000000000000000000, 1.000000000000000000, 0.000000000000000000 ) ) ;
#131 = VECTOR ( 'NONE', #261, 1000.000000000000000 ) ;
#132 = DIRECTION ( 'NONE',  ( -0.8791481127558091746, -0.4765486290378971312, 0.000000000000000000 ) ) ;
#133 = PLANE ( 'NONE',  #1118 ) ;
#134 = VERTEX_POINT ( 'NONE', #247 ) ;
#135 = ORIENTED_EDGE ( 'NONE', *, *, #1301, .T. ) ;
#136 = LINE ( 'NONE', #603, #1136 ) ;
#137 = ADVANCED_FACE ( 'NONE', ( #1175 ), #1284, .F. ) ;
#138 = DIRECTION ( 'NONE',  ( 0.000000000000000000, 0.000000000000000000, 1.000000000000000000 ) ) ;
#139 = AXIS2_PLACEMENT_3D ( 'NONE', #1204, #1328, #875 ) ;
#140 = FACE_OUTER_BOUND ( 'NONE', #631, .T. ) ;
#141 = ORIENTED_EDGE ( 'NONE', *, *, #625, .T. ) ;
#142 = VECTOR ( 'NONE', #186, 1000.000000000000114 ) ;
#143 = ORIENTED_EDGE ( 'NONE', *, *, #116, .T. ) ;
#144 = DIRECTION ( 'NONE',  ( -0.3112982896689873158, 0.9503122512359625240, 0.000000000000000000 ) ) ;
#145 = DIRECTION ( 'NONE',  ( 1.000000000000000000, 0.000000000000000000, 0.000000000000000000 ) ) ;
#146 = PLANE ( 'NONE',  #776 ) ;
#147 = ORIENTED_EDGE ( 'NONE', *, *, #1290, .T. ) ;
#148 = EDGE_LOOP ( 'NONE', ( #1123, #1315, #847 ) ) ;
#149 = DIRECTION ( 'NONE',  ( -0.7071067811865474617, 0.7071067811865474617, 0.000000000000000000 ) ) ;
#150 = EDGE_CURVE ( 'NONE', #181, #1004, #1439, .T. ) ;
#151 = FACE_OUTER_BOUND ( 'NONE', #1111, .T. ) ;
#152 = DIRECTION ( 'NONE',  ( 0.000000000000000000, 1.000000000000000000, 0.000000000000000000 ) ) ;
#153 = CIRCLE ( 'NONE', #990, 0.9149258797489998596 ) ;
#154 = EDGE_CURVE ( 'NONE', #377, #423, #1401, .T. ) ;
#155 = ADVANCED_FACE ( 'NONE', ( #140 ), #146, .F. ) ;
#156 = ORIENTED_EDGE ( 'NONE', *, *, #1220, .T. ) ;
#157 = ORIENTED_EDGE ( 'NONE', *, *, #302, .T. ) ;
#158 = DIRECTION ( 'NONE',  ( 0.000000000000000000, 1.000000000000000000, 0.000000000000000000 ) ) ;
#159 = CARTESIAN_POINT ( 'NONE',  ( 15.16337573860399957, 16.60756779025599883, 86.96483985922499471 ) ) ;
#160 = VECTOR ( 'NONE', #219, 1000.000000000000114 ) ;
#161 = ORIENTED_EDGE ( 'NONE', *, *, #1098, .T. ) ;
#162 = VECTOR ( 'NONE', #1139, 1000.000000000000114 ) ;
#163 = ORIENTED_EDGE ( 'NONE', *, *, #340, .T. ) ;
#164 = CARTESIAN_POINT ( 'NONE',  ( 6.278948033403000117, 26.15414717316300042, 18.20921086867799588 ) ) ;
#165 = AXIS2_PLACEMENT_3D ( 'NONE', #1117, #345, #691 ) ;
#166 = EDGE_CURVE ( 'NONE', #713, #1158, #607, .T. ) ;
#167 = ADVANCED_FACE ( 'NONE', ( #383 ), #239, .F. ) ;
#168 = DIRECTION ( 'NONE',  ( 0.000000000000000000, 1.000000000000000000, 0.000000000000000000 ) ) ;
#169 = ORIENTED_EDGE ( 'NONE', *, *, #604, .T. ) ;
#170 = ADVANCED_FACE ( 'NONE', ( #1147 ), #1393, .F. ) ;
#171 = VERTEX_POINT ( 'NONE', #838 ) ;
#172 = LINE ( 'NONE', #435, #600 ) ;
#173 = LINE ( 'NONE', #1414, #1326 ) ;
#174 = EDGE_LOOP ( 'NONE', ( #161, #507, #396, #355 ) ) ;
#175 = VERTEX_POINT ( 'NONE', #1161 ) ;
#176 = EDGE_CURVE ( 'NONE', #1150, #1294, #716, .T. ) ;
#177 = CARTESIAN_POINT ( 'NONE',  ( 15.16337573860399957, 8.308919911444000661, 0.000000000000000000 ) ) ;
#178 = LINE ( 'NONE', #1090, #641 ) ;
#179 = ORIENTED_EDGE ( 'NONE', *, *, #192, .T. ) ;
#180 = VECTOR ( 'NONE', #138, 1000.000000000000000 ) ;
#181 = VERTEX_POINT ( 'NONE', #599 ) ;
#182 = CARTESIAN_POINT ( 'NONE',  ( 5.117455731165999389, 8.145890857251998796, 17.36736237962099949 ) ) ;
#183 = LINE ( 'NONE', #1112, #1190 ) ;
#184 = CARTESIAN_POINT ( 'NONE',  ( 19.14857722931500206, 7.532888411121000161, 50.10253024914400299 ) ) ;
#185 = VERTEX_POINT ( 'NONE', #17 ) ;
#186 = DIRECTION ( 'NONE',  ( -0.9697278748031881168, 0.000000000000000000, 0.2441881422790475320 ) ) ;
#187 = EDGE_LOOP ( 'NONE', ( #1030 ) ) ;
#188 = PLANE ( 'NONE',  #794 ) ;
#189 = CARTESIAN_POINT ( 'NONE',  ( 15.16337573860399957, 8.308919911444000661, 0.000000000000000000 ) ) ;
#190 = ADVANCED_FACE ( 'NONE', ( #8 ), #499, .F. ) ;
#191 = DIRECTION ( 'NONE',  ( 0.000000000000000000, 0.000000000000000000, 1.000000000000000000 ) ) ;
#192 = EDGE_CURVE ( 'NONE', #586, #232, #119, .T. ) ;
#193 = DIRECTION ( 'NONE',  ( -0.4765486290378970757, 0.8791481127558090636, 0.000000000000000000 ) ) ;
#194 = VECTOR ( 'NONE', #193, 1000.000000000000114 ) ;
#195 = EDGE_LOOP ( 'NONE', ( #969, #470, #696, #1163 ) ) ;
#196 = DIRECTION ( 'NONE',  ( 0.8522772752631475601, -0.5230902848170908559, 0.000000000000000000 ) ) ;
#197 = ORIENTED_EDGE ( 'NONE', *, *, #1362, .F. ) ;
#198 = CARTESIAN_POINT ( 'NONE',  ( 18.67202860027700240, 8.412036523877000960, 0.000000000000000000 ) ) ;
#199 = VERTEX_POINT ( 'NONE', #898 ) ;
#200 = PLANE ( 'NONE',  #519 ) ;
#201 = CARTESIAN_POINT ( 'NONE',  ( 0.000000000000000000, 0.000000000000000000, 86.96483985922499471 ) ) ;
#202 = CARTESIAN_POINT ( 'NONE',  ( 18.29190191900831408, 6.689578082704122686, 50.79749826758781950 ) ) ;
#203 = CARTESIAN_POINT ( 'NONE',  ( 18.00490836748910084, 8.429969078432396401, 49.18743416562283954 ) ) ;
#204 = VERTEX_POINT ( 'NONE', #1034 ) ;
#205 = CARTESIAN_POINT ( 'NONE',  ( 21.21263594983799550, 0.000000000000000000, 0.000000000000000000 ) ) ;
#206 = ORIENTED_EDGE ( 'NONE', *, *, #736, .T. ) ;
#207 = LINE ( 'NONE', #306, #1183 ) ;
#208 = CARTESIAN_POINT ( 'NONE',  ( 7.132251667104999804, 8.308919911444000661, 0.000000000000000000 ) ) ;
#209 = AXIS2_PLACEMENT_3D ( 'NONE', #545, #1087, #529 ) ;
#210 = CARTESIAN_POINT ( 'NONE',  ( 12.11198400764399885, 19.55104191850099937, 21.75504349191599829 ) ) ;
#211 = CARTESIAN_POINT ( 'NONE',  ( 18.67202860027700240, 8.412036523877000960, 49.20789235364599534 ) ) ;
#212 = CARTESIAN_POINT ( 'NONE',  ( 8.508273476957999293, 26.15414717316300042, 16.04628803567100093 ) ) ;
#213 = EDGE_CURVE ( 'NONE', #1469, #1206, #900, .T. ) ;
#214 = ORIENTED_EDGE ( 'NONE', *, *, #849, .F. ) ;
#215 = ORIENTED_EDGE ( 'NONE', *, *, #651, .F. ) ;
#216 = PLANE ( 'NONE',  #496 ) ;
#217 = ADVANCED_FACE ( 'NONE', ( #1271 ), #133, .F. ) ;
#218 =( LENGTH_UNIT ( ) NAMED_UNIT ( * ) SI_UNIT ( .MILLI., .METRE. ) );
#219 = DIRECTION ( 'NONE',  ( -0.5606250365751986875, -0.8280697847192934891, 0.000000000000000000 ) ) ;
#220 = LINE ( 'NONE', #813, #1382 ) ;
#221 = DIRECTION ( 'NONE',  ( 0.000000000000000000, 0.000000000000000000, -1.000000000000000000 ) ) ;
#222 = PLANE ( 'NONE',  #481 ) ;
#223 = ORIENTED_EDGE ( 'NONE', *, *, #224, .F. ) ;
#224 = EDGE_CURVE ( 'NONE', #914, #112, #1048, .T. ) ;
#225 = ORIENTED_EDGE ( 'NONE', *, *, #639, .F. ) ;
#226 = AXIS2_PLACEMENT_3D ( 'NONE', #989, #549, #1203 ) ;
#227 = LINE ( 'NONE', #1013, #1252 ) ;
#228 = LINE ( 'NONE', #576, #841 ) ;
#229 = DIRECTION ( 'NONE',  ( 0.02687083749260979135, 0.9996389138546207809, 0.000000000000000000 ) ) ;
#230 = CARTESIAN_POINT ( 'NONE',  ( 17.14929940160600097, 7.586630086106000093, 0.000000000000000000 ) ) ;
#231 = EDGE_CURVE ( 'NONE', #255, #1470, #943, .T. ) ;
#232 = VERTEX_POINT ( 'NONE', #1277 ) ;
#233 = ORIENTED_EDGE ( 'NONE', *, *, #1365, .F. ) ;
#234 = CARTESIAN_POINT ( 'NONE',  ( 13.93918618330100045, 16.60756779025599883, 0.000000000000000000 ) ) ;
#235 = CARTESIAN_POINT ( 'NONE',  ( 15.84453021184799937, 20.61358949270099927, 34.95842248624600757 ) ) ;
#236 = VECTOR ( 'NONE', #867, 1000.000000000000000 ) ;
#237 = LINE ( 'NONE', #1368, #976 ) ;
#238 = DIRECTION ( 'NONE',  ( -0.9996389138546206699, 0.02687083749260978788, 0.000000000000000000 ) ) ;
#239 = PLANE ( 'NONE',  #251 ) ;
#240 = VECTOR ( 'NONE', #144, 1000.000000000000114 ) ;
#241 = APPLICATION_CONTEXT ( 'automotive_design' ) ;
#242 = VERTEX_POINT ( 'NONE', #254 ) ;
#243 = ORIENTED_EDGE ( 'NONE', *, *, #307, .F. ) ;
#244 = CARTESIAN_POINT ( 'NONE',  ( 7.527712113276000316, 26.15414717316300042, 19.49631251362599826 ) ) ;
#245 = EDGE_CURVE ( 'NONE', #1288, #121, #361, .T. ) ;
#246 = FACE_OUTER_BOUND ( 'NONE', #1062, .T. ) ;
#247 = CARTESIAN_POINT ( 'NONE',  ( 6.278948033403000117, 26.15414717316300042, 18.20921086867799588 ) ) ;
#248 = EDGE_LOOP ( 'NONE', ( #1417, #677, #135 ) ) ;
#249 = EDGE_LOOP ( 'NONE', ( #1317, #233, #289, #38, #197, #1373 ) ) ;
#250 = DIRECTION ( 'NONE',  ( 1.000000000000000000, 0.000000000000000000, 0.000000000000000000 ) ) ;
#251 = AXIS2_PLACEMENT_3D ( 'NONE', #490, #475, #948 ) ;
#252 = LINE ( 'NONE', #715, #160 ) ;
#253 = VERTEX_POINT ( 'NONE', #539 ) ;
#254 = CARTESIAN_POINT ( 'NONE',  ( 21.21263594983799550, 1.371012321704000044E-15, 53.01594948288700238 ) ) ;
#255 = VERTEX_POINT ( 'NONE', #1181 ) ;
#256 = ORIENTED_EDGE ( 'NONE', *, *, #890, .F. ) ;
#257 = CARTESIAN_POINT ( 'NONE',  ( 14.91232897386499978, 15.63442499969100119, 86.96483985922499471 ) ) ;
#258 = LINE ( 'NONE', #850, #764 ) ;
#259 = AXIS2_PLACEMENT_3D ( 'NONE', #991, #1321, #98 ) ;
#260 = DIRECTION ( 'NONE',  ( 0.000000000000000000, 1.000000000000000000, 0.000000000000000000 ) ) ;
#261 = DIRECTION ( 'NONE',  ( 1.000000000000000000, 0.000000000000000000, 0.000000000000000000 ) ) ;
#262 = ORIENTED_EDGE ( 'NONE', *, *, #1303, .F. ) ;
#263 = VECTOR ( 'NONE', #664, 1000.000000000000000 ) ;
#264 = EDGE_LOOP ( 'NONE', ( #1239 ) ) ;
#265 = CARTESIAN_POINT ( 'NONE',  ( 9.266756874989999559, 22.70806862262299930, 19.05840191959700292 ) ) ;
#266 = EDGE_CURVE ( 'NONE', #436, #766, #697, .T. ) ;
#267 = LINE ( 'NONE', #513, #881 ) ;
#268 = DIRECTION ( 'NONE',  ( 0.000000000000000000, -1.000000000000000000, 0.000000000000000000 ) ) ;
#269 = CARTESIAN_POINT ( 'NONE',  ( 7.527712113276000316, 26.15414717316300042, 19.49631251362599826 ) ) ;
#270 = EDGE_LOOP ( 'NONE', ( #322 ) ) ;
#271 = ORIENTED_EDGE ( 'NONE', *, *, #1100, .F. ) ;
#272 = LINE ( 'NONE', #1171, #91 ) ;
#273 =( BOUNDED_CURVE ( )  B_SPLINE_CURVE ( 3, ( #1474, #1253, #926, #325 ),
 .UNSPECIFIED., .F., .T. ) 
 B_SPLINE_CURVE_WITH_KNOTS ( ( 4, 4 ),
 ( 5.351822202600587275, 5.450470296643058710 ),
 .UNSPECIFIED. ) 
 CURVE ( )  GEOMETRIC_REPRESENTATION_ITEM ( )  RATIONAL_B_SPLINE_CURVE ( ( 1.000000000000000000, 0.9991892105266952928, 0.9991892105266952928, 1.000000000000000000 ) ) 
 REPRESENTATION_ITEM ( '' )  );
#274 = EDGE_CURVE ( 'NONE', #830, #830, #47, .T. ) ;
#275 = DIRECTION ( 'NONE',  ( 0.000000000000000000, -1.000000000000000000, 0.000000000000000000 ) ) ;
#276 = ORIENTED_EDGE ( 'NONE', *, *, #832, .T. ) ;
#277 = EDGE_CURVE ( 'NONE', #1170, #586, #1292, .T. ) ;
#278 = ORIENTED_EDGE ( 'NONE', *, *, #1152, .F. ) ;
#279 = DIRECTION ( 'NONE',  ( 0.000000000000000000, 0.000000000000000000, 1.000000000000000000 ) ) ;
#280 = CARTESIAN_POINT ( 'NONE',  ( 17.62584803064399708, 6.707481973350000182, 0.000000000000000000 ) ) ;
#281 = EDGE_CURVE ( 'NONE', #1004, #329, #921, .T. ) ;
#282 = ORIENTED_EDGE ( 'NONE', *, *, #592, .T. ) ;
#283 = AXIS2_PLACEMENT_3D ( 'NONE', #44, #152, #614 ) ;
#284 = EDGE_LOOP ( 'NONE', ( #128, #60, #995, #19, #1287 ) ) ;
#285 = FACE_OUTER_BOUND ( 'NONE', #1164, .T. ) ;
#286 = DIRECTION ( 'NONE',  ( 0.000000000000000000, -1.000000000000000000, 0.000000000000000000 ) ) ;
#287 = ORIENTED_EDGE ( 'NONE', *, *, #378, .T. ) ;
#288 = ADVANCED_FACE ( 'NONE', ( #443 ), #222, .F. ) ;
#289 = ORIENTED_EDGE ( 'NONE', *, *, #124, .F. ) ;
#290 = FACE_OUTER_BOUND ( 'NONE', #1067, .T. ) ;
#291 = LINE ( 'NONE', #198, #359 ) ;
#292 = FACE_OUTER_BOUND ( 'NONE', #1268, .T. ) ;
#293 = AXIS2_PLACEMENT_3D ( 'NONE', #932, #1406, #1056 ) ;
#294 = ORIENTED_EDGE ( 'NONE', *, *, #82, .F. ) ;
#295 = EDGE_LOOP ( 'NONE', ( #79, #1411, #913, #510 ) ) ;
#296 = DIRECTION ( 'NONE',  ( 0.000000000000000000, 0.000000000000000000, 1.000000000000000000 ) ) ;
#297 = UNCERTAINTY_MEASURE_WITH_UNIT (LENGTH_MEASURE( 1.000000000000000082E-05 ), #1219, 'distance_accuracy_value', 'NONE');
#298 = CARTESIAN_POINT ( 'NONE',  ( 4.073044295954000305, 6.603245602596000019, 0.000000000000000000 ) ) ;
#299 = CARTESIAN_POINT ( 'NONE',  ( 18.98074591086291463, 7.842507572496474566, 49.82090767921597063 ) ) ;
#300 = VERTEX_POINT ( 'NONE', #994 ) ;
#301 = AXIS2_PLACEMENT_3D ( 'NONE', #41, #740, #1174 ) ;
#302 = EDGE_CURVE ( 'NONE', #730, #1043, #89, .T. ) ;
#303 = EDGE_LOOP ( 'NONE', ( #643, #485, #454, #1241, #871, #225, #156, #656 ) ) ;
#304 = DIRECTION ( 'NONE',  ( 0.9984434035168261445, -0.05577427698981031468, 0.000000000000000000 ) ) ;
#305 = VECTOR ( 'NONE', #1262, 1000.000000000000000 ) ;
#306 = CARTESIAN_POINT ( 'NONE',  ( 21.21263594983799550, 26.15414717316300042, 0.000000000000000000 ) ) ;
#307 = EDGE_CURVE ( 'NONE', #181, #102, #319, .T. ) ;
#308 = MANIFOLD_SOLID_BREP ( 'Open CASCADE STEP translator 7.5 12[1]', #1316 ) ;
#309 = FACE_OUTER_BOUND ( 'NONE', #4, .T. ) ;
#310 = DIRECTION ( 'NONE',  ( -0.5606250365751986875, -0.8280697847192934891, 0.000000000000000000 ) ) ;
#311 = CARTESIAN_POINT ( 'NONE',  ( 17.14929940160600097, 7.586630086106000093, 0.000000000000000000 ) ) ;
#312 = ORIENTED_EDGE ( 'NONE', *, *, #540, .T. ) ;
#313 = DIRECTION ( 'NONE',  ( 0.000000000000000000, 0.000000000000000000, -1.000000000000000000 ) ) ;
#314 = CARTESIAN_POINT ( 'NONE',  ( 12.11198400764399885, 19.55104191850099937, 24.26887930463600185 ) ) ;
#315 = DIRECTION ( 'NONE',  ( 0.02687083749260979135, 0.9996389138546207809, 0.000000000000000000 ) ) ;
#316 = CARTESIAN_POINT ( 'NONE',  ( 17.67238968642300279, 8.438907361368999105, 86.96483985922499471 ) ) ;
#317 = CARTESIAN_POINT ( 'NONE',  ( 18.62548694449800024, 6.680611135856999283, 50.80416665620300165 ) ) ;
#318 = AXIS2_PLACEMENT_3D ( 'NONE', #1345, #919, #1361 ) ;
#319 = LINE ( 'NONE', #311, #741 ) ;
#320 = ORIENTED_EDGE ( 'NONE', *, *, #1098, .F. ) ;
#321 = CARTESIAN_POINT ( 'NONE',  ( 18.67202860027700240, 8.412036523877000960, 34.43367614048700176 ) ) ;
#322 = ORIENTED_EDGE ( 'NONE', *, *, #1096, .T. ) ;
#323 = CARTESIAN_POINT ( 'NONE',  ( 17.67238968642300279, 8.438907361368999105, 49.17718059334600156 ) ) ;
#324 = DIRECTION ( 'NONE',  ( 1.000000000000000000, 0.000000000000000000, 0.000000000000000000 ) ) ;
#325 = CARTESIAN_POINT ( 'NONE',  ( 19.14857722931500206, 7.532888411121000161, 33.53903824498900121 ) ) ;
#326 = EDGE_CURVE ( 'NONE', #1311, #588, #338, .T. ) ;
#327 = CARTESIAN_POINT ( 'NONE',  ( 7.729453406105999846, 26.15414717316300042, 73.23524942702900375 ) ) ;
#328 = PLANE ( 'NONE',  #458 ) ;
#329 = VERTEX_POINT ( 'NONE', #675 ) ;
#330 = VECTOR ( 'NONE', #769, 1000.000000000000000 ) ;
#331 = ORIENTED_EDGE ( 'NONE', *, *, #721, .F. ) ;
#332 = PLANE ( 'NONE',  #1369 ) ;
#333 = LINE ( 'NONE', #1144, #1350 ) ;
#334 = VECTOR ( 'NONE', #1339, 1000.000000000000000 ) ;
#335 = LINE ( 'NONE', #1466, #1074 ) ;
#336 = LINE ( 'NONE', #346, #854 ) ;
#337 = EDGE_CURVE ( 'NONE', #1004, #129, #979, .T. ) ;
#338 = LINE ( 'NONE', #771, #1265 ) ;
#339 = EDGE_LOOP ( 'NONE', ( #349, #904, #963, #1060 ) ) ;
#340 = EDGE_CURVE ( 'NONE', #372, #743, #798, .T. ) ;
#341 = VERTEX_POINT ( 'NONE', #78 ) ;
#342 = CARTESIAN_POINT ( 'NONE',  ( 21.21263594983799550, 1.371012321704000044E-15, 53.01594948288700238 ) ) ;
#343 = PRODUCT_DEFINITION ( 'ๆ', '', #608, #453 ) ;
#344 = CYLINDRICAL_SURFACE ( 'NONE', #571, 0.9149258797489998596 ) ;
#345 = DIRECTION ( 'NONE',  ( -1.000000000000000000, 0.000000000000000000, 0.000000000000000000 ) ) ;
#346 = CARTESIAN_POINT ( 'NONE',  ( 5.117455731165999389, 8.145890857251998796, 0.000000000000000000 ) ) ;
#347 = CARTESIAN_POINT ( 'NONE',  ( 17.67238968642300279, 8.438907361368999105, 49.17718059334600156 ) ) ;
#348 = VERTEX_POINT ( 'NONE', #885 ) ;
#349 = ORIENTED_EDGE ( 'NONE', *, *, #532, .T. ) ;
#350 = AXIS2_PLACEMENT_3D ( 'NONE', #358, #811, #123 ) ;
#351 = FACE_BOUND ( 'NONE', #84, .T. ) ;
#352 = DIRECTION ( 'NONE',  ( 0.4765486290378970757, -0.8791481127558090636, 0.000000000000000000 ) ) ;
#353 = CARTESIAN_POINT ( 'NONE',  ( 18.62548694449800024, 6.680611135856999283, 0.000000000000000000 ) ) ;
#354 = CARTESIAN_POINT ( 'NONE',  ( 7.132251667104999804, 16.60756779025599883, 0.000000000000000000 ) ) ;
#355 = ORIENTED_EDGE ( 'NONE', *, *, #166, .T. ) ;
#356 = ADVANCED_FACE ( 'NONE', ( #903, #433 ), #328, .T. ) ;
#357 = EDGE_LOOP ( 'NONE', ( #392 ) ) ;
#358 = CARTESIAN_POINT ( 'NONE',  ( 0.000000000000000000, 26.15414717316300042, 0.000000000000000000 ) ) ;
#359 = VECTOR ( 'NONE', #530, 1000.000000000000000 ) ;
#360 = DIRECTION ( 'NONE',  ( 0.2441881422790475320, 0.000000000000000000, 0.9697278748031881168 ) ) ;
#361 = CIRCLE ( 'NONE', #1307, 2.329407688984000302 ) ;
#362 = EDGE_CURVE ( 'NONE', #1189, #1102, #1332, .T. ) ;
#363 = CARTESIAN_POINT ( 'NONE',  ( 15.16337573860399957, 16.60756779025599883, 0.000000000000000000 ) ) ;
#364 = DIRECTION ( 'NONE',  ( 1.000000000000000000, 0.000000000000000000, 0.000000000000000000 ) ) ;
#365 = VECTOR ( 'NONE', #250, 1000.000000000000000 ) ;
#366 = ORIENTED_EDGE ( 'NONE', *, *, #704, .T. ) ;
#367 = ORIENTED_EDGE ( 'NONE', *, *, #1428, .T. ) ;
#368 = LINE ( 'NONE', #5, #1318 ) ;
#369 = FACE_OUTER_BOUND ( 'NONE', #594, .T. ) ;
#370 = VERTEX_POINT ( 'NONE', #620 ) ;
#371 = CARTESIAN_POINT ( 'NONE',  ( 19.14857722931500206, 7.532888411121000161, 0.000000000000000000 ) ) ;
#372 = VERTEX_POINT ( 'NONE', #212 ) ;
#373 = ORIENTED_EDGE ( 'NONE', *, *, #707, .T. ) ;
#374 = CARTESIAN_POINT ( 'NONE',  ( 15.84453021184799937, 20.61358949270099927, 31.47749404744100588 ) ) ;
#375 = CARTESIAN_POINT ( 'NONE',  ( 19.14857722931500206, 7.532888411121000161, 0.000000000000000000 ) ) ;
#376 = DIRECTION ( 'NONE',  ( 1.000000000000000000, 0.000000000000000000, 0.000000000000000000 ) ) ;
#377 = VERTEX_POINT ( 'NONE', #779 ) ;
#378 = EDGE_CURVE ( 'NONE', #171, #444, #1230, .T. ) ;
#379 = ORIENTED_EDGE ( 'NONE', *, *, #468, .T. ) ;
#380 = DIRECTION ( 'NONE',  ( 0.000000000000000000, 0.000000000000000000, 1.000000000000000000 ) ) ;
#381 = PLANE ( 'NONE',  #301 ) ;
#382 = VECTOR ( 'NONE', #473, 1000.000000000000000 ) ;
#383 = FACE_OUTER_BOUND ( 'NONE', #1124, .T. ) ;
#384 = ADVANCED_FACE ( 'NONE', ( #101 ), #562, .F. ) ;
#385 = EDGE_LOOP ( 'NONE', ( #366, #476, #554, #705, #1333, #667, #526, #223, #96, #573 ) ) ;
#386 = ORIENTED_EDGE ( 'NONE', *, *, #967, .T. ) ;
#387 = DIRECTION ( 'NONE',  ( -0.7071067811865474617, 0.7071067811865474617, 0.000000000000000000 ) ) ;
#388 = CARTESIAN_POINT ( 'NONE',  ( 0.000000000000000000, 0.000000000000000000, 0.000000000000000000 ) ) ;
#389 = DIRECTION ( 'NONE',  ( 0.000000000000000000, 0.000000000000000000, -1.000000000000000000 ) ) ;
#390 = ADVANCED_FACE ( 'NONE', ( #290 ), #751, .F. ) ;
#391 = EDGE_LOOP ( 'NONE', ( #501, #676, #936, #397 ) ) ;
#392 = ORIENTED_EDGE ( 'NONE', *, *, #1014, .T. ) ;
#393 = LINE ( 'NONE', #848, #1450 ) ;
#394 = DIRECTION ( 'NONE',  ( 0.000000000000000000, 1.000000000000000000, 0.000000000000000000 ) ) ;
#395 = VECTOR ( 'NONE', #1371, 1000.000000000000000 ) ;
#396 = ORIENTED_EDGE ( 'NONE', *, *, #1184, .F. ) ;
#397 = ORIENTED_EDGE ( 'NONE', *, *, #992, .T. ) ;
#398 = DIRECTION ( 'NONE',  ( -0.9996389138546206699, 0.02687083749260978788, 0.000000000000000000 ) ) ;
#399 = PLANE ( 'NONE',  #1447 ) ;
#400 = ADVANCED_FACE ( 'NONE', ( #285 ), #1423, .F. ) ;
#401 = EDGE_LOOP ( 'NONE', ( #1356, #1188, #665, #402 ) ) ;
#402 = ORIENTED_EDGE ( 'NONE', *, *, #575, .T. ) ;
#403 = DIRECTION ( 'NONE',  ( 0.4765486290378970757, -0.8791481127558090636, 0.000000000000000000 ) ) ;
#404 = CIRCLE ( 'NONE', #259, 11.19516523582100120 ) ;
#405 = CARTESIAN_POINT ( 'NONE',  ( 17.67238968642300279, 8.438907361368999105, 0.000000000000000000 ) ) ;
#406 = FACE_OUTER_BOUND ( 'NONE', #1304, .T. ) ;
#407 = ORIENTED_EDGE ( 'NONE', *, *, #274, .F. ) ;
#408 = DIRECTION ( 'NONE',  ( -0.000000000000000000, 1.000000000000000000, 0.000000000000000000 ) ) ;
#409 = VECTOR ( 'NONE', #474, 1000.000000000000114 ) ;
#410 = CARTESIAN_POINT ( 'NONE',  ( 15.16337573860399957, 15.38337823495299972, 86.96483985922499471 ) ) ;
#411 = DIRECTION ( 'NONE',  ( 1.000000000000000000, 0.000000000000000000, 0.000000000000000000 ) ) ;
#412 = EDGE_CURVE ( 'NONE', #743, #134, #1081, .T. ) ;
#413 = AXIS2_PLACEMENT_3D ( 'NONE', #784, #879, #88 ) ;
#414 = FACE_BOUND ( 'NONE', #1404, .T. ) ;
#415 = ORIENTED_EDGE ( 'NONE', *, *, #733, .T. ) ;
#416 = CARTESIAN_POINT ( 'NONE',  ( 18.62548694449800024, 6.680611135856999283, 0.000000000000000000 ) ) ;
#417 = ADVANCED_FACE ( 'NONE', ( #66 ), #644, .F. ) ;
#418 = EDGE_CURVE ( 'NONE', #547, #1189, #61, .T. ) ;
#419 = DIRECTION ( 'NONE',  ( -0.4765486290378970757, 0.8791481127558090636, 0.000000000000000000 ) ) ;
#420 = CARTESIAN_POINT ( 'NONE',  ( 21.21263594983799550, 19.55104191850099937, 21.75504349191599829 ) ) ;
#421 = DIRECTION ( 'NONE',  ( 0.000000000000000000, 0.000000000000000000, 1.000000000000000000 ) ) ;
#422 = VECTOR ( 'NONE', #75, 1000.000000000000000 ) ;
#423 = VERTEX_POINT ( 'NONE', #759 ) ;
#424 = CARTESIAN_POINT ( 'NONE',  ( 7.132251667104999804, 16.60756779025599883, 86.96483985922499471 ) ) ;
#425 = MECHANICAL_DESIGN_GEOMETRIC_PRESENTATION_REPRESENTATION (  '', ( #666 ), #1071 ) ;
#426 = CIRCLE ( 'NONE', #165, 2.329407688984000302 ) ;
#427 = DIRECTION ( 'NONE',  ( 0.000000000000000000, 0.000000000000000000, 1.000000000000000000 ) ) ;
#428 =( NAMED_UNIT ( * ) SI_UNIT ( $, .STERADIAN. ) SOLID_ANGLE_UNIT ( ) );
#429 = FACE_OUTER_BOUND ( 'NONE', #553, .T. ) ;
#430 = EDGE_CURVE ( 'NONE', #1170, #887, #1110, .T. ) ;
#431 = CARTESIAN_POINT ( 'NONE',  ( 21.21263594983799550, 0.000000000000000000, 86.96483985922499471 ) ) ;
#432 = ADVANCED_FACE ( 'NONE', ( #1334 ), #188, .F. ) ;
#433 = FACE_OUTER_BOUND ( 'NONE', #564, .T. ) ;
#434 = EDGE_LOOP ( 'NONE', ( #1006, #25, #1049, #1383, #1299, #64 ) ) ;
#435 = CARTESIAN_POINT ( 'NONE',  ( 0.000000000000000000, 0.000000000000000000, 0.000000000000000000 ) ) ;
#436 = VERTEX_POINT ( 'NONE', #872 ) ;
#437 = CARTESIAN_POINT ( 'NONE',  ( 17.14929940160600097, 7.586630086106000093, 50.05332751108400657 ) ) ;
#438 = EDGE_CURVE ( 'NONE', #1311, #1185, #172, .T. ) ;
#439 = VERTEX_POINT ( 'NONE', #235 ) ;
#440 = CARTESIAN_POINT ( 'NONE',  ( 17.67238968642300279, 8.438907361368999105, 0.000000000000000000 ) ) ;
#441 = DIRECTION ( 'NONE',  ( -0.9697278748031881168, 0.000000000000000000, 0.2441881422790475320 ) ) ;
#442 = VECTOR ( 'NONE', #1010, 1000.000000000000000 ) ;
#443 = FACE_OUTER_BOUND ( 'NONE', #174, .T. ) ;
#444 = VERTEX_POINT ( 'NONE', #182 ) ;
#445 = ORIENTED_EDGE ( 'NONE', *, *, #498, .T. ) ;
#446 = LINE ( 'NONE', #1269, #682 ) ;
#447 = DIRECTION ( 'NONE',  ( 0.000000000000000000, 0.000000000000000000, 1.000000000000000000 ) ) ;
#448 = CARTESIAN_POINT ( 'NONE',  ( 17.14929940160600097, 7.586630086106000093, 33.58824098304900474 ) ) ;
#449 = CARTESIAN_POINT ( 'NONE',  ( 7.132251667104999804, 16.60756779025599883, 86.96483985922499471 ) ) ;
#450 = EDGE_CURVE ( 'NONE', #348, #444, #888, .T. ) ;
#451 = FILL_AREA_STYLE ('',( #1444 ) ) ;
#452 = ORIENTED_EDGE ( 'NONE', *, *, #281, .T. ) ;
#453 = PRODUCT_DEFINITION_CONTEXT ( 'detailed design', #703, 'design' ) ;
#454 = ORIENTED_EDGE ( 'NONE', *, *, #224, .T. ) ;
#455 = FACE_BOUND ( 'NONE', #610, .T. ) ;
#456 = PRODUCT_DEFINITION_SHAPE ( 'NONE', 'NONE',  #343 ) ;
#457 = DIRECTION ( 'NONE',  ( -0.6963370719180530521, 0.000000000000000000, -0.7177149031980540883 ) ) ;
#458 = AXIS2_PLACEMENT_3D ( 'NONE', #683, #893, #1337 ) ;
#459 = FACE_OUTER_BOUND ( 'NONE', #981, .T. ) ;
#460 = FACE_OUTER_BOUND ( 'NONE', #896, .T. ) ;
#461 =( NAMED_UNIT ( * ) SI_UNIT ( $, .STERADIAN. ) SOLID_ANGLE_UNIT ( ) );
#462 = ORIENTED_EDGE ( 'NONE', *, *, #30, .T. ) ;
#463 = ORIENTED_EDGE ( 'NONE', *, *, #978, .T. ) ;
#464 = FACE_BOUND ( 'NONE', #148, .T. ) ;
#465 = LINE ( 'NONE', #804, #763 ) ;
#466 = FACE_OUTER_BOUND ( 'NONE', #264, .T. ) ;
#467 = CARTESIAN_POINT ( 'NONE',  ( 14.55128096095200085, 15.99547301260400012, 0.000000000000000000 ) ) ;
#468 = EDGE_CURVE ( 'NONE', #1363, #826, #477, .T. ) ;
#469 = ORIENTED_EDGE ( 'NONE', *, *, #1083, .T. ) ;
#470 = ORIENTED_EDGE ( 'NONE', *, *, #862, .T. ) ;
#471 = EDGE_CURVE ( 'NONE', #642, #255, #1094, .T. ) ;
#472 = PLANE ( 'NONE',  #293 ) ;
#473 = DIRECTION ( 'NONE',  ( 1.000000000000000000, 0.000000000000000000, 0.000000000000000000 ) ) ;
#474 = DIRECTION ( 'NONE',  ( -0.2733908028849955651, 0.000000000000000000, 0.9619030454769843530 ) ) ;
#475 = DIRECTION ( 'NONE',  ( 0.000000000000000000, -1.000000000000000000, 0.000000000000000000 ) ) ;
#476 = ORIENTED_EDGE ( 'NONE', *, *, #176, .T. ) ;
#477 =( BOUNDED_CURVE ( )  B_SPLINE_CURVE ( 3, ( #988, #1437, #1197, #767 ),
 .UNSPECIFIED., .F., .T. ) 
 B_SPLINE_CURVE_WITH_KNOTS ( ( 4, 4 ),
 ( 3.967799181150250654, 4.069961247941552784 ),
 .UNSPECIFIED. ) 
 CURVE ( )  GEOMETRIC_REPRESENTATION_ITEM ( )  RATIONAL_B_SPLINE_CURVE ( ( 1.000000000000000000, 0.9991304317787467193, 0.9991304317787467193, 1.000000000000000000 ) ) 
 REPRESENTATION_ITEM ( '' )  );
#478 = ORIENTED_EDGE ( 'NONE', *, *, #1441, .T. ) ;
#479 = DIRECTION ( 'NONE',  ( 0.000000000000000000, 0.000000000000000000, -1.000000000000000000 ) ) ;
#480 = DIRECTION ( 'NONE',  ( 0.5230902848170906339, 0.8522772752631474491, 0.000000000000000000 ) ) ;
#481 = AXIS2_PLACEMENT_3D ( 'NONE', #1108, #569, #1018 ) ;
#482 = CARTESIAN_POINT ( 'NONE',  ( 13.93918618330100045, 16.60756779025599883, 86.96483985922499471 ) ) ;
#483 = DIRECTION ( 'NONE',  ( 0.000000000000000000, 0.000000000000000000, 1.000000000000000000 ) ) ;
#484 = AXIS2_PLACEMENT_3D ( 'NONE', #1430, #1202, #1005 ) ;
#485 = ORIENTED_EDGE ( 'NONE', *, *, #1319, .F. ) ;
#486 = VERTEX_POINT ( 'NONE', #416 ) ;
#487 = FACE_OUTER_BOUND ( 'NONE', #949, .T. ) ;
#488 = ADVANCED_FACE ( 'NONE', ( #878 ), #866, .T. ) ;
#489 = DIRECTION ( 'NONE',  ( -1.000000000000000000, 0.000000000000000000, 0.000000000000000000 ) ) ;
#490 = CARTESIAN_POINT ( 'NONE',  ( 15.16337573860399957, 8.308919911444000661, 0.000000000000000000 ) ) ;
#491 = ADVANCED_FACE ( 'NONE', ( #1312 ), #537, .F. ) ;
#492 = VERTEX_POINT ( 'NONE', #424 ) ;
#493 = AXIS2_PLACEMENT_3D ( 'NONE', #1443, #892, #910 ) ;
#494 = VERTEX_POINT ( 'NONE', #657 ) ;
#495 = DIRECTION ( 'NONE',  ( 0.000000000000000000, -1.000000000000000000, 0.000000000000000000 ) ) ;
#496 = AXIS2_PLACEMENT_3D ( 'NONE', #1374, #97, #1259 ) ;
#497 = CARTESIAN_POINT ( 'NONE',  ( 4.250904788517999577, 7.639079235244000010, 17.36736237962099949 ) ) ;
#498 = EDGE_CURVE ( 'NONE', #242, #53, #85, .T. ) ;
#499 = PLANE ( 'NONE',  #712 ) ;
#500 = ORIENTED_EDGE ( 'NONE', *, *, #1228, .F. ) ;
#501 = ORIENTED_EDGE ( 'NONE', *, *, #527, .T. ) ;
#502 = LINE ( 'NONE', #164, #1329 ) ;
#503 = CARTESIAN_POINT ( 'NONE',  ( 21.21263594983799550, 8.308919911444000661, 34.31787983860400004 ) ) ;
#504 = DIRECTION ( 'NONE',  ( -1.000000000000000000, 0.000000000000000000, 0.000000000000000000 ) ) ;
#505 = VECTOR ( 'NONE', #1154, 1000.000000000000000 ) ;
#506 = ORIENTED_EDGE ( 'NONE', *, *, #590, .F. ) ;
#507 = ORIENTED_EDGE ( 'NONE', *, *, #30, .F. ) ;
#508 = DIRECTION ( 'NONE',  ( 0.2733908028849955651, 0.000000000000000000, -0.9619030454769843530 ) ) ;
#509 = PLANE ( 'NONE',  #958 ) ;
#510 = ORIENTED_EDGE ( 'NONE', *, *, #912, .T. ) ;
#511 = VERTEX_POINT ( 'NONE', #321 ) ;
#512 = CARTESIAN_POINT ( 'NONE',  ( 5.117455731165999389, 8.145890857251998796, 0.000000000000000000 ) ) ;
#513 = CARTESIAN_POINT ( 'NONE',  ( 15.16337573860399957, 15.38337823495299972, 0.000000000000000000 ) ) ;
#514 = VECTOR ( 'NONE', #77, 1000.000000000000000 ) ;
#515 = ORIENTED_EDGE ( 'NONE', *, *, #760, .F. ) ;
#516 = ORIENTED_EDGE ( 'NONE', *, *, #1083, .F. ) ;
#517 = DIRECTION ( 'NONE',  ( 0.000000000000000000, 0.000000000000000000, 1.000000000000000000 ) ) ;
#518 = LINE ( 'NONE', #1320, #236 ) ;
#519 = AXIS2_PLACEMENT_3D ( 'NONE', #440, #315, #775 ) ;
#520 = FACE_BOUND ( 'NONE', #845, .T. ) ;
#521 = EDGE_LOOP ( 'NONE', ( #163, #373, #684, #278 ) ) ;
#522 = DIRECTION ( 'NONE',  ( 0.05577427698981031468, 0.9984434035168262556, 0.000000000000000000 ) ) ;
#523 = VECTOR ( 'NONE', #74, 1000.000000000000000 ) ;
#524 = DIRECTION ( 'NONE',  ( 0.000000000000000000, 0.000000000000000000, 1.000000000000000000 ) ) ;
#525 = LINE ( 'NONE', #76, #909 ) ;
#526 = ORIENTED_EDGE ( 'NONE', *, *, #1346, .F. ) ;
#527 = EDGE_CURVE ( 'NONE', #1396, #1189, #895, .T. ) ;
#528 = ORIENTED_EDGE ( 'NONE', *, *, #1367, .T. ) ;
#529 = DIRECTION ( 'NONE',  ( 0.000000000000000000, -1.000000000000000000, 0.000000000000000000 ) ) ;
#530 = DIRECTION ( 'NONE',  ( 0.000000000000000000, 0.000000000000000000, 1.000000000000000000 ) ) ;
#531 = DIRECTION ( 'NONE',  ( 0.6963370719180530521, 0.000000000000000000, 0.7177149031980540883 ) ) ;
#532 = EDGE_CURVE ( 'NONE', #1206, #1043, #1217, .T. ) ;
#533 = AXIS2_PLACEMENT_3D ( 'NONE', #1142, #1463, #1274 ) ;
#534 = CARTESIAN_POINT ( 'NONE',  ( 0.000000000000000000, 26.15414717316300042, 35.24214718033700677 ) ) ;
#535 = DIRECTION ( 'NONE',  ( -0.9996389138546206699, 0.02687083749260978788, 0.000000000000000000 ) ) ;
#536 = EDGE_LOOP ( 'NONE', ( #1338, #1141, #1348, #945 ) ) ;
#537 = PLANE ( 'NONE',  #69 ) ;
#538 = CARTESIAN_POINT ( 'NONE',  ( 0.000000000000000000, 26.15414717316300042, 0.000000000000000000 ) ) ;
#539 = CARTESIAN_POINT ( 'NONE',  ( 21.21263594983799550, 19.55104191850099937, 20.84011761216699909 ) ) ;
#540 = EDGE_CURVE ( 'NONE', #134, #1170, #1343, .T. ) ;
#541 = DIRECTION ( 'NONE',  ( -1.000000000000000000, 0.000000000000000000, 0.000000000000000000 ) ) ;
#542 = VECTOR ( 'NONE', #145, 1000.000000000000000 ) ;
#543 = EDGE_CURVE ( 'NONE', #112, #300, #1442, .T. ) ;
#544 = ORIENTED_EDGE ( 'NONE', *, *, #1413, .F. ) ;
#545 = CARTESIAN_POINT ( 'NONE',  ( 9.266756874989999559, 26.15414717316300042, 19.05840191959700292 ) ) ;
#546 = AXIS2_PLACEMENT_3D ( 'NONE', #1066, #1408, #389 ) ;
#547 = VERTEX_POINT ( 'NONE', #1336 ) ;
#548 = CIRCLE ( 'NONE', #1149, 3.480928438805000358 ) ;
#549 = DIRECTION ( 'NONE',  ( -1.000000000000000000, 0.000000000000000000, 0.000000000000000000 ) ) ;
#550 = LINE ( 'NONE', #899, #1025 ) ;
#551 = CARTESIAN_POINT ( 'NONE',  ( 8.508273476957999293, 22.70806862262299930, 16.04628803567100093 ) ) ;
#552 = DIRECTION ( 'NONE',  ( 0.000000000000000000, 1.000000000000000000, 0.000000000000000000 ) ) ;
#553 = EDGE_LOOP ( 'NONE', ( #748, #1436, #835, #1182 ) ) ;
#554 = ORIENTED_EDGE ( 'NONE', *, *, #1434, .T. ) ;
#555 = VECTOR ( 'NONE', #268, 1000.000000000000000 ) ;
#556 = CARTESIAN_POINT ( 'NONE',  ( 17.62584803064399708, 6.707481973350000182, 86.96483985922499471 ) ) ;
#557 = SHAPE_DEFINITION_REPRESENTATION ( #456, #630 ) ;
#558 = ADVANCED_FACE ( 'NONE', ( #640, #292 ), #755, .F. ) ;
#559 = CARTESIAN_POINT ( 'NONE',  ( 15.84453021184799937, 26.15414717316300042, 31.47749404744100588 ) ) ;
#560 = LINE ( 'NONE', #551, #120 ) ;
#561 = CARTESIAN_POINT ( 'NONE',  ( 18.29190191899635920, 6.689578082704444206, 32.84407022654441732 ) ) ;
#562 = PLANE ( 'NONE',  #1172 ) ;
#563 = EDGE_LOOP ( 'NONE', ( #312, #658, #1427, #262 ) ) ;
#564 = EDGE_LOOP ( 'NONE', ( #1388, #1212, #49, #271, #95, #686 ) ) ;
#565 = PLANE ( 'NONE',  #533 ) ;
#566 = LINE ( 'NONE', #837, #1000 ) ;
#567 = DIRECTION ( 'NONE',  ( 0.6963370719180530521, 0.000000000000000000, 0.7177149031980540883 ) ) ;
#568 = CARTESIAN_POINT ( 'NONE',  ( 21.21263594983799550, 19.55104191850099937, 21.75504349191599829 ) ) ;
#569 = DIRECTION ( 'NONE',  ( -0.000000000000000000, 1.000000000000000000, 0.000000000000000000 ) ) ;
#570 = ORIENTED_EDGE ( 'NONE', *, *, #176, .F. ) ;
#571 = AXIS2_PLACEMENT_3D ( 'NONE', #689, #1135, #117 ) ;
#572 = VECTOR ( 'NONE', #286, 1000.000000000000000 ) ;
#573 = ORIENTED_EDGE ( 'NONE', *, *, #438, .T. ) ;
#574 = CARTESIAN_POINT ( 'NONE',  ( 21.21263594983799550, 0.000000000000000000, 0.000000000000000000 ) ) ;
#575 = EDGE_CURVE ( 'NONE', #1293, #242, #404, .T. ) ;
#576 = CARTESIAN_POINT ( 'NONE',  ( 19.14857722931500206, 7.532888411121000161, 0.000000000000000000 ) ) ;
#577 = CARTESIAN_POINT ( 'NONE',  ( 0.000000000000000000, 26.15414717316300042, 86.96483985922499471 ) ) ;
#578 = DIRECTION ( 'NONE',  ( 0.2733908028849955651, 0.000000000000000000, -0.9619030454769843530 ) ) ;
#579 = ADVANCED_FACE ( 'NONE', ( #999 ), #880, .F. ) ;
#580 = ORIENTED_EDGE ( 'NONE', *, *, #192, .F. ) ;
#581 = ORIENTED_EDGE ( 'NONE', *, *, #651, .T. ) ;
#582 = CARTESIAN_POINT ( 'NONE',  ( 0.000000000000000000, 6.855061608518999354E-16, 53.01594948288700238 ) ) ;
#583 = CARTESIAN_POINT ( 'NONE',  ( 18.67202860027700240, 8.412036523877000960, 34.43367614048700176 ) ) ;
#584 = DIRECTION ( 'NONE',  ( 1.000000000000000000, 0.000000000000000000, 0.000000000000000000 ) ) ;
#585 = CARTESIAN_POINT ( 'NONE',  ( 0.000000000000000000, 26.15414717316300042, 37.57155486932099819 ) ) ;
#586 = VERTEX_POINT ( 'NONE', #1106 ) ;
#587 = VECTOR ( 'NONE', #1352, 1000.000000000000000 ) ;
#588 = VERTEX_POINT ( 'NONE', #671 ) ;
#589 = FACE_BOUND ( 'NONE', #1416, .T. ) ;
#590 = EDGE_CURVE ( 'NONE', #825, #826, #178, .T. ) ;
#591 = DIRECTION ( 'NONE',  ( -0.4765486290378971312, 0.8791481127558091746, 0.000000000000000000 ) ) ;
#592 = EDGE_CURVE ( 'NONE', #129, #839, #1431, .T. ) ;
#593 = CARTESIAN_POINT ( 'NONE',  ( 9.757037556830999492, 26.15414717316300042, 17.33338968061899976 ) ) ;
#594 = EDGE_LOOP ( 'NONE', ( #54, #141, #1195, #87 ) ) ;
#595 = ADVANCED_FACE ( 'NONE', ( #647, #309 ), #762, .F. ) ;
#596 = ORIENTED_EDGE ( 'NONE', *, *, #1072, .T. ) ;
#597 = LINE ( 'NONE', #860, #240 ) ;
#598 = DIRECTION ( 'NONE',  ( 0.000000000000000000, 1.000000000000000000, 0.000000000000000000 ) ) ;
#599 = CARTESIAN_POINT ( 'NONE',  ( 17.14929940160600097, 7.586630086106000093, 50.05332751108400657 ) ) ;
#600 = VECTOR ( 'NONE', #517, 1000.000000000000000 ) ;
#601 = ORIENTED_EDGE ( 'NONE', *, *, #920, .T. ) ;
#602 = ORIENTED_EDGE ( 'NONE', *, *, #57, .T. ) ;
#603 = CARTESIAN_POINT ( 'NONE',  ( 7.132251667104999804, 16.60756779025599883, 0.000000000000000000 ) ) ;
#604 = EDGE_CURVE ( 'NONE', #839, #547, #525, .T. ) ;
#605 = FACE_OUTER_BOUND ( 'NONE', #391, .T. ) ;
#606 = EDGE_CURVE ( 'NONE', #629, #1288, #70, .T. ) ;
#607 = LINE ( 'NONE', #354, #131 ) ;
#608 = PRODUCT_DEFINITION_FORMATION_WITH_SPECIFIED_SOURCE ( 'ไป', '', #790, .NOT_KNOWN. ) ;
#609 = VERTEX_POINT ( 'NONE', #1449 ) ;
#610 = EDGE_LOOP ( 'NONE', ( #21, #331, #1086, #1435, #1055, #1109 ) ) ;
#611 = CARTESIAN_POINT ( 'NONE',  ( 0.000000000000000000, 23.82473948417899834, 37.57155486932099819 ) ) ;
#612 = CIRCLE ( 'NONE', #1438, 2.513835812720001339 ) ;
#613 = CARTESIAN_POINT ( 'NONE',  ( 8.508273476957999293, 26.15414717316300042, 16.04628803567100093 ) ) ;
#614 = DIRECTION ( 'NONE',  ( 0.000000000000000000, 0.000000000000000000, 1.000000000000000000 ) ) ;
#615 = EDGE_LOOP ( 'NONE', ( #596, #1196, #72, #1080 ) ) ;
#616 = EDGE_LOOP ( 'NONE', ( #1258, #276, #856, #738 ) ) ;
#617 = CARTESIAN_POINT ( 'NONE',  ( 14.91232897386499978, 15.63442499969100119, 0.000000000000000000 ) ) ;
#618 = PLANE ( 'NONE',  #1403 ) ;
#619 = VECTOR ( 'NONE', #646, 1000.000000000000114 ) ;
#620 = CARTESIAN_POINT ( 'NONE',  ( 21.21263594983799550, 19.55104191850099937, 24.26887930463600185 ) ) ;
#621 = ADVANCED_FACE ( 'NONE', ( #429 ), #200, .F. ) ;
#622 = AXIS2_PLACEMENT_3D ( 'NONE', #935, #364, #928 ) ;
#623 = AXIS2_PLACEMENT_3D ( 'NONE', #1295, #1070, #398 ) ;
#624 = ORIENTED_EDGE ( 'NONE', *, *, #760, .T. ) ;
#625 = EDGE_CURVE ( 'NONE', #586, #968, #1226, .T. ) ;
#626 = DIRECTION ( 'NONE',  ( 0.000000000000000000, -1.000000000000000000, 0.000000000000000000 ) ) ;
#627 = PLANE ( 'NONE',  #1146 ) ;
#628 =( BOUNDED_CURVE ( )  B_SPLINE_CURVE ( 3, ( #1128, #100, #561, #1467 ),
 .UNSPECIFIED., .F., .T. ) 
 B_SPLINE_CURVE_WITH_KNOTS ( ( 4, 4 ),
 ( 4.069961247941548343, 4.072955758168778750 ),
 .UNSPECIFIED. ) 
 CURVE ( )  GEOMETRIC_REPRESENTATION_ITEM ( )  RATIONAL_B_SPLINE_CURVE ( ( 1.000000000000000000, 0.9999992527425144440, 0.9999992527425144440, 1.000000000000000000 ) ) 
 REPRESENTATION_ITEM ( '' )  );
#629 = VERTEX_POINT ( 'NONE', #90 ) ;
#630 = ADVANCED_BREP_SHAPE_REPRESENTATION ( '20260414_160844_124', ( #308, #828 ), #1246 ) ;
#631 = EDGE_LOOP ( 'NONE', ( #452, #515, #243, #1355 ) ) ;
#632 = CARTESIAN_POINT ( 'NONE',  ( 0.000000000000000000, 0.000000000000000000, 0.000000000000000000 ) ) ;
#633 = CARTESIAN_POINT ( 'NONE',  ( 0.000000000000000000, 26.15414717316300042, 70.90584173804499812 ) ) ;
#634 = VECTOR ( 'NONE', #1099, 1000.000000000000114 ) ;
#635 = ORIENTED_EDGE ( 'NONE', *, *, #692, .T. ) ;
#636 = ORIENTED_EDGE ( 'NONE', *, *, #1434, .F. ) ;
#637 = DIRECTION ( 'NONE',  ( -0.2733908028849955651, 0.000000000000000000, 0.9619030454769843530 ) ) ;
#638 = LINE ( 'NONE', #189, #422 ) ;
#639 = EDGE_CURVE ( 'NONE', #766, #121, #550, .T. ) ;
#640 = FACE_OUTER_BOUND ( 'NONE', #1011, .T. ) ;
#641 = VECTOR ( 'NONE', #868, 1000.000000000000000 ) ;
#642 = VERTEX_POINT ( 'NONE', #1008 ) ;
#643 = ORIENTED_EDGE ( 'NONE', *, *, #1042, .F. ) ;
#644 = PLANE ( 'NONE',  #668 ) ;
#645 = EDGE_CURVE ( 'NONE', #423, #713, #1456, .T. ) ;
#646 = DIRECTION ( 'NONE',  ( 0.9984434035168261445, -0.05577427698981031468, 0.000000000000000000 ) ) ;
#647 = FACE_OUTER_BOUND ( 'NONE', #840, .T. ) ;
#648 = CARTESIAN_POINT ( 'NONE',  ( 17.62584803064399708, 6.707481973350000182, 0.000000000000000000 ) ) ;
#649 = EDGE_LOOP ( 'NONE', ( #1036 ) ) ;
#650 = CARTESIAN_POINT ( 'NONE',  ( 18.67202860027700240, 8.412036523877000960, 0.000000000000000000 ) ) ;
#651 = EDGE_CURVE ( 'NONE', #1294, #53, #1166, .T. ) ;
#652 = LINE ( 'NONE', #873, #619 ) ;
#653 = CARTESIAN_POINT ( 'NONE',  ( 18.82172989427381182, 8.135864057782123737, 49.52238252194291590 ) ) ;
#654 = CARTESIAN_POINT ( 'NONE',  ( 18.82172989427353471, 8.135864057782621117, 34.11918597218961224 ) ) ;
#655 = CARTESIAN_POINT ( 'NONE',  ( 18.33812170771855676, 8.421012122684093271, 49.19767143039118196 ) ) ;
#656 = ORIENTED_EDGE ( 'NONE', *, *, #1413, .T. ) ;
#657 = CARTESIAN_POINT ( 'NONE',  ( 7.132251667104999804, 8.308919911444000661, 86.96483985922499471 ) ) ;
#658 = ORIENTED_EDGE ( 'NONE', *, *, #430, .T. ) ;
#659 = CARTESIAN_POINT ( 'NONE',  ( 17.46031973307782437, 7.012852467658073685, 50.55560512014304919 ) ) ;
#660 = DIRECTION ( 'NONE',  ( 0.000000000000000000, 1.000000000000000000, 0.000000000000000000 ) ) ;
#661 = LINE ( 'NONE', #99, #505 ) ;
#662 =( BOUNDED_CURVE ( )  B_SPLINE_CURVE ( 3, ( #902, #993, #654, #789 ),
 .UNSPECIFIED., .F., .T. ) 
 B_SPLINE_CURVE_WITH_KNOTS ( ( 4, 4 ),
 ( 2.308877643053285134, 2.420976114870451834 ),
 .UNSPECIFIED. ) 
 CURVE ( )  GEOMETRIC_REPRESENTATION_ITEM ( )  RATIONAL_B_SPLINE_CURVE ( ( 1.000000000000000000, 0.9989531018317624467, 0.9989531018317624467, 1.000000000000000000 ) ) 
 REPRESENTATION_ITEM ( '' )  );
#663 = CARTESIAN_POINT ( 'NONE',  ( 17.62584803064399708, 6.707481973350000182, 50.78412125035399782 ) ) ;
#664 = DIRECTION ( 'NONE',  ( 0.000000000000000000, 0.000000000000000000, 1.000000000000000000 ) ) ;
#665 = ORIENTED_EDGE ( 'NONE', *, *, #67, .F. ) ;
#666 = STYLED_ITEM ( 'NONE', ( #1247 ), #308 ) ;
#667 = ORIENTED_EDGE ( 'NONE', *, *, #1385, .F. ) ;
#668 = AXIS2_PLACEMENT_3D ( 'NONE', #632, #408, #1207 ) ;
#669 = DIRECTION ( 'NONE',  ( 1.000000000000000000, 0.000000000000000000, 0.000000000000000000 ) ) ;
#670 = DIRECTION ( 'NONE',  ( 0.000000000000000000, 0.000000000000000000, 1.000000000000000000 ) ) ;
#671 = CARTESIAN_POINT ( 'NONE',  ( 21.21263594983799550, 0.000000000000000000, 0.000000000000000000 ) ) ;
#672 = DIRECTION ( 'NONE',  ( -4.077851783574000160E-30, 0.000000000000000000, -1.000000000000000000 ) ) ;
#673 = CARTESIAN_POINT ( 'NONE',  ( 6.769228715244000050, 22.70806862262299930, 16.48419862970100169 ) ) ;
#674 =( BOUNDED_CURVE ( )  B_SPLINE_CURVE ( 3, ( #774, #659, #1455, #437 ),
 .UNSPECIFIED., .F., .F. ) 
 B_SPLINE_CURVE_WITH_KNOTS ( ( 4, 4 ),
 ( 2.213224059238033892, 2.315386126029274294 ),
 .UNSPECIFIED. ) 
 CURVE ( )  GEOMETRIC_REPRESENTATION_ITEM ( )  RATIONAL_B_SPLINE_CURVE ( ( 1.000000000000000000, 0.9991304317787479405, 0.9991304317787479405, 1.000000000000000000 ) ) 
 REPRESENTATION_ITEM ( '' )  );
#675 = CARTESIAN_POINT ( 'NONE',  ( 17.67238968642300279, 8.438907361368999105, 86.96483985922499471 ) ) ;
#676 = ORIENTED_EDGE ( 'NONE', *, *, #418, .F. ) ;
#677 = ORIENTED_EDGE ( 'NONE', *, *, #803, .T. ) ;
#678 = CARTESIAN_POINT ( 'NONE',  ( 0.000000000000000000, 0.000000000000000000, 0.000000000000000000 ) ) ;
#679 = FACE_OUTER_BOUND ( 'NONE', #1429, .T. ) ;
#680 = CARTESIAN_POINT ( 'NONE',  ( 17.50790790414997034, 8.170915220629090925, 34.15696008656680505 ) ) ;
#681 = LINE ( 'NONE', #1229, #514 ) ;
#682 = VECTOR ( 'NONE', #1471, 1000.000000000000000 ) ;
#683 = CARTESIAN_POINT ( 'NONE',  ( 21.21263594983799550, 0.000000000000000000, 0.000000000000000000 ) ) ;
#684 = ORIENTED_EDGE ( 'NONE', *, *, #1360, .F. ) ;
#685 = ADVANCED_FACE ( 'NONE', ( #1251 ), #1358, .F. ) ;
#686 = ORIENTED_EDGE ( 'NONE', *, *, #575, .F. ) ;
#687 = FACE_OUTER_BOUND ( 'NONE', #303, .T. ) ;
#688 = APPLICATION_PROTOCOL_DEFINITION ( 'draft international standard', 'automotive_design', 1998, #703 ) ;
#689 = CARTESIAN_POINT ( 'NONE',  ( 21.21263594983799550, 19.55104191850099937, 21.75504349191599829 ) ) ;
#690 = ADVANCED_FACE ( 'NONE', ( #679, #823 ), #344, .T. ) ;
#691 = DIRECTION ( 'NONE',  ( 0.000000000000000000, 0.000000000000000000, -1.000000000000000000 ) ) ;
#692 = EDGE_CURVE ( 'NONE', #10, #609, #333, .T. ) ;
#693 = DIRECTION ( 'NONE',  ( 0.000000000000000000, 0.000000000000000000, -1.000000000000000000 ) ) ;
#694 = ORIENTED_EDGE ( 'NONE', *, *, #450, .F. ) ;
#695 = AXIS2_PLACEMENT_3D ( 'NONE', #633, #489, #947 ) ;
#696 = ORIENTED_EDGE ( 'NONE', *, *, #967, .F. ) ;
#697 = CIRCLE ( 'NONE', #546, 2.329407688984000302 ) ;
#698 = CARTESIAN_POINT ( 'NONE',  ( 17.67238968642300279, 8.438907361368999105, 34.46438790078700265 ) ) ;
#699 = AXIS2_PLACEMENT_3D ( 'NONE', #1137, #1236, #1127 ) ;
#700 = FACE_OUTER_BOUND ( 'NONE', #401, .T. ) ;
#701 = CARTESIAN_POINT ( 'NONE',  ( 15.16337573860399957, 8.308919911444000661, 0.000000000000000000 ) ) ;
#702 = ORIENTED_EDGE ( 'NONE', *, *, #1323, .T. ) ;
#703 = APPLICATION_CONTEXT ( 'automotive_design' ) ;
#704 = EDGE_CURVE ( 'NONE', #1185, #1150, #719, .T. ) ;
#705 = ORIENTED_EDGE ( 'NONE', *, *, #1220, .F. ) ;
#706 = FACE_OUTER_BOUND ( 'NONE', #649, .T. ) ;
#707 = EDGE_CURVE ( 'NONE', #743, #59, #933, .T. ) ;
#708 = PLANE ( 'NONE',  #1167 ) ;
#709 = DIRECTION ( 'NONE',  ( 0.000000000000000000, 0.000000000000000000, 1.000000000000000000 ) ) ;
#710 = EDGE_CURVE ( 'NONE', #588, #1293, #465, .T. ) ;
#711 = ORIENTED_EDGE ( 'NONE', *, *, #274, .T. ) ;
#712 = AXIS2_PLACEMENT_3D ( 'NONE', #467, #844, #693 ) ;
#713 = VERTEX_POINT ( 'NONE', #917 ) ;
#714 = PLANE ( 'NONE',  #623 ) ;
#715 = CARTESIAN_POINT ( 'NONE',  ( 5.117455731165999389, 8.145890857251998796, 17.36736237962099949 ) ) ;
#716 = LINE ( 'NONE', #1040, #1162 ) ;
#717 = ORIENTED_EDGE ( 'NONE', *, *, #57, .F. ) ;
#718 = ORIENTED_EDGE ( 'NONE', *, *, #307, .T. ) ;
#719 = CIRCLE ( 'NONE', #1472, 11.19516523582100120 ) ;
#720 = CARTESIAN_POINT ( 'NONE',  ( 7.729453406105999846, 23.82473948417899834, 70.90584173804499812 ) ) ;
#721 = EDGE_CURVE ( 'NONE', #255, #486, #228, .T. ) ;
#722 = DIRECTION ( 'NONE',  ( 0.000000000000000000, 0.000000000000000000, 1.000000000000000000 ) ) ;
#723 = CARTESIAN_POINT ( 'NONE',  ( 17.14929940160600097, 7.586630086106000093, 50.05332751108400657 ) ) ;
#724 = VECTOR ( 'NONE', #637, 1000.000000000000114 ) ;
#725 = ORIENTED_EDGE ( 'NONE', *, *, #213, .F. ) ;
#726 = ORIENTED_EDGE ( 'NONE', *, *, #1100, .T. ) ;
#727 = CARTESIAN_POINT ( 'NONE',  ( 0.000000000000000000, -3.427530813043999817E-16, 30.62561901124600183 ) ) ;
#728 = CYLINDRICAL_SURFACE ( 'NONE', #695, 2.329407688984000302 ) ;
#729 = DIRECTION ( 'NONE',  ( 0.000000000000000000, 0.000000000000000000, -1.000000000000000000 ) ) ;
#730 = VERTEX_POINT ( 'NONE', #1032 ) ;
#731 = ORIENTED_EDGE ( 'NONE', *, *, #71, .F. ) ;
#732 = DIRECTION ( 'NONE',  ( 0.000000000000000000, 0.000000000000000000, 1.000000000000000000 ) ) ;
#733 = EDGE_CURVE ( 'NONE', #1130, #547, #237, .T. ) ;
#734 = VECTOR ( 'NONE', #104, 1000.000000000000000 ) ;
#735 = DIRECTION ( 'NONE',  ( 0.8791481127558091746, 0.4765486290378971312, 0.000000000000000000 ) ) ;
#736 = EDGE_CURVE ( 'NONE', #1422, #1363, #812, .T. ) ;
#737 = EDGE_LOOP ( 'NONE', ( #463, #287, #694, #923 ) ) ;
#738 = ORIENTED_EDGE ( 'NONE', *, *, #378, .F. ) ;
#739 = PLANE ( 'NONE',  #742 ) ;
#740 = DIRECTION ( 'NONE',  ( -1.000000000000000000, 0.000000000000000000, 0.000000000000000000 ) ) ;
#741 = VECTOR ( 'NONE', #791, 1000.000000000000000 ) ;
#742 = AXIS2_PLACEMENT_3D ( 'NONE', #611, #495, #853 ) ;
#743 = VERTEX_POINT ( 'NONE', #125 ) ;
#744 = ORIENTED_EDGE ( 'NONE', *, *, #1323, .F. ) ;
#745 = CARTESIAN_POINT ( 'NONE',  ( 7.527712113276000316, 26.15414717316300042, 19.49631251362599826 ) ) ;
#746 = CARTESIAN_POINT ( 'NONE',  ( 0.000000000000000000, 23.82473948417899834, 37.57155486932099819 ) ) ;
#747 = VECTOR ( 'NONE', #260, 1000.000000000000000 ) ;
#748 = ORIENTED_EDGE ( 'NONE', *, *, #997, .T. ) ;
#749 = EDGE_CURVE ( 'NONE', #511, #1177, #18, .T. ) ;
#750 = ORIENTED_EDGE ( 'NONE', *, *, #956, .T. ) ;
#751 = PLANE ( 'NONE',  #209 ) ;
#752 = ADVANCED_FACE ( 'NONE', ( #369 ), #1153, .F. ) ;
#753 = FACE_OUTER_BOUND ( 'NONE', #929, .T. ) ;
#754 = VECTOR ( 'NONE', #1349, 1000.000000000000000 ) ;
#755 = CYLINDRICAL_SURFACE ( 'NONE', #1237, 2.513835812720001339 ) ;
#756 = ORIENTED_EDGE ( 'NONE', *, *, #540, .F. ) ;
#757 = ADVANCED_FACE ( 'NONE', ( #246 ), #708, .F. ) ;
#758 = ORIENTED_EDGE ( 'NONE', *, *, #920, .F. ) ;
#759 = CARTESIAN_POINT ( 'NONE',  ( 7.132251667104999804, 8.308919911444000661, 0.000000000000000000 ) ) ;
#760 = EDGE_CURVE ( 'NONE', #102, #329, #1047, .T. ) ;
#761 = LINE ( 'NONE', #1335, #1263 ) ;
#762 = CYLINDRICAL_SURFACE ( 'NONE', #1208, 3.480928438805000358 ) ;
#763 = VECTOR ( 'NONE', #447, 1000.000000000000000 ) ;
#764 = VECTOR ( 'NONE', #1407, 1000.000000000000000 ) ;
#765 = VERTEX_POINT ( 'NONE', #829 ) ;
#766 = VERTEX_POINT ( 'NONE', #1275 ) ;
#767 = CARTESIAN_POINT ( 'NONE',  ( 17.62584803064399708, 6.707481973350000182, 32.85744724377800452 ) ) ;
#768 = DIRECTION ( 'NONE',  ( 1.000000000000000000, 0.000000000000000000, 0.000000000000000000 ) ) ;
#769 = DIRECTION ( 'NONE',  ( 0.000000000000000000, 0.000000000000000000, 1.000000000000000000 ) ) ;
#770 = CARTESIAN_POINT ( 'NONE',  ( 21.21263594983799550, -6.855061626087999633E-16, 30.62561901124600183 ) ) ;
#771 = CARTESIAN_POINT ( 'NONE',  ( 0.000000000000000000, 0.000000000000000000, 0.000000000000000000 ) ) ;
#772 = ORIENTED_EDGE ( 'NONE', *, *, #337, .T. ) ;
#773 = CARTESIAN_POINT ( 'NONE',  ( 6.769228715244000050, 26.15414717316300042, 16.48419862970100169 ) ) ;
#774 = CARTESIAN_POINT ( 'NONE',  ( 17.62584803064399708, 6.707481973350000182, 50.78412125035399782 ) ) ;
#775 = DIRECTION ( 'NONE',  ( 0.000000000000000000, 0.000000000000000000, -1.000000000000000000 ) ) ;
#776 = AXIS2_PLACEMENT_3D ( 'NONE', #230, #1377, #709 ) ;
#777 = DIRECTION ( 'NONE',  ( 0.9996389138546206699, -0.02687083749260978788, 0.000000000000000000 ) ) ;
#778 = CARTESIAN_POINT ( 'NONE',  ( 17.95868869872527540, 6.698535035228197820, 50.79081646064520328 ) ) ;
#779 = CARTESIAN_POINT ( 'NONE',  ( 15.16337573860399957, 8.308919911444000661, 0.000000000000000000 ) ) ;
#780 = ORIENTED_EDGE ( 'NONE', *, *, #1290, .F. ) ;
#781 = CARTESIAN_POINT ( 'NONE',  ( 18.62548694449800024, 6.680611135856999283, 0.000000000000000000 ) ) ;
#782 = PRODUCT_RELATED_PRODUCT_CATEGORY ( 'part', '', ( #790 ) ) ;
#783 = EDGE_LOOP ( 'NONE', ( #1044, #1281, #1054, #792 ) ) ;
#784 = CARTESIAN_POINT ( 'NONE',  ( 17.62584803064399708, 6.707481973350000182, 0.000000000000000000 ) ) ;
#785 =( NAMED_UNIT ( * ) PLANE_ANGLE_UNIT ( ) SI_UNIT ( $, .RADIAN. ) );
#786 = CARTESIAN_POINT ( 'NONE',  ( 18.67202860027700240, 8.412036523877000960, 49.20789235364599534 ) ) ;
#787 = FACE_BOUND ( 'NONE', #434, .T. ) ;
#788 = AXIS2_PLACEMENT_3D ( 'NONE', #1375, #360, #1270 ) ;
#789 = CARTESIAN_POINT ( 'NONE',  ( 18.67202860027700240, 8.412036523877000960, 34.43367614048700176 ) ) ;
#790 = PRODUCT ( '20260414_160844_124', '20260414_160844_124', '', ( #1464 ) ) ;
#791 = DIRECTION ( 'NONE',  ( 0.000000000000000000, 0.000000000000000000, 1.000000000000000000 ) ) ;
#792 = ORIENTED_EDGE ( 'NONE', *, *, #710, .T. ) ;
#793 = ORIENTED_EDGE ( 'NONE', *, *, #997, .F. ) ;
#794 = AXIS2_PLACEMENT_3D ( 'NONE', #1453, #522, #313 ) ;
#795 = LINE ( 'NONE', #12, #950 ) ;
#796 = PLANE ( 'NONE',  #961 ) ;
#797 = CARTESIAN_POINT ( 'NONE',  ( 7.729453406105999846, 26.15414717316300042, 37.57155486932099819 ) ) ;
#798 = LINE ( 'NONE', #1213, #142 ) ;
#799 = ORIENTED_EDGE ( 'NONE', *, *, #412, .F. ) ;
#800 = ORIENTED_EDGE ( 'NONE', *, *, #1184, .T. ) ;
#801 = VECTOR ( 'NONE', #584, 1000.000000000000000 ) ;
#802 = FACE_OUTER_BOUND ( 'NONE', #563, .T. ) ;
#803 = EDGE_CURVE ( 'NONE', #444, #1381, #252, .T. ) ;
#804 = CARTESIAN_POINT ( 'NONE',  ( 21.21263594983799550, 0.000000000000000000, 0.000000000000000000 ) ) ;
#805 = FACE_BOUND ( 'NONE', #249, .T. ) ;
#806 = LINE ( 'NONE', #770, #442 ) ;
#807 = CIRCLE ( 'NONE', #226, 0.9149258797489998596 ) ;
#808 = ORIENTED_EDGE ( 'NONE', *, *, #1360, .T. ) ;
#809 = EDGE_CURVE ( 'NONE', #423, #1469, #566, .T. ) ;
#810 = ORIENTED_EDGE ( 'NONE', *, *, #1122, .F. ) ;
#811 = DIRECTION ( 'NONE',  ( -0.000000000000000000, 1.000000000000000000, 0.000000000000000000 ) ) ;
#812 = LINE ( 'NONE', #1260, #180 ) ;
#813 = CARTESIAN_POINT ( 'NONE',  ( 17.67238968642300279, 8.438907361368999105, 0.000000000000000000 ) ) ;
#814 = DIRECTION ( 'NONE',  ( 0.7177149031980540883, 0.000000000000000000, -0.6963370719180530521 ) ) ;
#815 = ADVANCED_FACE ( 'NONE', ( #56 ), #399, .F. ) ;
#816 = ORIENTED_EDGE ( 'NONE', *, *, #1428, .F. ) ;
#817 = VECTOR ( 'NONE', #81, 1000.000000000000000 ) ;
#818 = ORIENTED_EDGE ( 'NONE', *, *, #645, .T. ) ;
#819 = VECTOR ( 'NONE', #483, 1000.000000000000000 ) ;
#820 = FACE_OUTER_BOUND ( 'NONE', #1452, .T. ) ;
#821 = AXIS2_PLACEMENT_3D ( 'NONE', #512, #1391, #1191 ) ;
#822 = ADVANCED_FACE ( 'NONE', ( #605 ), #509, .F. ) ;
#823 = FACE_OUTER_BOUND ( 'NONE', #357, .T. ) ;
#824 = DIRECTION ( 'NONE',  ( 0.000000000000000000, 0.000000000000000000, 1.000000000000000000 ) ) ;
#825 = VERTEX_POINT ( 'NONE', #280 ) ;
#826 = VERTEX_POINT ( 'NONE', #1302 ) ;
#827 = DIRECTION ( 'NONE',  ( 0.000000000000000000, 0.000000000000000000, 1.000000000000000000 ) ) ;
#828 = AXIS2_PLACEMENT_3D ( 'NONE', #1143, #670, #1126 ) ;
#829 = CARTESIAN_POINT ( 'NONE',  ( 21.21263594983799550, 26.15414717316300042, 86.96483985922499471 ) ) ;
#830 = VERTEX_POINT ( 'NONE', #1276 ) ;
#831 = DIRECTION ( 'NONE',  ( 0.000000000000000000, 0.000000000000000000, 1.000000000000000000 ) ) ;
#832 = EDGE_CURVE ( 'NONE', #204, #1381, #258, .T. ) ;
#833 = ORIENTED_EDGE ( 'NONE', *, *, #418, .T. ) ;
#834 = VECTOR ( 'NONE', #421, 1000.000000000000000 ) ;
#835 = ORIENTED_EDGE ( 'NONE', *, *, #1072, .F. ) ;
#836 = PLANE ( 'NONE',  #51 ) ;
#837 = CARTESIAN_POINT ( 'NONE',  ( 7.132251667104999804, 8.308919911444000661, 0.000000000000000000 ) ) ;
#838 = CARTESIAN_POINT ( 'NONE',  ( 5.117455731165999389, 8.145890857251998796, 0.000000000000000000 ) ) ;
#839 = VERTEX_POINT ( 'NONE', #35 ) ;
#840 = EDGE_LOOP ( 'NONE', ( #1272 ) ) ;
#841 = VECTOR ( 'NONE', #907, 1000.000000000000114 ) ;
#842 = DIRECTION ( 'NONE',  ( -0.000000000000000000, 1.000000000000000000, 0.000000000000000000 ) ) ;
#843 = CARTESIAN_POINT ( 'NONE',  ( 21.21263594983799550, 26.15414717316300042, 0.000000000000000000 ) ) ;
#844 = DIRECTION ( 'NONE',  ( 0.7071067811865475727, 0.7071067811865475727, 0.000000000000000000 ) ) ;
#845 = EDGE_LOOP ( 'NONE', ( #1205, #624, #367, #415, #833, #1019 ) ) ;
#846 = ADVANCED_FACE ( 'NONE', ( #1064 ), #728, .F. ) ;
#847 = ORIENTED_EDGE ( 'NONE', *, *, #1027, .F. ) ;
#848 = CARTESIAN_POINT ( 'NONE',  ( 0.000000000000000000, 26.15414717316300042, 0.000000000000000000 ) ) ;
#849 = EDGE_CURVE ( 'NONE', #1140, #955, #267, .T. ) ;
#850 = CARTESIAN_POINT ( 'NONE',  ( 4.073044295954000305, 6.603245602596000019, 0.000000000000000000 ) ) ;
#851 = VERTEX_POINT ( 'NONE', #746 ) ;
#852 = ORIENTED_EDGE ( 'NONE', *, *, #82, .T. ) ;
#853 = DIRECTION ( 'NONE',  ( 0.000000000000000000, 0.000000000000000000, -1.000000000000000000 ) ) ;
#854 = VECTOR ( 'NONE', #310, 1000.000000000000114 ) ;
#855 = CARTESIAN_POINT ( 'NONE',  ( 3.538825755372999815, 8.234075070021999565, 0.000000000000000000 ) ) ;
#856 = ORIENTED_EDGE ( 'NONE', *, *, #803, .F. ) ;
#857 = ADVANCED_FACE ( 'NONE', ( #151 ), #381, .T. ) ;
#858 = ADVANCED_FACE ( 'NONE', ( #972 ), #861, .F. ) ;
#859 = ORIENTED_EDGE ( 'NONE', *, *, #1096, .F. ) ;
#860 = CARTESIAN_POINT ( 'NONE',  ( 4.073044295954000305, 6.603245602596000019, 17.36736237962099949 ) ) ;
#861 = PLANE ( 'NONE',  #1376 ) ;
#862 = EDGE_CURVE ( 'NONE', #1469, #730, #1296, .T. ) ;
#863 = VECTOR ( 'NONE', #324, 1000.000000000000000 ) ;
#864 = ORIENTED_EDGE ( 'NONE', *, *, #527, .F. ) ;
#865 = ORIENTED_EDGE ( 'NONE', *, *, #639, .T. ) ;
#866 = PLANE ( 'NONE',  #26 ) ;
#867 = DIRECTION ( 'NONE',  ( 0.000000000000000000, 0.000000000000000000, 1.000000000000000000 ) ) ;
#868 = DIRECTION ( 'NONE',  ( 0.000000000000000000, 0.000000000000000000, 1.000000000000000000 ) ) ;
#869 = EDGE_CURVE ( 'NONE', #1422, #930, #1308, .T. ) ;
#870 = ADVANCED_FACE ( 'NONE', ( #1057 ), #627, .T. ) ;
#871 = ORIENTED_EDGE ( 'NONE', *, *, #1223, .F. ) ;
#872 = CARTESIAN_POINT ( 'NONE',  ( 0.000000000000000000, 23.82473948417899834, 70.90584173804499812 ) ) ;
#873 = CARTESIAN_POINT ( 'NONE',  ( 3.538825755372999815, 8.234075070021999565, 0.000000000000000000 ) ) ;
#874 = VECTOR ( 'NONE', #1105, 1000.000000000000114 ) ;
#875 = DIRECTION ( 'NONE',  ( 0.000000000000000000, 0.000000000000000000, -1.000000000000000000 ) ) ;
#876 = VERTEX_POINT ( 'NONE', #843 ) ;
#877 = ORIENTED_EDGE ( 'NONE', *, *, #1303, .T. ) ;
#878 = FACE_OUTER_BOUND ( 'NONE', #986, .T. ) ;
#879 = DIRECTION ( 'NONE',  ( -0.8791481127558091746, -0.4765486290378971312, 0.000000000000000000 ) ) ;
#880 = PLANE ( 'NONE',  #139 ) ;
#881 = VECTOR ( 'NONE', #722, 1000.000000000000000 ) ;
#882 = LINE ( 'NONE', #1330, #634 ) ;
#883 = EDGE_CURVE ( 'NONE', #955, #1233, #1187, .T. ) ;
#884 = VECTOR ( 'NONE', #149, 1000.000000000000114 ) ;
#885 = CARTESIAN_POINT ( 'NONE',  ( 3.538825755372999815, 8.234075070021999565, 17.36736237962099949 ) ) ;
#886 = ADVANCED_FACE ( 'NONE', ( #1180 ), #618, .F. ) ;
#887 = VERTEX_POINT ( 'NONE', #966 ) ;
#888 = LINE ( 'NONE', #975, #1353 ) ;
#889 = CARTESIAN_POINT ( 'NONE',  ( 19.14857722931500206, 7.532888411121000161, 50.10253024914400299 ) ) ;
#890 = EDGE_CURVE ( 'NONE', #494, #492, #173, .T. ) ;
#891 = CARTESIAN_POINT ( 'NONE',  ( 6.278948033403000117, 26.15414717316300042, 18.20921086867799588 ) ) ;
#892 = DIRECTION ( 'NONE',  ( 0.000000000000000000, 0.000000000000000000, 1.000000000000000000 ) ) ;
#893 = DIRECTION ( 'NONE',  ( 1.000000000000000000, 0.000000000000000000, 0.000000000000000000 ) ) ;
#894 = VERTEX_POINT ( 'NONE', #855 ) ;
#895 = LINE ( 'NONE', #781, #915 ) ;
#896 = EDGE_LOOP ( 'NONE', ( #800, #256, #1273, #725, #973, #818 ) ) ;
#897 = CARTESIAN_POINT ( 'NONE',  ( 9.266756874989999559, 22.70806862262299930, 19.05840191959700292 ) ) ;
#898 = CARTESIAN_POINT ( 'NONE',  ( 12.11198400764399885, 19.55104191850099937, 20.84011761216699909 ) ) ;
#899 = CARTESIAN_POINT ( 'NONE',  ( 0.000000000000000000, 26.15414717316300042, 73.23524942702900375 ) ) ;
#900 = CIRCLE ( 'NONE', #622, 11.19516523582100120 ) ;
#901 = DIRECTION ( 'NONE',  ( 0.9996389138546206699, -0.02687083749260978788, 0.000000000000000000 ) ) ;
#902 = CARTESIAN_POINT ( 'NONE',  ( 19.14857722931500206, 7.532888411121000161, 33.53903824498900121 ) ) ;
#903 = FACE_BOUND ( 'NONE', #1093, .T. ) ;
#904 = ORIENTED_EDGE ( 'NONE', *, *, #302, .F. ) ;
#905 = EDGE_LOOP ( 'NONE', ( #206, #379, #506, #1266 ) ) ;
#906 = PLANE ( 'NONE',  #1394 ) ;
#907 = DIRECTION ( 'NONE',  ( -0.5230902848170906339, -0.8522772752631474491, 0.000000000000000000 ) ) ;
#908 = CARTESIAN_POINT ( 'NONE',  ( 17.67238968642300279, 8.438907361368999105, 34.46438790078700265 ) ) ;
#909 = VECTOR ( 'NONE', #191, 1000.000000000000000 ) ;
#910 = DIRECTION ( 'NONE',  ( 1.000000000000000000, 0.000000000000000000, 0.000000000000000000 ) ) ;
#911 = SURFACE_STYLE_USAGE ( .BOTH. , #1 ) ;
#912 = EDGE_CURVE ( 'NONE', #1311, #914, #1078, .T. ) ;
#913 = ORIENTED_EDGE ( 'NONE', *, *, #326, .F. ) ;
#914 = VERTEX_POINT ( 'NONE', #538 ) ;
#915 = VECTOR ( 'NONE', #1232, 1000.000000000000000 ) ;
#916 = FACE_OUTER_BOUND ( 'NONE', #295, .T. ) ;
#917 = CARTESIAN_POINT ( 'NONE',  ( 7.132251667104999804, 16.60756779025599883, 0.000000000000000000 ) ) ;
#918 = LINE ( 'NONE', #107, #1457 ) ;
#919 = DIRECTION ( 'NONE',  ( -1.000000000000000000, 0.000000000000000000, 0.000000000000000000 ) ) ;
#920 = EDGE_CURVE ( 'NONE', #1043, #1233, #998, .T. ) ;
#921 = LINE ( 'NONE', #94, #1192 ) ;
#922 = ORIENTED_EDGE ( 'NONE', *, *, #1426, .F. ) ;
#923 = ORIENTED_EDGE ( 'NONE', *, *, #1257, .F. ) ;
#924 = DIRECTION ( 'NONE',  ( 0.000000000000000000, 0.000000000000000000, 1.000000000000000000 ) ) ;
#925 = DIRECTION ( 'NONE',  ( 1.000000000000000000, 0.000000000000000000, 0.000000000000000000 ) ) ;
#926 = CARTESIAN_POINT ( 'NONE',  ( 18.98136761326710342, 7.260451778092264163, 33.29123605989565249 ) ) ;
#927 = EDGE_CURVE ( 'NONE', #1102, #102, #183, .T. ) ;
#928 = DIRECTION ( 'NONE',  ( 0.000000000000000000, 0.000000000000000000, 1.000000000000000000 ) ) ;
#929 = EDGE_LOOP ( 'NONE', ( #1397, #46, #1280, #1324 ) ) ;
#930 = VERTEX_POINT ( 'NONE', #63 ) ;
#931 =( BOUNDED_CURVE ( )  B_SPLINE_CURVE ( 3, ( #317, #202, #778, #663 ),
 .UNSPECIFIED., .F., .T. ) 
 B_SPLINE_CURVE_WITH_KNOTS ( ( 4, 4 ),
 ( 2.210229549010754191, 2.213224059238037889 ),
 .UNSPECIFIED. ) 
 CURVE ( )  GEOMETRIC_REPRESENTATION_ITEM ( )  RATIONAL_B_SPLINE_CURVE ( ( 1.000000000000000000, 0.9999992527425144440, 0.9999992527425144440, 1.000000000000000000 ) ) 
 REPRESENTATION_ITEM ( '' )  );
#932 = CARTESIAN_POINT ( 'NONE',  ( 18.67202860027700240, 8.412036523877000960, 0.000000000000000000 ) ) ;
#933 = LINE ( 'NONE', #105, #1402 ) ;
#934 = LINE ( 'NONE', #316, #1389 ) ;
#935 = CARTESIAN_POINT ( 'NONE',  ( 7.132251667104999804, 0.000000000000000000, 41.82078424706600117 ) ) ;
#936 = ORIENTED_EDGE ( 'NONE', *, *, #604, .F. ) ;
#937 = ORIENTED_EDGE ( 'NONE', *, *, #606, .T. ) ;
#938 = PRESENTATION_LAYER_ASSIGNMENT (  '', '', ( #666 ) ) ;
#939 = CARTESIAN_POINT ( 'NONE',  ( 12.11198400764399885, 19.55104191850099937, 21.75504349191599829 ) ) ;
#940 = VECTOR ( 'NONE', #508, 1000.000000000000114 ) ;
#941 =( BOUNDED_CURVE ( )  B_SPLINE_CURVE ( 3, ( #889, #1342, #1095, #1225 ),
 .UNSPECIFIED., .F., .F. ) 
 B_SPLINE_CURVE_WITH_KNOTS ( ( 4, 4 ),
 ( 0.8327150105365876964, 0.9313631045790519147 ),
 .UNSPECIFIED. ) 
 CURVE ( )  GEOMETRIC_REPRESENTATION_ITEM ( )  RATIONAL_B_SPLINE_CURVE ( ( 1.000000000000000000, 0.9991892105266952928, 0.9991892105266952928, 1.000000000000000000 ) ) 
 REPRESENTATION_ITEM ( '' )  );
#942 = DIRECTION ( 'NONE',  ( -0.2733908028849956207, 0.000000000000000000, 0.9619030454769843530 ) ) ;
#943 = LINE ( 'NONE', #371, #1379 ) ;
#944 = ORIENTED_EDGE ( 'NONE', *, *, #692, .F. ) ;
#945 = ORIENTED_EDGE ( 'NONE', *, *, #1059, .F. ) ;
#946 = PLANE ( 'NONE',  #821 ) ;
#947 = DIRECTION ( 'NONE',  ( 0.000000000000000000, 0.000000000000000000, -1.000000000000000000 ) ) ;
#948 = DIRECTION ( 'NONE',  ( 0.000000000000000000, 0.000000000000000000, -1.000000000000000000 ) ) ;
#949 = EDGE_LOOP ( 'NONE', ( #1085, #1221, #864, #1157 ) ) ;
#950 = VECTOR ( 'NONE', #1159, 1000.000000000000000 ) ;
#951 = ORIENTED_EDGE ( 'NONE', *, *, #266, .T. ) ;
#952 = CARTESIAN_POINT ( 'NONE',  ( 0.000000000000000000, 0.000000000000000000, 86.96483985922499471 ) ) ;
#953 = DIRECTION ( 'NONE',  ( 0.8522772752631475601, -0.5230902848170908559, 0.000000000000000000 ) ) ;
#954 = DIRECTION ( 'NONE',  ( 0.000000000000000000, 1.000000000000000000, 0.000000000000000000 ) ) ;
#955 = VERTEX_POINT ( 'NONE', #410 ) ;
#956 = EDGE_CURVE ( 'NONE', #1206, #494, #518, .T. ) ;
#957 = VERTEX_POINT ( 'NONE', #1216 ) ;
#958 = AXIS2_PLACEMENT_3D ( 'NONE', #375, #953, #1283 ) ;
#959 = CARTESIAN_POINT ( 'NONE',  ( 15.16337573860399957, 8.308919911444000661, 86.96483985922499471 ) ) ;
#960 = DIRECTION ( 'NONE',  ( 0.5230902848170906339, 0.8522772752631474491, 0.000000000000000000 ) ) ;
#961 = AXIS2_PLACEMENT_3D ( 'NONE', #210, #1370, #672 ) ;
#962 = CARTESIAN_POINT ( 'NONE',  ( 7.729453406105999846, 26.15414717316300042, 70.90584173804499812 ) ) ;
#963 = ORIENTED_EDGE ( 'NONE', *, *, #862, .F. ) ;
#964 = ORIENTED_EDGE ( 'NONE', *, *, #1228, .T. ) ;
#965 = CARTESIAN_POINT ( 'NONE',  ( 21.21263594983799550, -6.855061626087999633E-16, 30.62561901124600183 ) ) ;
#966 = CARTESIAN_POINT ( 'NONE',  ( 7.527712113276000316, 22.70806862262299930, 19.49631251362599826 ) ) ;
#967 = EDGE_CURVE ( 'NONE', #377, #730, #638, .T. ) ;
#968 = VERTEX_POINT ( 'NONE', #897 ) ;
#969 = ORIENTED_EDGE ( 'NONE', *, *, #809, .T. ) ;
#970 = LINE ( 'NONE', #1418, #365 ) ;
#971 = EDGE_CURVE ( 'NONE', #436, #1288, #761, .T. ) ;
#972 = FACE_OUTER_BOUND ( 'NONE', #385, .T. ) ;
#973 = ORIENTED_EDGE ( 'NONE', *, *, #809, .F. ) ;
#974 = ORIENTED_EDGE ( 'NONE', *, *, #883, .T. ) ;
#975 = CARTESIAN_POINT ( 'NONE',  ( 3.538825755372999815, 8.234075070021999565, 17.36736237962099949 ) ) ;
#976 = VECTOR ( 'NONE', #352, 1000.000000000000114 ) ;
#977 = DIRECTION ( 'NONE',  ( 0.000000000000000000, 0.000000000000000000, 1.000000000000000000 ) ) ;
#978 = EDGE_CURVE ( 'NONE', #894, #171, #652, .T. ) ;
#979 =( BOUNDED_CURVE ( )  B_SPLINE_CURVE ( 3, ( #347, #203, #655, #1003 ),
 .UNSPECIFIED., .F., .T. ) 
 B_SPLINE_CURVE_WITH_KNOTS ( ( 4, 4 ),
 ( 3.858564087737772930, 3.862209192309251193 ),
 .UNSPECIFIED. ) 
 CURVE ( )  GEOMETRIC_REPRESENTATION_ITEM ( )  RATIONAL_B_SPLINE_CURVE ( ( 1.000000000000000000, 0.9999988927680283357, 0.9999988927680283357, 1.000000000000000000 ) ) 
 REPRESENTATION_ITEM ( '' )  );
#980 = VECTOR ( 'NONE', #1222, 1000.000000000000114 ) ;
#981 = EDGE_LOOP ( 'NONE', ( #11, #816, #1364, #772 ) ) ;
#982 = EDGE_LOOP ( 'NONE', ( #469, #1050, #944, #1079 ) ) ;
#983 = DIRECTION ( 'NONE',  ( -0.8522772752631475601, 0.5230902848170908559, 0.000000000000000000 ) ) ;
#984 = DIRECTION ( 'NONE',  ( -0.9503122512359626350, -0.3112982896689873713, 0.000000000000000000 ) ) ;
#985 = CARTESIAN_POINT ( 'NONE',  ( 9.266756874989999559, 26.15414717316300042, 19.05840191959700292 ) ) ;
#986 = EDGE_LOOP ( 'NONE', ( #147, #635, #808, #1012, #33, #111 ) ) ;
#987 = ORIENTED_EDGE ( 'NONE', *, *, #16, .T. ) ;
#988 = CARTESIAN_POINT ( 'NONE',  ( 17.14929940160600097, 7.586630086106000093, 33.58824098304900474 ) ) ;
#989 = CARTESIAN_POINT ( 'NONE',  ( 21.21263594983799550, 19.55104191850099937, 21.75504349191599829 ) ) ;
#990 = AXIS2_PLACEMENT_3D ( 'NONE', #939, #1133, #479 ) ;
#991 = CARTESIAN_POINT ( 'NONE',  ( 21.21263594983799550, 0.000000000000000000, 41.82078424706600117 ) ) ;
#992 = EDGE_CURVE ( 'NONE', #839, #1396, #941, .T. ) ;
#993 = CARTESIAN_POINT ( 'NONE',  ( 18.98074591086263752, 7.842507572496971946, 33.82066081491652199 ) ) ;
#994 = CARTESIAN_POINT ( 'NONE',  ( 7.729453406105999846, 26.15414717316300042, 35.24214718033700677 ) ) ;
#995 = ORIENTED_EDGE ( 'NONE', *, *, #645, .F. ) ;
#996 = CARTESIAN_POINT ( 'NONE',  ( 19.14857722931500206, 7.532888411121000161, 0.000000000000000000 ) ) ;
#997 = EDGE_CURVE ( 'NONE', #642, #511, #291, .T. ) ;
#998 = LINE ( 'NONE', #177, #115 ) ;
#999 = FACE_OUTER_BOUND ( 'NONE', #195, .T. ) ;
#1000 = VECTOR ( 'NONE', #52, 1000.000000000000000 ) ;
#1001 = AXIS2_PLACEMENT_3D ( 'NONE', #1121, #1101, #1354 ) ;
#1002 = LINE ( 'NONE', #1017, #834 ) ;
#1003 = CARTESIAN_POINT ( 'NONE',  ( 18.67202860027700240, 8.412036523877000960, 49.20789235364599534 ) ) ;
#1004 = VERTEX_POINT ( 'NONE', #323 ) ;
#1005 = DIRECTION ( 'NONE',  ( -0.9996389138546206699, 0.02687083749260978788, 0.000000000000000000 ) ) ;
#1006 = ORIENTED_EDGE ( 'NONE', *, *, #62, .F. ) ;
#1007 = DIRECTION ( 'NONE',  ( -0.3112982896689873158, 0.9503122512359625240, 0.000000000000000000 ) ) ;
#1008 = CARTESIAN_POINT ( 'NONE',  ( 18.67202860027700240, 8.412036523877000960, 0.000000000000000000 ) ) ;
#1009 = FACE_BOUND ( 'NONE', #270, .T. ) ;
#1010 = DIRECTION ( 'NONE',  ( -1.000000000000000000, 0.000000000000000000, 0.000000000000000000 ) ) ;
#1011 = EDGE_LOOP ( 'NONE', ( #810 ) ) ;
#1012 = ORIENTED_EDGE ( 'NONE', *, *, #1426, .T. ) ;
#1013 = CARTESIAN_POINT ( 'NONE',  ( 21.21263594983799550, 0.000000000000000000, 86.96483985922499471 ) ) ;
#1014 = EDGE_CURVE ( 'NONE', #253, #253, #807, .T. ) ;
#1015 = DIRECTION ( 'NONE',  ( 0.000000000000000000, 0.000000000000000000, 1.000000000000000000 ) ) ;
#1016 = CARTESIAN_POINT ( 'NONE',  ( 17.33337096667647970, 7.886540094918818689, 33.86462049579747458 ) ) ;
#1017 = CARTESIAN_POINT ( 'NONE',  ( 18.67202860027700240, 8.412036523877000960, 0.000000000000000000 ) ) ;
#1018 = DIRECTION ( 'NONE',  ( 1.000000000000000000, 0.000000000000000000, 0.000000000000000000 ) ) ;
#1019 = ORIENTED_EDGE ( 'NONE', *, *, #362, .T. ) ;
#1020 = EDGE_LOOP ( 'NONE', ( #169, #1405, #1148, #282 ) ) ;
#1021 = DIRECTION ( 'NONE',  ( 1.000000000000000000, 0.000000000000000000, 0.000000000000000000 ) ) ;
#1022 = ADVANCED_FACE ( 'NONE', ( #753 ), #1089, .F. ) ;
#1023 = DIRECTION ( 'NONE',  ( 0.000000000000000000, 0.000000000000000000, 1.000000000000000000 ) ) ;
#1024 = CARTESIAN_POINT ( 'NONE',  ( 18.62548694449800024, 6.680611135856999283, 50.80416665620300165 ) ) ;
#1025 = VECTOR ( 'NONE', #1433, 1000.000000000000000 ) ;
#1026 = DIRECTION ( 'NONE',  ( 1.000000000000000000, 0.000000000000000000, 0.000000000000000000 ) ) ;
#1027 = EDGE_CURVE ( 'NONE', #204, #894, #68, .T. ) ;
#1028 = DIRECTION ( 'NONE',  ( 0.000000000000000000, 0.000000000000000000, 1.000000000000000000 ) ) ;
#1029 = ORIENTED_EDGE ( 'NONE', *, *, #245, .F. ) ;
#1030 = ORIENTED_EDGE ( 'NONE', *, *, #1261, .T. ) ;
#1031 = CARTESIAN_POINT ( 'NONE',  ( 15.16337573860399957, 15.38337823495299972, 0.000000000000000000 ) ) ;
#1032 = CARTESIAN_POINT ( 'NONE',  ( 15.16337573860399957, 8.308919911444000661, 34.31787983860400004 ) ) ;
#1033 = CARTESIAN_POINT ( 'NONE',  ( 17.14929940160600097, 7.586630086106000093, 0.000000000000000000 ) ) ;
#1034 = CARTESIAN_POINT ( 'NONE',  ( 4.073044295954000305, 6.603245602596000019, 0.000000000000000000 ) ) ;
#1035 = ORIENTED_EDGE ( 'NONE', *, *, #532, .F. ) ;
#1036 = ORIENTED_EDGE ( 'NONE', *, *, #1014, .F. ) ;
#1037 = CARTESIAN_POINT ( 'NONE',  ( 18.67202860027700240, 8.412036523877000960, 86.96483985922499471 ) ) ;
#1038 = CARTESIAN_POINT ( 'NONE',  ( 18.00490836747074397, 8.429969078432888452, 34.45413432850972413 ) ) ;
#1039 = CARTESIAN_POINT ( 'NONE',  ( 6.769228715244000050, 22.70806862262299930, 16.48419862970100169 ) ) ;
#1040 = CARTESIAN_POINT ( 'NONE',  ( 0.000000000000000000, 0.000000000000000000, 0.000000000000000000 ) ) ;
#1041 = AXIS2_PLACEMENT_3D ( 'NONE', #24, #376, #954 ) ;
#1042 = EDGE_CURVE ( 'NONE', #876, #765, #207, .T. ) ;
#1043 = VERTEX_POINT ( 'NONE', #1234 ) ;
#1044 = ORIENTED_EDGE ( 'NONE', *, *, #67, .T. ) ;
#1045 = ADVANCED_FACE ( 'NONE', ( #1209 ), #1432, .F. ) ;
#1046 = DIRECTION ( 'NONE',  ( 0.000000000000000000, 1.000000000000000000, 0.000000000000000000 ) ) ;
#1047 = LINE ( 'NONE', #23, #45 ) ;
#1048 = LINE ( 'NONE', #1053, #819 ) ;
#1049 = ORIENTED_EDGE ( 'NONE', *, *, #592, .F. ) ;
#1050 = ORIENTED_EDGE ( 'NONE', *, *, #1152, .T. ) ;
#1051 = FACE_OUTER_BOUND ( 'NONE', #536, .T. ) ;
#1052 = CARTESIAN_POINT ( 'NONE',  ( 18.33812170770016792, 8.421012122684588874, 34.44389706374138171 ) ) ;
#1053 = CARTESIAN_POINT ( 'NONE',  ( 0.000000000000000000, 26.15414717316300042, 0.000000000000000000 ) ) ;
#1054 = ORIENTED_EDGE ( 'NONE', *, *, #326, .T. ) ;
#1055 = ORIENTED_EDGE ( 'NONE', *, *, #869, .F. ) ;
#1056 = DIRECTION ( 'NONE',  ( 0.000000000000000000, 0.000000000000000000, -1.000000000000000000 ) ) ;
#1057 = FACE_OUTER_BOUND ( 'NONE', #248, .T. ) ;
#1058 = CARTESIAN_POINT ( 'NONE',  ( 17.50790790414966480, 8.170915220628589992, 49.48460840756573731 ) ) ;
#1059 = EDGE_CURVE ( 'NONE', #851, #629, #1424, .T. ) ;
#1060 = ORIENTED_EDGE ( 'NONE', *, *, #213, .T. ) ;
#1061 = VECTOR ( 'NONE', #427, 1000.000000000000000 ) ;
#1062 = EDGE_LOOP ( 'NONE', ( #718, #27, #731, #65 ) ) ;
#1063 = FACE_OUTER_BOUND ( 'NONE', #187, .T. ) ;
#1064 = FACE_OUTER_BOUND ( 'NONE', #39, .T. ) ;
#1065 = EDGE_CURVE ( 'NONE', #341, #181, #674, .T. ) ;
#1066 = CARTESIAN_POINT ( 'NONE',  ( 0.000000000000000000, 26.15414717316300042, 70.90584173804499812 ) ) ;
#1067 = EDGE_LOOP ( 'NONE', ( #179, #1248, #780, #1298 ) ) ;
#1068 = EDGE_LOOP ( 'NONE', ( #386, #157, #601, #122, #214, #478 ) ) ;
#1069 = VECTOR ( 'NONE', #960, 1000.000000000000114 ) ;
#1070 = DIRECTION ( 'NONE',  ( -0.02687083749260979135, -0.9996389138546207809, 0.000000000000000000 ) ) ;
#1071 =( GEOMETRIC_REPRESENTATION_CONTEXT ( 3 ) GLOBAL_UNCERTAINTY_ASSIGNED_CONTEXT ( ( #297 ) ) GLOBAL_UNIT_ASSIGNED_CONTEXT ( ( #1219, #1238, #461 ) ) REPRESENTATION_CONTEXT ( 'NONE', 'WORKASPACE' ) );
#1072 = EDGE_CURVE ( 'NONE', #930, #1177, #1084, .T. ) ;
#1073 = DIRECTION ( 'NONE',  ( -0.9697278748031881168, 0.000000000000000000, 0.2441881422790475320 ) ) ;
#1074 = VECTOR ( 'NONE', #238, 1000.000000000000114 ) ;
#1075 = ORIENTED_EDGE ( 'NONE', *, *, #721, .T. ) ;
#1076 = ORIENTED_EDGE ( 'NONE', *, *, #231, .T. ) ;
#1077 = CARTESIAN_POINT ( 'NONE',  ( 0.000000000000000000, 0.000000000000000000, 0.000000000000000000 ) ) ;
#1078 = LINE ( 'NONE', #29, #817 ) ;
#1079 = ORIENTED_EDGE ( 'NONE', *, *, #1173, .F. ) ;
#1080 = ORIENTED_EDGE ( 'NONE', *, *, #869, .T. ) ;
#1081 = LINE ( 'NONE', #773, #724 ) ;
#1082 = AXIS2_PLACEMENT_3D ( 'NONE', #797, #541, #221 ) ;
#1083 = EDGE_CURVE ( 'NONE', #232, #372, #1151, .T. ) ;
#1084 = LINE ( 'NONE', #405, #1061 ) ;
#1085 = ORIENTED_EDGE ( 'NONE', *, *, #71, .T. ) ;
#1086 = ORIENTED_EDGE ( 'NONE', *, *, #471, .F. ) ;
#1087 = DIRECTION ( 'NONE',  ( 0.9619030454769844640, 0.000000000000000000, 0.2733908028849956762 ) ) ;
#1088 = VECTOR ( 'NONE', #1116, 1000.000000000000000 ) ;
#1089 = PLANE ( 'NONE',  #37 ) ;
#1090 = CARTESIAN_POINT ( 'NONE',  ( 17.62584803064399708, 6.707481973350000182, 0.000000000000000000 ) ) ;
#1091 = VECTOR ( 'NONE', #1211, 1000.000000000000000 ) ;
#1092 = EDGE_LOOP ( 'NONE', ( #702, #1305, #32, #1075 ) ) ;
#1093 = EDGE_LOOP ( 'NONE', ( #294 ) ) ;
#1094 = LINE ( 'NONE', #650, #1309 ) ;
#1095 = CARTESIAN_POINT ( 'NONE',  ( 18.80686269824622059, 6.976128826948127859, 50.58440101693272339 ) ) ;
#1096 = EDGE_CURVE ( 'NONE', #199, #199, #153, .T. ) ;
#1097 = DIRECTION ( 'NONE',  ( 0.000000000000000000, 0.000000000000000000, 1.000000000000000000 ) ) ;
#1098 = EDGE_CURVE ( 'NONE', #1158, #1460, #368, .T. ) ;
#1099 = DIRECTION ( 'NONE',  ( 0.9697278748031881168, 0.000000000000000000, -0.2441881422790475320 ) ) ;
#1100 = EDGE_CURVE ( 'NONE', #53, #765, #227, .T. ) ;
#1101 = DIRECTION ( 'NONE',  ( 1.000000000000000000, 0.000000000000000000, 0.000000000000000000 ) ) ;
#1102 = VERTEX_POINT ( 'NONE', #556 ) ;
#1103 = DIRECTION ( 'NONE',  ( -0.000000000000000000, 1.000000000000000000, 0.000000000000000000 ) ) ;
#1104 = UNCERTAINTY_MEASURE_WITH_UNIT (LENGTH_MEASURE( 1.000000000000000082E-05 ), #218, 'distance_accuracy_value', 'NONE');
#1105 = DIRECTION ( 'NONE',  ( -0.3112982896689873158, 0.9503122512359625240, 0.000000000000000000 ) ) ;
#1106 = CARTESIAN_POINT ( 'NONE',  ( 9.266756874989999559, 26.15414717316300042, 19.05840191959700292 ) ) ;
#1107 = CARTESIAN_POINT ( 'NONE',  ( 9.757037556830999492, 22.70806862262299930, 17.33338968061899976 ) ) ;
#1108 = CARTESIAN_POINT ( 'NONE',  ( 7.132251667104999804, 16.60756779025599883, 0.000000000000000000 ) ) ;
#1109 = ORIENTED_EDGE ( 'NONE', *, *, #108, .F. ) ;
#1110 = LINE ( 'NONE', #745, #523 ) ;
#1111 = EDGE_LOOP ( 'NONE', ( #1231, #602, #937, #1445 ) ) ;
#1112 = CARTESIAN_POINT ( 'NONE',  ( 17.62584803064399708, 6.707481973350000182, 86.96483985922499471 ) ) ;
#1113 = ADVANCED_FACE ( 'NONE', ( #589, #351, #687 ), #1384, .T. ) ;
#1114 = VERTEX_POINT ( 'NONE', #314 ) ;
#1115 = ADVANCED_FACE ( 'NONE', ( #802 ), #565, .F. ) ;
#1116 = DIRECTION ( 'NONE',  ( 0.000000000000000000, -1.000000000000000000, 0.000000000000000000 ) ) ;
#1117 = CARTESIAN_POINT ( 'NONE',  ( 0.000000000000000000, 26.15414717316300042, 37.57155486932099819 ) ) ;
#1118 = AXIS2_PLACEMENT_3D ( 'NONE', #593, #814, #1264 ) ;
#1119 = DIRECTION ( 'NONE',  ( 0.000000000000000000, 0.000000000000000000, 1.000000000000000000 ) ) ;
#1120 = VECTOR ( 'NONE', #535, 1000.000000000000114 ) ;
#1121 = CARTESIAN_POINT ( 'NONE',  ( 15.16337573860399957, 0.000000000000000000, 41.82078424706600117 ) ) ;
#1122 = EDGE_CURVE ( 'NONE', #1114, #1114, #612, .T. ) ;
#1123 = ORIENTED_EDGE ( 'NONE', *, *, #48, .F. ) ;
#1124 = EDGE_LOOP ( 'NONE', ( #750, #1409, #758, #1035 ) ) ;
#1125 = DIRECTION ( 'NONE',  ( 0.000000000000000000, 0.000000000000000000, 1.000000000000000000 ) ) ;
#1126 = DIRECTION ( 'NONE',  ( 1.000000000000000000, 0.000000000000000000, 0.000000000000000000 ) ) ;
#1127 = DIRECTION ( 'NONE',  ( 0.000000000000000000, 0.000000000000000000, 1.000000000000000000 ) ) ;
#1128 = CARTESIAN_POINT ( 'NONE',  ( 17.62584803064399708, 6.707481973350000182, 32.85744724377800452 ) ) ;
#1129 = CARTESIAN_POINT ( 'NONE',  ( 5.117455731165999389, 8.145890857251998796, 0.000000000000000000 ) ) ;
#1130 = VERTEX_POINT ( 'NONE', #1037 ) ;
#1131 = ADVANCED_FACE ( 'NONE', ( #706 ), #332, .T. ) ;
#1132 = ORIENTED_EDGE ( 'NONE', *, *, #412, .T. ) ;
#1133 = DIRECTION ( 'NONE',  ( -1.000000000000000000, 0.000000000000000000, 0.000000000000000000 ) ) ;
#1134 = ADVANCED_FACE ( 'NONE', ( #820 ), #216, .F. ) ;
#1135 = DIRECTION ( 'NONE',  ( 1.000000000000000000, 0.000000000000000000, 0.000000000000000000 ) ) ;
#1136 = VECTOR ( 'NONE', #1282, 1000.000000000000000 ) ;
#1137 = CARTESIAN_POINT ( 'NONE',  ( 21.21263594983799550, 0.000000000000000000, 41.82078424706600117 ) ) ;
#1138 = LINE ( 'NONE', #1451, #1415 ) ;
#1139 = DIRECTION ( 'NONE',  ( 0.9697278748031881168, 0.000000000000000000, -0.2441881422790475320 ) ) ;
#1140 = VERTEX_POINT ( 'NONE', #1031 ) ;
#1141 = ORIENTED_EDGE ( 'NONE', *, *, #971, .T. ) ;
#1142 = CARTESIAN_POINT ( 'NONE',  ( 6.278948033403000117, 26.15414717316300042, 18.20921086867799588 ) ) ;
#1143 = CARTESIAN_POINT ( 'NONE',  ( 0.000000000000000000, 0.000000000000000000, 0.000000000000000000 ) ) ;
#1144 = CARTESIAN_POINT ( 'NONE',  ( 9.757037556830999492, 22.70806862262299930, 17.33338968061899976 ) ) ;
#1145 = DIRECTION ( 'NONE',  ( 0.000000000000000000, 0.000000000000000000, -1.000000000000000000 ) ) ;
#1146 = AXIS2_PLACEMENT_3D ( 'NONE', #497, #1399, #275 ) ;
#1147 = FACE_OUTER_BOUND ( 'NONE', #1201, .T. ) ;
#1148 = ORIENTED_EDGE ( 'NONE', *, *, #20, .F. ) ;
#1149 = AXIS2_PLACEMENT_3D ( 'NONE', #1186, #158, #380 ) ;
#1150 = VERTEX_POINT ( 'NONE', #582 ) ;
#1151 = LINE ( 'NONE', #1242, #734 ) ;
#1152 = EDGE_CURVE ( 'NONE', #372, #609, #446, .T. ) ;
#1153 = PLANE ( 'NONE',  #788 ) ;
#1154 = DIRECTION ( 'NONE',  ( 0.000000000000000000, 0.000000000000000000, 1.000000000000000000 ) ) ;
#1155 = CARTESIAN_POINT ( 'NONE',  ( 9.266756874989999559, 26.15414717316300042, 19.05840191959700292 ) ) ;
#1156 = ADVANCED_FACE ( 'NONE', ( #455, #464, #916, #1250 ), #906, .F. ) ;
#1157 = ORIENTED_EDGE ( 'NONE', *, *, #62, .T. ) ;
#1158 = VERTEX_POINT ( 'NONE', #234 ) ;
#1159 = DIRECTION ( 'NONE',  ( 0.000000000000000000, -1.000000000000000000, 0.000000000000000000 ) ) ;
#1160 = CARTESIAN_POINT ( 'NONE',  ( 17.62584803064399708, 6.707481973350000182, 0.000000000000000000 ) ) ;
#1161 = CARTESIAN_POINT ( 'NONE',  ( 6.278948033403000117, 22.70806862262299930, 18.20921086867799588 ) ) ;
#1162 = VECTOR ( 'NONE', #824, 1000.000000000000000 ) ;
#1163 = ORIENTED_EDGE ( 'NONE', *, *, #154, .T. ) ;
#1164 = EDGE_LOOP ( 'NONE', ( #1168, #1454, #744, #528 ) ) ;
#1165 = LINE ( 'NONE', #353, #305 ) ;
#1166 = LINE ( 'NONE', #1243, #382 ) ;
#1167 = AXIS2_PLACEMENT_3D ( 'NONE', #1160, #132, #591 ) ;
#1168 = ORIENTED_EDGE ( 'NONE', *, *, #590, .T. ) ;
#1169 = EDGE_CURVE ( 'NONE', #242, #1150, #1357, .T. ) ;
#1170 = VERTEX_POINT ( 'NONE', #244 ) ;
#1171 = CARTESIAN_POINT ( 'NONE',  ( 3.538825755372999815, 8.234075070021999565, 0.000000000000000000 ) ) ;
#1172 = AXIS2_PLACEMENT_3D ( 'NONE', #1306, #983, #296 ) ;
#1173 = EDGE_CURVE ( 'NONE', #232, #10, #795, .T. ) ;
#1174 = DIRECTION ( 'NONE',  ( 0.000000000000000000, 0.000000000000000000, 1.000000000000000000 ) ) ;
#1175 = FACE_OUTER_BOUND ( 'NONE', #1068, .T. ) ;
#1176 = ORIENTED_EDGE ( 'NONE', *, *, #1059, .T. ) ;
#1177 = VERTEX_POINT ( 'NONE', #698 ) ;
#1178 = CARTESIAN_POINT ( 'NONE',  ( 18.62548694449800024, 6.680611135856999283, 86.96483985922499471 ) ) ;
#1179 = ADVANCED_FACE ( 'NONE', ( #22 ), #472, .F. ) ;
#1180 = FACE_OUTER_BOUND ( 'NONE', #521, .T. ) ;
#1181 = CARTESIAN_POINT ( 'NONE',  ( 19.14857722931500206, 7.532888411121000161, 0.000000000000000000 ) ) ;
#1182 = ORIENTED_EDGE ( 'NONE', *, *, #1331, .T. ) ;
#1183 = VECTOR ( 'NONE', #977, 1000.000000000000000 ) ;
#1184 = EDGE_CURVE ( 'NONE', #713, #492, #136, .T. ) ;
#1185 = VERTEX_POINT ( 'NONE', #727 ) ;
#1186 = CARTESIAN_POINT ( 'NONE',  ( 15.84453021184799937, 20.61358949270099927, 31.47749404744100588 ) ) ;
#1187 = LINE ( 'NONE', #159, #572 ) ;
#1188 = ORIENTED_EDGE ( 'NONE', *, *, #704, .F. ) ;
#1189 = VERTEX_POINT ( 'NONE', #1178 ) ;
#1190 = VECTOR ( 'NONE', #419, 1000.000000000000114 ) ;
#1191 = DIRECTION ( 'NONE',  ( 0.000000000000000000, 0.000000000000000000, -1.000000000000000000 ) ) ;
#1192 = VECTOR ( 'NONE', #1028, 1000.000000000000000 ) ;
#1193 = DIRECTION ( 'NONE',  ( 1.000000000000000000, 0.000000000000000000, 0.000000000000000000 ) ) ;
#1194 = VECTOR ( 'NONE', #1398, 1000.000000000000000 ) ;
#1195 = ORIENTED_EDGE ( 'NONE', *, *, #9, .F. ) ;
#1196 = ORIENTED_EDGE ( 'NONE', *, *, #1362, .T. ) ;
#1197 = CARTESIAN_POINT ( 'NONE',  ( 17.46031973307772844, 7.012852467658258426, 33.08596337398908105 ) ) ;
#1198 = DIRECTION ( 'NONE',  ( -0.2441881422790475320, 0.000000000000000000, -0.9697278748031881168 ) ) ;
#1199 = AXIS2_PLACEMENT_3D ( 'NONE', #1359, #229, #1145 ) ;
#1200 = ORIENTED_EDGE ( 'NONE', *, *, #1169, .F. ) ;
#1201 = EDGE_LOOP ( 'NONE', ( #1390, #1176, #717, #1214 ) ) ;
#1202 = DIRECTION ( 'NONE',  ( -0.02687083749260979135, -0.9996389138546207809, 0.000000000000000000 ) ) ;
#1203 = DIRECTION ( 'NONE',  ( 0.000000000000000000, 0.000000000000000000, -1.000000000000000000 ) ) ;
#1204 = CARTESIAN_POINT ( 'NONE',  ( 15.16337573860399957, 8.308919911444000661, 0.000000000000000000 ) ) ;
#1205 = ORIENTED_EDGE ( 'NONE', *, *, #927, .T. ) ;
#1206 = VERTEX_POINT ( 'NONE', #34 ) ;
#1207 = DIRECTION ( 'NONE',  ( 1.000000000000000000, 0.000000000000000000, 0.000000000000000000 ) ) ;
#1208 = AXIS2_PLACEMENT_3D ( 'NONE', #559, #660, #1097 ) ;
#1209 = FACE_OUTER_BOUND ( 'NONE', #905, .T. ) ;
#1210 = EDGE_CURVE ( 'NONE', #1140, #1158, #1412, .T. ) ;
#1211 = DIRECTION ( 'NONE',  ( 1.000000000000000000, 0.000000000000000000, 0.000000000000000000 ) ) ;
#1212 = ORIENTED_EDGE ( 'NONE', *, *, #43, .T. ) ;
#1213 = CARTESIAN_POINT ( 'NONE',  ( 8.508273476957999293, 26.15414717316300042, 16.04628803567100093 ) ) ;
#1214 = ORIENTED_EDGE ( 'NONE', *, *, #543, .F. ) ;
#1215 = CARTESIAN_POINT ( 'NONE',  ( 8.017992795116999361, 22.70806862262299930, 17.77130027464899698 ) ) ;
#1216 = CARTESIAN_POINT ( 'NONE',  ( 0.000000000000000000, 26.15414717316300042, 86.96483985922499471 ) ) ;
#1217 = LINE ( 'NONE', #1314, #1091 ) ;
#1218 = CARTESIAN_POINT ( 'NONE',  ( 17.62584803064399708, 6.707481973350000182, 0.000000000000000000 ) ) ;
#1219 =( LENGTH_UNIT ( ) NAMED_UNIT ( * ) SI_UNIT ( .MILLI., .METRE. ) );
#1220 = EDGE_CURVE ( 'NONE', #766, #957, #393, .T. ) ;
#1221 = ORIENTED_EDGE ( 'NONE', *, *, #362, .F. ) ;
#1222 = DIRECTION ( 'NONE',  ( -0.5230902848170906339, -0.8522772752631474491, 0.000000000000000000 ) ) ;
#1223 = EDGE_CURVE ( 'NONE', #121, #300, #1300, .T. ) ;
#1224 = CIRCLE ( 'NONE', #1278, 2.513835812720001339 ) ;
#1225 = CARTESIAN_POINT ( 'NONE',  ( 18.62548694449800024, 6.680611135856999283, 50.80416665620300165 ) ) ;
#1226 = LINE ( 'NONE', #985, #1088 ) ;
#1227 = LINE ( 'NONE', #201, #747 ) ;
#1228 = EDGE_CURVE ( 'NONE', #955, #1460, #55, .T. ) ;
#1229 = CARTESIAN_POINT ( 'NONE',  ( 15.16337573860399957, 8.308919911444000661, 86.96483985922499471 ) ) ;
#1230 = LINE ( 'NONE', #1129, #263 ) ;
#1231 = ORIENTED_EDGE ( 'NONE', *, *, #1223, .T. ) ;
#1232 = DIRECTION ( 'NONE',  ( 0.000000000000000000, 0.000000000000000000, 1.000000000000000000 ) ) ;
#1233 = VERTEX_POINT ( 'NONE', #959 ) ;
#1234 = CARTESIAN_POINT ( 'NONE',  ( 15.16337573860399957, 8.308919911444000661, 49.32368865552899706 ) ) ;
#1235 = CARTESIAN_POINT ( 'NONE',  ( 7.729453406105999846, 23.82473948417899834, 37.57155486932099819 ) ) ;
#1236 = DIRECTION ( 'NONE',  ( 1.000000000000000000, 0.000000000000000000, 0.000000000000000000 ) ) ;
#1237 = AXIS2_PLACEMENT_3D ( 'NONE', #420, #411, #1015 ) ;
#1238 =( NAMED_UNIT ( * ) PLANE_ANGLE_UNIT ( ) SI_UNIT ( $, .RADIAN. ) );
#1239 = ORIENTED_EDGE ( 'NONE', *, *, #1122, .T. ) ;
#1240 = ADVANCED_FACE ( 'NONE', ( #487 ), #714, .F. ) ;
#1241 = ORIENTED_EDGE ( 'NONE', *, *, #543, .T. ) ;
#1242 = CARTESIAN_POINT ( 'NONE',  ( 9.757037556830999492, 26.15414717316300042, 17.33338968061899976 ) ) ;
#1243 = CARTESIAN_POINT ( 'NONE',  ( 0.000000000000000000, 0.000000000000000000, 86.96483985922499471 ) ) ;
#1244 = CYLINDRICAL_SURFACE ( 'NONE', #699, 11.19516523582100120 ) ;
#1245 = LINE ( 'NONE', #449, #587 ) ;
#1246 =( GEOMETRIC_REPRESENTATION_CONTEXT ( 3 ) GLOBAL_UNCERTAINTY_ASSIGNED_CONTEXT ( ( #1104 ) ) GLOBAL_UNIT_ASSIGNED_CONTEXT ( ( #218, #785, #428 ) ) REPRESENTATION_CONTEXT ( 'NONE', 'WORKASPACE' ) );
#1247 = PRESENTATION_STYLE_ASSIGNMENT (( #911 ) ) ;
#1248 = ORIENTED_EDGE ( 'NONE', *, *, #1173, .T. ) ;
#1249 = EDGE_LOOP ( 'NONE', ( #1310, #1255, #964, #320 ) ) ;
#1250 = FACE_BOUND ( 'NONE', #284, .T. ) ;
#1251 = FACE_OUTER_BOUND ( 'NONE', #1372, .T. ) ;
#1252 = VECTOR ( 'NONE', #130, 1000.000000000000000 ) ;
#1253 = CARTESIAN_POINT ( 'NONE',  ( 18.80686269824651902, 6.976128826948609252, 33.05716747719966264 ) ) ;
#1254 = CARTESIAN_POINT ( 'NONE',  ( 17.14929940160600097, 7.586630086106000093, 86.96483985922499471 ) ) ;
#1255 = ORIENTED_EDGE ( 'NONE', *, *, #849, .T. ) ;
#1256 = ADVANCED_FACE ( 'NONE', ( #1051 ), #739, .F. ) ;
#1257 = EDGE_CURVE ( 'NONE', #894, #348, #272, .T. ) ;
#1258 = ORIENTED_EDGE ( 'NONE', *, *, #48, .T. ) ;
#1259 = DIRECTION ( 'NONE',  ( 1.000000000000000000, 0.000000000000000000, 0.000000000000000000 ) ) ;
#1260 = CARTESIAN_POINT ( 'NONE',  ( 17.14929940160600097, 7.586630086106000093, 0.000000000000000000 ) ) ;
#1261 = EDGE_CURVE ( 'NONE', #439, #439, #548, .T. ) ;
#1262 = DIRECTION ( 'NONE',  ( 0.000000000000000000, 0.000000000000000000, 1.000000000000000000 ) ) ;
#1263 = VECTOR ( 'NONE', #1313, 1000.000000000000000 ) ;
#1264 = DIRECTION ( 'NONE',  ( 0.000000000000000000, -1.000000000000000000, 0.000000000000000000 ) ) ;
#1265 = VECTOR ( 'NONE', #1459, 1000.000000000000000 ) ;
#1266 = ORIENTED_EDGE ( 'NONE', *, *, #108, .T. ) ;
#1267 = VECTOR ( 'NONE', #387, 1000.000000000000114 ) ;
#1268 = EDGE_LOOP ( 'NONE', ( #852 ) ) ;
#1269 = CARTESIAN_POINT ( 'NONE',  ( 8.508273476957999293, 26.15414717316300042, 16.04628803567100093 ) ) ;
#1270 = DIRECTION ( 'NONE',  ( 0.000000000000000000, -1.000000000000000000, 0.000000000000000000 ) ) ;
#1271 = FACE_OUTER_BOUND ( 'NONE', #982, .T. ) ;
#1272 = ORIENTED_EDGE ( 'NONE', *, *, #1261, .F. ) ;
#1273 = ORIENTED_EDGE ( 'NONE', *, *, #956, .F. ) ;
#1274 = DIRECTION ( 'NONE',  ( 0.000000000000000000, 1.000000000000000000, 0.000000000000000000 ) ) ;
#1275 = CARTESIAN_POINT ( 'NONE',  ( 0.000000000000000000, 26.15414717316300042, 73.23524942702900375 ) ) ;
#1276 = CARTESIAN_POINT ( 'NONE',  ( 15.84453021184799937, 26.15414717316300042, 34.95842248624600757 ) ) ;
#1277 = CARTESIAN_POINT ( 'NONE',  ( 9.757037556830999492, 26.15414717316300042, 17.33338968061899976 ) ) ;
#1278 = AXIS2_PLACEMENT_3D ( 'NONE', #568, #1026, #1475 ) ;
#1279 = ADVANCED_FACE ( 'NONE', ( #28 ), #946, .F. ) ;
#1280 = ORIENTED_EDGE ( 'NONE', *, *, #1301, .F. ) ;
#1281 = ORIENTED_EDGE ( 'NONE', *, *, #438, .F. ) ;
#1282 = DIRECTION ( 'NONE',  ( 0.000000000000000000, 0.000000000000000000, 1.000000000000000000 ) ) ;
#1283 = DIRECTION ( 'NONE',  ( 0.000000000000000000, 0.000000000000000000, -1.000000000000000000 ) ) ;
#1284 = PLANE ( 'NONE',  #1041 ) ;
#1285 = VECTOR ( 'NONE', #598, 1000.000000000000000 ) ;
#1286 = ADVANCED_FACE ( 'NONE', ( #1063 ), #836, .T. ) ;
#1287 = ORIENTED_EDGE ( 'NONE', *, *, #1441, .F. ) ;
#1288 = VERTEX_POINT ( 'NONE', #720 ) ;
#1289 = LINE ( 'NONE', #265, #940 ) ;
#1290 = EDGE_CURVE ( 'NONE', #968, #10, #1289, .T. ) ;
#1291 = CARTESIAN_POINT ( 'NONE',  ( 18.67202860027700240, 8.412036523877000960, 0.000000000000000000 ) ) ;
#1292 = LINE ( 'NONE', #269, #162 ) ;
#1293 = VERTEX_POINT ( 'NONE', #965 ) ;
#1294 = VERTEX_POINT ( 'NONE', #952 ) ;
#1295 = CARTESIAN_POINT ( 'NONE',  ( 18.62548694449800024, 6.680611135856999283, 0.000000000000000000 ) ) ;
#1296 = LINE ( 'NONE', #503, #542 ) ;
#1297 = CARTESIAN_POINT ( 'NONE',  ( 19.14857722931500206, 7.532888411121000161, 33.53903824498900121 ) ) ;
#1298 = ORIENTED_EDGE ( 'NONE', *, *, #625, .F. ) ;
#1299 = ORIENTED_EDGE ( 'NONE', *, *, #150, .F. ) ;
#1300 = LINE ( 'NONE', #50, #1194 ) ;
#1301 = EDGE_CURVE ( 'NONE', #1381, #348, #597, .T. ) ;
#1302 = CARTESIAN_POINT ( 'NONE',  ( 17.62584803064399708, 6.707481973350000182, 32.85744724377800452 ) ) ;
#1303 = EDGE_CURVE ( 'NONE', #134, #175, #502, .T. ) ;
#1304 = EDGE_LOOP ( 'NONE', ( #636, #581, #726, #544 ) ) ;
#1305 = ORIENTED_EDGE ( 'NONE', *, *, #1365, .T. ) ;
#1306 = CARTESIAN_POINT ( 'NONE',  ( 17.14929940160600097, 7.586630086106000093, 0.000000000000000000 ) ) ;
#1307 = AXIS2_PLACEMENT_3D ( 'NONE', #962, #504, #729 ) ;
#1308 = LINE ( 'NONE', #1392, #1069 ) ;
#1309 = VECTOR ( 'NONE', #403, 1000.000000000000114 ) ;
#1310 = ORIENTED_EDGE ( 'NONE', *, *, #1210, .F. ) ;
#1311 = VERTEX_POINT ( 'NONE', #1077 ) ;
#1312 = FACE_OUTER_BOUND ( 'NONE', #1092, .T. ) ;
#1313 = DIRECTION ( 'NONE',  ( 1.000000000000000000, 0.000000000000000000, 0.000000000000000000 ) ) ;
#1314 = CARTESIAN_POINT ( 'NONE',  ( 21.21263594983799550, 8.308919911444000661, 49.32368865552899706 ) ) ;
#1315 = ORIENTED_EDGE ( 'NONE', *, *, #978, .F. ) ;
#1316 = CLOSED_SHELL ( 'NONE', ( #1131, #690, #870, #1378, #1286, #488, #815, #621, #491, #384, #400, #1045, #432, #1279, #1022, #558, #595, #752, #1115, #685, #886, #217, #390, #857, #170, #1256, #846, #417, #1380, #579, #1156, #155, #1410, #1179, #822, #1240, #757, #356, #1134, #1113, #858, #86, #288, #167, #190, #137, #2 ) ) ;
#1317 = ORIENTED_EDGE ( 'NONE', *, *, #116, .F. ) ;
#1318 = VECTOR ( 'NONE', #827, 1000.000000000000000 ) ;
#1319 = EDGE_CURVE ( 'NONE', #914, #876, #970, .T. ) ;
#1320 = CARTESIAN_POINT ( 'NONE',  ( 7.132251667104999804, 8.308919911444000661, 0.000000000000000000 ) ) ;
#1321 = DIRECTION ( 'NONE',  ( 1.000000000000000000, 0.000000000000000000, 0.000000000000000000 ) ) ;
#1322 = ORIENTED_EDGE ( 'NONE', *, *, #340, .F. ) ;
#1323 = EDGE_CURVE ( 'NONE', #486, #185, #1165, .T. ) ;
#1324 = ORIENTED_EDGE ( 'NONE', *, *, #832, .F. ) ;
#1325 = CARTESIAN_POINT ( 'NONE',  ( 19.14857722931500206, 7.532888411121000161, 86.96483985922499471 ) ) ;
#1326 = VECTOR ( 'NONE', #394, 1000.000000000000000 ) ;
#1327 = CARTESIAN_POINT ( 'NONE',  ( 0.000000000000000000, 23.82473948417899834, 37.57155486932099819 ) ) ;
#1328 = DIRECTION ( 'NONE',  ( 0.000000000000000000, -1.000000000000000000, 0.000000000000000000 ) ) ;
#1329 = VECTOR ( 'NONE', #626, 1000.000000000000000 ) ;
#1330 = CARTESIAN_POINT ( 'NONE',  ( 7.527712113276000316, 22.70806862262299930, 19.49631251362599826 ) ) ;
#1331 = EDGE_CURVE ( 'NONE', #930, #642, #220, .T. ) ;
#1332 = LINE ( 'NONE', #110, #1120 ) ;
#1333 = ORIENTED_EDGE ( 'NONE', *, *, #266, .F. ) ;
#1334 = FACE_OUTER_BOUND ( 'NONE', #737, .T. ) ;
#1335 = CARTESIAN_POINT ( 'NONE',  ( 0.000000000000000000, 23.82473948417899834, 70.90584173804499812 ) ) ;
#1336 = CARTESIAN_POINT ( 'NONE',  ( 19.14857722931500206, 7.532888411121000161, 86.96483985922499471 ) ) ;
#1337 = DIRECTION ( 'NONE',  ( 0.000000000000000000, 1.000000000000000000, 0.000000000000000000 ) ) ;
#1338 = ORIENTED_EDGE ( 'NONE', *, *, #1385, .T. ) ;
#1339 = DIRECTION ( 'NONE',  ( 0.000000000000000000, 0.000000000000000000, 1.000000000000000000 ) ) ;
#1340 = ORIENTED_EDGE ( 'NONE', *, *, #277, .F. ) ;
#1341 = AXIS2_PLACEMENT_3D ( 'NONE', #585, #36, #1387 ) ;
#1342 = CARTESIAN_POINT ( 'NONE',  ( 18.98136761326680144, 7.260451778091773001, 50.35033243423676197 ) ) ;
#1343 = LINE ( 'NONE', #891, #1425 ) ;
#1344 = CARTESIAN_POINT ( 'NONE',  ( 17.14929940160600097, 7.586630086106000093, 33.58824098304900474 ) ) ;
#1345 = CARTESIAN_POINT ( 'NONE',  ( 7.132251667104999804, 8.308919911444000661, 0.000000000000000000 ) ) ;
#1346 = EDGE_CURVE ( 'NONE', #112, #851, #426, .T. ) ;
#1347 = ORIENTED_EDGE ( 'NONE', *, *, #471, .T. ) ;
#1348 = ORIENTED_EDGE ( 'NONE', *, *, #606, .F. ) ;
#1349 = DIRECTION ( 'NONE',  ( -1.000000000000000000, 0.000000000000000000, 0.000000000000000000 ) ) ;
#1350 = VECTOR ( 'NONE', #457, 1000.000000000000000 ) ;
#1351 = CARTESIAN_POINT ( 'NONE',  ( 17.67238968642300279, 8.438907361368999105, 34.46438790078700265 ) ) ;
#1352 = DIRECTION ( 'NONE',  ( 1.000000000000000000, 0.000000000000000000, 0.000000000000000000 ) ) ;
#1353 = VECTOR ( 'NONE', #304, 1000.000000000000114 ) ;
#1354 = DIRECTION ( 'NONE',  ( 0.000000000000000000, 0.000000000000000000, 1.000000000000000000 ) ) ;
#1355 = ORIENTED_EDGE ( 'NONE', *, *, #150, .T. ) ;
#1356 = ORIENTED_EDGE ( 'NONE', *, *, #1169, .T. ) ;
#1357 = LINE ( 'NONE', #342, #754 ) ;
#1358 = PLANE ( 'NONE',  #1421 ) ;
#1359 = CARTESIAN_POINT ( 'NONE',  ( 17.67238968642300279, 8.438907361368999105, 0.000000000000000000 ) ) ;
#1360 = EDGE_CURVE ( 'NONE', #609, #59, #560, .T. ) ;
#1361 = DIRECTION ( 'NONE',  ( 0.000000000000000000, 0.000000000000000000, 1.000000000000000000 ) ) ;
#1362 = EDGE_CURVE ( 'NONE', #1177, #1363, #106, .T. ) ;
#1363 = VERTEX_POINT ( 'NONE', #1344 ) ;
#1364 = ORIENTED_EDGE ( 'NONE', *, *, #281, .F. ) ;
#1365 = EDGE_CURVE ( 'NONE', #185, #1470, #273, .T. ) ;
#1366 = DIRECTION ( 'NONE',  ( 1.000000000000000000, 0.000000000000000000, 0.000000000000000000 ) ) ;
#1367 = EDGE_CURVE ( 'NONE', #486, #825, #335, .T. ) ;
#1368 = CARTESIAN_POINT ( 'NONE',  ( 18.67202860027700240, 8.412036523877000960, 86.96483985922499471 ) ) ;
#1369 = AXIS2_PLACEMENT_3D ( 'NONE', #574, #1021, #1046 ) ;
#1370 = DIRECTION ( 'NONE',  ( 1.000000000000000000, 1.664429299418000041E-31, -4.077851783574000160E-30 ) ) ;
#1371 = DIRECTION ( 'NONE',  ( -1.000000000000000000, 0.000000000000000000, 0.000000000000000000 ) ) ;
#1372 = EDGE_LOOP ( 'NONE', ( #1132, #877, #922, #73 ) ) ;
#1373 = ORIENTED_EDGE ( 'NONE', *, *, #749, .F. ) ;
#1374 = CARTESIAN_POINT ( 'NONE',  ( 0.000000000000000000, 0.000000000000000000, 0.000000000000000000 ) ) ;
#1375 = CARTESIAN_POINT ( 'NONE',  ( 7.527712113276000316, 26.15414717316300042, 19.49631251362599826 ) ) ;
#1376 = AXIS2_PLACEMENT_3D ( 'NONE', #388, #1193, #168 ) ;
#1377 = DIRECTION ( 'NONE',  ( -0.8522772752631475601, 0.5230902848170908559, 0.000000000000000000 ) ) ;
#1378 = ADVANCED_FACE ( 'NONE', ( #1009, #466 ), #796, .T. ) ;
#1379 = VECTOR ( 'NONE', #831, 1000.000000000000000 ) ;
#1380 = ADVANCED_FACE ( 'NONE', ( #787, #805, #92, #700 ), #1244, .F. ) ;
#1381 = VERTEX_POINT ( 'NONE', #15 ) ;
#1382 = VECTOR ( 'NONE', #901, 1000.000000000000114 ) ;
#1383 = ORIENTED_EDGE ( 'NONE', *, *, #337, .F. ) ;
#1384 = PLANE ( 'NONE',  #350 ) ;
#1385 = EDGE_CURVE ( 'NONE', #851, #436, #661, .T. ) ;
#1386 = CARTESIAN_POINT ( 'NONE',  ( 6.769228715244000050, 26.15414717316300042, 16.48419862970100169 ) ) ;
#1387 = DIRECTION ( 'NONE',  ( 0.000000000000000000, 0.000000000000000000, -1.000000000000000000 ) ) ;
#1388 = ORIENTED_EDGE ( 'NONE', *, *, #710, .F. ) ;
#1389 = VECTOR ( 'NONE', #777, 1000.000000000000114 ) ;
#1390 = ORIENTED_EDGE ( 'NONE', *, *, #1346, .T. ) ;
#1391 = DIRECTION ( 'NONE',  ( 0.8280697847192934891, -0.5606250365751986875, 0.000000000000000000 ) ) ;
#1392 = CARTESIAN_POINT ( 'NONE',  ( 17.14929940160600097, 7.586630086106000093, 0.000000000000000000 ) ) ;
#1393 = CYLINDRICAL_SURFACE ( 'NONE', #1341, 2.329407688984000302 ) ;
#1394 = AXIS2_PLACEMENT_3D ( 'NONE', #678, #924, #1366 ) ;
#1395 = EDGE_CURVE ( 'NONE', #175, #887, #918, .T. ) ;
#1396 = VERTEX_POINT ( 'NONE', #1024 ) ;
#1397 = ORIENTED_EDGE ( 'NONE', *, *, #1027, .T. ) ;
#1398 = DIRECTION ( 'NONE',  ( 0.000000000000000000, 0.000000000000000000, -1.000000000000000000 ) ) ;
#1399 = DIRECTION ( 'NONE',  ( 0.000000000000000000, 0.000000000000000000, -1.000000000000000000 ) ) ;
#1400 = LINE ( 'NONE', #363, #555 ) ;
#1401 = LINE ( 'NONE', #701, #395 ) ;
#1402 = VECTOR ( 'NONE', #6, 1000.000000000000000 ) ;
#1403 = AXIS2_PLACEMENT_3D ( 'NONE', #613, #1198, #1073 ) ;
#1404 = EDGE_LOOP ( 'NONE', ( #974, #987, #1420, #462, #500 ) ) ;
#1405 = ORIENTED_EDGE ( 'NONE', *, *, #733, .F. ) ;
#1406 = DIRECTION ( 'NONE',  ( 0.8791481127558091746, 0.4765486290378971312, 0.000000000000000000 ) ) ;
#1407 = DIRECTION ( 'NONE',  ( 0.000000000000000000, 0.000000000000000000, 1.000000000000000000 ) ) ;
#1408 = DIRECTION ( 'NONE',  ( -1.000000000000000000, 0.000000000000000000, 0.000000000000000000 ) ) ;
#1409 = ORIENTED_EDGE ( 'NONE', *, *, #16, .F. ) ;
#1410 = ADVANCED_FACE ( 'NONE', ( #459 ), #126, .F. ) ;
#1411 = ORIENTED_EDGE ( 'NONE', *, *, #43, .F. ) ;
#1412 = LINE ( 'NONE', #617, #1267 ) ;
#1413 = EDGE_CURVE ( 'NONE', #957, #765, #118, .T. ) ;
#1414 = CARTESIAN_POINT ( 'NONE',  ( 7.132251667104999804, 8.308919911444000661, 86.96483985922499471 ) ) ;
#1415 = VECTOR ( 'NONE', #552, 1000.000000000000000 ) ;
#1416 = EDGE_LOOP ( 'NONE', ( #407 ) ) ;
#1417 = ORIENTED_EDGE ( 'NONE', *, *, #450, .T. ) ;
#1418 = CARTESIAN_POINT ( 'NONE',  ( 0.000000000000000000, 26.15414717316300042, 0.000000000000000000 ) ) ;
#1419 = DIRECTION ( 'NONE',  ( 0.000000000000000000, 0.000000000000000000, -1.000000000000000000 ) ) ;
#1420 = ORIENTED_EDGE ( 'NONE', *, *, #890, .T. ) ;
#1421 = AXIS2_PLACEMENT_3D ( 'NONE', #1386, #1473, #942 ) ;
#1422 = VERTEX_POINT ( 'NONE', #1033 ) ;
#1423 = PLANE ( 'NONE',  #484 ) ;
#1424 = LINE ( 'NONE', #1327, #103 ) ;
#1425 = VECTOR ( 'NONE', #531, 1000.000000000000000 ) ;
#1426 = EDGE_CURVE ( 'NONE', #59, #175, #7, .T. ) ;
#1427 = ORIENTED_EDGE ( 'NONE', *, *, #1395, .F. ) ;
#1428 = EDGE_CURVE ( 'NONE', #329, #1130, #934, .T. ) ;
#1429 = EDGE_LOOP ( 'NONE', ( #859 ) ) ;
#1430 = CARTESIAN_POINT ( 'NONE',  ( 18.62548694449800024, 6.680611135856999283, 0.000000000000000000 ) ) ;
#1431 =( BOUNDED_CURVE ( )  B_SPLINE_CURVE ( 3, ( #786, #653, #299, #184 ),
 .UNSPECIFIED., .F., .T. ) 
 B_SPLINE_CURVE_WITH_KNOTS ( ( 4, 4 ),
 ( 3.862209192309201455, 3.974307664126361495 ),
 .UNSPECIFIED. ) 
 CURVE ( )  GEOMETRIC_REPRESENTATION_ITEM ( )  RATIONAL_B_SPLINE_CURVE ( ( 1.000000000000000000, 0.9989531018317625577, 0.9989531018317625577, 1.000000000000000000 ) ) 
 REPRESENTATION_ITEM ( '' )  );
#1432 = PLANE ( 'NONE',  #413 ) ;
#1433 = DIRECTION ( 'NONE',  ( 1.000000000000000000, 0.000000000000000000, 0.000000000000000000 ) ) ;
#1434 = EDGE_CURVE ( 'NONE', #1294, #957, #1227, .T. ) ;
#1435 = ORIENTED_EDGE ( 'NONE', *, *, #1331, .F. ) ;
#1436 = ORIENTED_EDGE ( 'NONE', *, *, #749, .T. ) ;
#1437 = CARTESIAN_POINT ( 'NONE',  ( 17.30133193933202307, 7.306156886778995663, 33.32977329643996711 ) ) ;
#1438 = AXIS2_PLACEMENT_3D ( 'NONE', #113, #669, #1125 ) ;
#1439 =( BOUNDED_CURVE ( )  B_SPLINE_CURVE ( 3, ( #723, #127, #1058, #31 ),
 .UNSPECIFIED., .F., .F. ) 
 B_SPLINE_CURVE_WITH_KNOTS ( ( 4, 4 ),
 ( 5.456978779619078068, 5.566213873031613524 ),
 .UNSPECIFIED. ) 
 CURVE ( )  GEOMETRIC_REPRESENTATION_ITEM ( )  RATIONAL_B_SPLINE_CURVE ( ( 1.000000000000000000, 0.9990058883600420048, 0.9990058883600420048, 1.000000000000000000 ) ) 
 REPRESENTATION_ITEM ( '' )  );
#1440 = CARTESIAN_POINT ( 'NONE',  ( 4.073044295954000305, 6.603245602596000019, 0.000000000000000000 ) ) ;
#1441 = EDGE_CURVE ( 'NONE', #1140, #377, #1400, .T. ) ;
#1442 = LINE ( 'NONE', #1465, #863 ) ;
#1443 = CARTESIAN_POINT ( 'NONE',  ( 0.000000000000000000, 0.000000000000000000, 86.96483985922499471 ) ) ;
#1444 = FILL_AREA_STYLE_COLOUR ( '', #1448 ) ;
#1445 = ORIENTED_EDGE ( 'NONE', *, *, #245, .T. ) ;
#1446 = DIRECTION ( 'NONE',  ( 0.000000000000000000, 0.000000000000000000, -1.000000000000000000 ) ) ;
#1447 = AXIS2_PLACEMENT_3D ( 'NONE', #1291, #735, #1419 ) ;
#1448 = COLOUR_RGB ( '',0.7921568627450980005, 0.8196078431372548767, 0.9333333333333333481 ) ;
#1449 = CARTESIAN_POINT ( 'NONE',  ( 8.508273476957999293, 22.70806862262299930, 16.04628803567100093 ) ) ;
#1450 = VECTOR ( 'NONE', #732, 1000.000000000000000 ) ;
#1451 = CARTESIAN_POINT ( 'NONE',  ( 21.21263594983799550, 0.000000000000000000, 0.000000000000000000 ) ) ;
#1452 = EDGE_LOOP ( 'NONE', ( #215, #570, #1200, #445 ) ) ;
#1453 = CARTESIAN_POINT ( 'NONE',  ( 3.538825755372999815, 8.234075070021999565, 0.000000000000000000 ) ) ;
#1454 = ORIENTED_EDGE ( 'NONE', *, *, #124, .T. ) ;
#1455 = CARTESIAN_POINT ( 'NONE',  ( 17.30133193933221136, 7.306156886778644832, 50.31179519769232655 ) ) ;
#1456 = LINE ( 'NONE', #208, #1285 ) ;
#1457 = VECTOR ( 'NONE', #567, 1000.000000000000000 ) ;
#1458 = LINE ( 'NONE', #648, #194 ) ;
#1459 = DIRECTION ( 'NONE',  ( 1.000000000000000000, 0.000000000000000000, 0.000000000000000000 ) ) ;
#1460 = VERTEX_POINT ( 'NONE', #482 ) ;
#1461 = EDGE_LOOP ( 'NONE', ( #1076, #143, #793, #1347 ) ) ;
#1462 = CIRCLE ( 'NONE', #1082, 2.329407688984000302 ) ;
#1463 = DIRECTION ( 'NONE',  ( -0.7177149031980540883, 0.000000000000000000, 0.6963370719180530521 ) ) ;
#1464 = PRODUCT_CONTEXT ( 'NONE', #241, 'mechanical' ) ;
#1465 = CARTESIAN_POINT ( 'NONE',  ( 0.000000000000000000, 26.15414717316300042, 35.24214718033700677 ) ) ;
#1466 = CARTESIAN_POINT ( 'NONE',  ( 18.62548694449800024, 6.680611135856999283, 0.000000000000000000 ) ) ;
#1467 = CARTESIAN_POINT ( 'NONE',  ( 18.62548694449800024, 6.680611135856999283, 32.83740183792999545 ) ) ;
#1468 = SURFACE_STYLE_FILL_AREA ( #451 ) ;
#1469 = VERTEX_POINT ( 'NONE', #42 ) ;
#1470 = VERTEX_POINT ( 'NONE', #1297 ) ;
#1471 = DIRECTION ( 'NONE',  ( 0.000000000000000000, -1.000000000000000000, 0.000000000000000000 ) ) ;
#1472 = AXIS2_PLACEMENT_3D ( 'NONE', #14, #925, #1023 ) ;
#1473 = DIRECTION ( 'NONE',  ( -0.9619030454769844640, 0.000000000000000000, -0.2733908028849956762 ) ) ;
#1474 = CARTESIAN_POINT ( 'NONE',  ( 18.62548694449800024, 6.680611135856999283, 32.83740183792999545 ) ) ;
#1475 = DIRECTION ( 'NONE',  ( 0.000000000000000000, 0.000000000000000000, 1.000000000000000000 ) ) ;
ENDSEC;
END-ISO-10303-21;
