ISO-10303-21;
HEADER;
FILE_DESCRIPTION(('Open CASCADE Model'),'2;1');
FILE_NAME('Open CASCADE Shape Model','2026-04-20T11:38:15',('Author'),(
    'Open CASCADE'),'Open CASCADE STEP processor 7.5','Open CASCADE 7.5'
  ,'Unknown');
FILE_SCHEMA(('CONFIG_CONTROL_DESIGN'));
ENDSEC;
DATA;
#1 = APPLICATION_PROTOCOL_DEFINITION('international standard',
  'config_control_design',1994,#2);
#2 = APPLICATION_CONTEXT(
'configuration controlled 3D designs of mechanical parts and assemblies'
  );
#3 = SHAPE_DEFINITION_REPRESENTATION(#4,#10);
#4 = PRODUCT_DEFINITION_SHAPE('','',#5);
#5 = PRODUCT_DEFINITION('design','',#6,#9);
#6 = PRODUCT_DEFINITION_FORMATION_WITH_SPECIFIED_SOURCE('','',#7,
  .NOT_KNOWN.);
#7 = PRODUCT('Open CASCADE STEP translator 7.5 112',
  'Open CASCADE STEP translator 7.5 112','',(#8));
#8 = MECHANICAL_CONTEXT('',#2,'mechanical');
#9 = DESIGN_CONTEXT('',#2,'design');
#10 = MANIFOLD_SURFACE_SHAPE_REPRESENTATION('',(#11,#15),#1886);
#11 = AXIS2_PLACEMENT_3D('',#12,#13,#14);
#12 = CARTESIAN_POINT('',(0.,0.,0.));
#13 = DIRECTION('',(0.,0.,1.));
#14 = DIRECTION('',(1.,0.,-0.));
#15 = SHELL_BASED_SURFACE_MODEL('',(#16));
#16 = CLOSED_SHELL('',(#17,#137,#208,#255,#375,#467,#543,#592,#619,#775,
    #881,#1411,#1439,#1487,#1536,#1609,#1693,#1798,#1847,#1873));
#17 = ADVANCED_FACE('',(#18),#32,.F.);
#18 = FACE_BOUND('',#19,.T.);
#19 = EDGE_LOOP('',(#20,#55,#83,#111));
#20 = ORIENTED_EDGE('',*,*,#21,.T.);
#21 = EDGE_CURVE('',#22,#24,#26,.T.);
#22 = VERTEX_POINT('',#23);
#23 = CARTESIAN_POINT('',(-22.6095821835,15.05643944052,5.466901830038)
  );
#24 = VERTEX_POINT('',#25);
#25 = CARTESIAN_POINT('',(-22.6095821835,-15.05643944052,5.466901830038)
  );
#26 = SURFACE_CURVE('',#27,(#31,#43),.PCURVE_S1.);
#27 = LINE('',#28,#29);
#28 = CARTESIAN_POINT('',(-22.6095821835,15.05643944052,5.466901830038)
  );
#29 = VECTOR('',#30,1.);
#30 = DIRECTION('',(0.,-1.,0.));
#31 = PCURVE('',#32,#37);
#32 = PLANE('',#33);
#33 = AXIS2_PLACEMENT_3D('',#34,#35,#36);
#34 = CARTESIAN_POINT('',(-24.59289628021,15.05643944052,2.431386530342)
  );
#35 = DIRECTION('',(-0.837152212153,0.,0.546969993407));
#36 = DIRECTION('',(0.,1.,0.));
#37 = DEFINITIONAL_REPRESENTATION('',(#38),#42);
#38 = LINE('',#39,#40);
#39 = CARTESIAN_POINT('',(0.,-3.626001646568));
#40 = VECTOR('',#41,1.);
#41 = DIRECTION('',(-1.,-0.));
#42 = ( GEOMETRIC_REPRESENTATION_CONTEXT(2) 
PARAMETRIC_REPRESENTATION_CONTEXT() REPRESENTATION_CONTEXT('2D SPACE',''
  ) );
#43 = PCURVE('',#44,#49);
#44 = PLANE('',#45);
#45 = AXIS2_PLACEMENT_3D('',#46,#47,#48);
#46 = CARTESIAN_POINT('',(-22.6095821835,15.05643944052,5.466901830038)
  );
#47 = DIRECTION('',(0.907055052245,0.,0.421012033315));
#48 = DIRECTION('',(0.,-1.,0.));
#49 = DEFINITIONAL_REPRESENTATION('',(#50),#54);
#50 = LINE('',#51,#52);
#51 = CARTESIAN_POINT('',(0.,0.));
#52 = VECTOR('',#53,1.);
#53 = DIRECTION('',(1.,0.));
#54 = ( GEOMETRIC_REPRESENTATION_CONTEXT(2) 
PARAMETRIC_REPRESENTATION_CONTEXT() REPRESENTATION_CONTEXT('2D SPACE',''
  ) );
#55 = ORIENTED_EDGE('',*,*,#56,.F.);
#56 = EDGE_CURVE('',#57,#24,#59,.T.);
#57 = VERTEX_POINT('',#58);
#58 = CARTESIAN_POINT('',(-24.59289628021,-15.05643944052,2.431386530342
    ));
#59 = SURFACE_CURVE('',#60,(#64,#71),.PCURVE_S1.);
#60 = LINE('',#61,#62);
#61 = CARTESIAN_POINT('',(-28.27926228501,-15.05643944052,
    -3.210695289363));
#62 = VECTOR('',#63,1.);
#63 = DIRECTION('',(0.546969993407,0.,0.837152212153));
#64 = PCURVE('',#32,#65);
#65 = DEFINITIONAL_REPRESENTATION('',(#66),#70);
#66 = LINE('',#67,#68);
#67 = CARTESIAN_POINT('',(-30.11287888104,6.739612865854));
#68 = VECTOR('',#69,1.);
#69 = DIRECTION('',(0.,-1.));
#70 = ( GEOMETRIC_REPRESENTATION_CONTEXT(2) 
PARAMETRIC_REPRESENTATION_CONTEXT() REPRESENTATION_CONTEXT('2D SPACE',''
  ) );
#71 = PCURVE('',#72,#77);
#72 = PLANE('',#73);
#73 = AXIS2_PLACEMENT_3D('',#74,#75,#76);
#74 = CARTESIAN_POINT('',(-28.66917148269,-15.05643944052,
    -11.00658251253));
#75 = DIRECTION('',(-0.,1.,0.));
#76 = DIRECTION('',(1.,0.,0.));
#77 = DEFINITIONAL_REPRESENTATION('',(#78),#82);
#78 = LINE('',#79,#80);
#79 = CARTESIAN_POINT('',(0.389909197677,-7.795887223169));
#80 = VECTOR('',#81,1.);
#81 = DIRECTION('',(0.546969993407,-0.837152212153));
#82 = ( GEOMETRIC_REPRESENTATION_CONTEXT(2) 
PARAMETRIC_REPRESENTATION_CONTEXT() REPRESENTATION_CONTEXT('2D SPACE',''
  ) );
#83 = ORIENTED_EDGE('',*,*,#84,.F.);
#84 = EDGE_CURVE('',#85,#57,#87,.T.);
#85 = VERTEX_POINT('',#86);
#86 = CARTESIAN_POINT('',(-24.59289628021,15.05643944052,2.431386530342)
  );
#87 = SURFACE_CURVE('',#88,(#92,#99),.PCURVE_S1.);
#88 = LINE('',#89,#90);
#89 = CARTESIAN_POINT('',(-24.59289628021,15.05643944052,2.431386530342)
  );
#90 = VECTOR('',#91,1.);
#91 = DIRECTION('',(0.,-1.,0.));
#92 = PCURVE('',#32,#93);
#93 = DEFINITIONAL_REPRESENTATION('',(#94),#98);
#94 = LINE('',#95,#96);
#95 = CARTESIAN_POINT('',(0.,0.));
#96 = VECTOR('',#97,1.);
#97 = DIRECTION('',(-1.,-0.));
#98 = ( GEOMETRIC_REPRESENTATION_CONTEXT(2) 
PARAMETRIC_REPRESENTATION_CONTEXT() REPRESENTATION_CONTEXT('2D SPACE',''
  ) );
#99 = PCURVE('',#100,#105);
#100 = PLANE('',#101);
#101 = AXIS2_PLACEMENT_3D('',#102,#103,#104);
#102 = CARTESIAN_POINT('',(-21.13411171815,15.05643944052,2.288054590222
    ));
#103 = DIRECTION('',(-4.140443728467E-02,0.,-0.999142468607));
#104 = DIRECTION('',(-0.999142468607,0.,4.140443728467E-02));
#105 = DEFINITIONAL_REPRESENTATION('',(#106),#110);
#106 = LINE('',#107,#108);
#107 = CARTESIAN_POINT('',(3.461753124044,0.));
#108 = VECTOR('',#109,1.);
#109 = DIRECTION('',(0.,-1.));
#110 = ( GEOMETRIC_REPRESENTATION_CONTEXT(2) 
PARAMETRIC_REPRESENTATION_CONTEXT() REPRESENTATION_CONTEXT('2D SPACE',''
  ) );
#111 = ORIENTED_EDGE('',*,*,#112,.T.);
#112 = EDGE_CURVE('',#85,#22,#113,.T.);
#113 = SURFACE_CURVE('',#114,(#118,#125),.PCURVE_S1.);
#114 = LINE('',#115,#116);
#115 = CARTESIAN_POINT('',(-24.59289628021,15.05643944052,2.431386530342
    ));
#116 = VECTOR('',#117,1.);
#117 = DIRECTION('',(0.546969993407,0.,0.837152212153));
#118 = PCURVE('',#32,#119);
#119 = DEFINITIONAL_REPRESENTATION('',(#120),#124);
#120 = LINE('',#121,#122);
#121 = CARTESIAN_POINT('',(0.,0.));
#122 = VECTOR('',#123,1.);
#123 = DIRECTION('',(0.,-1.));
#124 = ( GEOMETRIC_REPRESENTATION_CONTEXT(2) 
PARAMETRIC_REPRESENTATION_CONTEXT() REPRESENTATION_CONTEXT('2D SPACE',''
  ) );
#125 = PCURVE('',#126,#131);
#126 = PLANE('',#127);
#127 = AXIS2_PLACEMENT_3D('',#128,#129,#130);
#128 = CARTESIAN_POINT('',(-28.66917148269,15.05643944052,
    -11.00658251253));
#129 = DIRECTION('',(-0.,1.,0.));
#130 = DIRECTION('',(1.,0.,0.));
#131 = DEFINITIONAL_REPRESENTATION('',(#132),#136);
#132 = LINE('',#133,#134);
#133 = CARTESIAN_POINT('',(4.076275202476,-13.43796904287));
#134 = VECTOR('',#135,1.);
#135 = DIRECTION('',(0.546969993407,-0.837152212153));
#136 = ( GEOMETRIC_REPRESENTATION_CONTEXT(2) 
PARAMETRIC_REPRESENTATION_CONTEXT() REPRESENTATION_CONTEXT('2D SPACE',''
  ) );
#137 = ADVANCED_FACE('',(#138),#100,.F.);
#138 = FACE_BOUND('',#139,.T.);
#139 = EDGE_LOOP('',(#140,#141,#164,#187));
#140 = ORIENTED_EDGE('',*,*,#84,.T.);
#141 = ORIENTED_EDGE('',*,*,#142,.F.);
#142 = EDGE_CURVE('',#143,#57,#145,.T.);
#143 = VERTEX_POINT('',#144);
#144 = CARTESIAN_POINT('',(-21.13411171815,-15.05643944052,
    2.288054590222));
#145 = SURFACE_CURVE('',#146,(#150,#157),.PCURVE_S1.);
#146 = LINE('',#147,#148);
#147 = CARTESIAN_POINT('',(-24.6201903536,-15.05643944052,2.432517596016
    ));
#148 = VECTOR('',#149,1.);
#149 = DIRECTION('',(-0.999142468607,0.,4.140443728467E-02));
#150 = PCURVE('',#100,#151);
#151 = DEFINITIONAL_REPRESENTATION('',(#152),#156);
#152 = LINE('',#153,#154);
#153 = CARTESIAN_POINT('',(3.489070623048,-30.11287888104));
#154 = VECTOR('',#155,1.);
#155 = DIRECTION('',(1.,0.));
#156 = ( GEOMETRIC_REPRESENTATION_CONTEXT(2) 
PARAMETRIC_REPRESENTATION_CONTEXT() REPRESENTATION_CONTEXT('2D SPACE',''
  ) );
#157 = PCURVE('',#72,#158);
#158 = DEFINITIONAL_REPRESENTATION('',(#159),#163);
#159 = LINE('',#160,#161);
#160 = CARTESIAN_POINT('',(4.048981129085,-13.43910010854));
#161 = VECTOR('',#162,1.);
#162 = DIRECTION('',(-0.999142468607,-4.140443728467E-02));
#163 = ( GEOMETRIC_REPRESENTATION_CONTEXT(2) 
PARAMETRIC_REPRESENTATION_CONTEXT() REPRESENTATION_CONTEXT('2D SPACE',''
  ) );
#164 = ORIENTED_EDGE('',*,*,#165,.F.);
#165 = EDGE_CURVE('',#166,#143,#168,.T.);
#166 = VERTEX_POINT('',#167);
#167 = CARTESIAN_POINT('',(-21.13411171815,15.05643944052,2.288054590222
    ));
#168 = SURFACE_CURVE('',#169,(#173,#180),.PCURVE_S1.);
#169 = LINE('',#170,#171);
#170 = CARTESIAN_POINT('',(-21.13411171815,15.05643944052,2.288054590222
    ));
#171 = VECTOR('',#172,1.);
#172 = DIRECTION('',(0.,-1.,0.));
#173 = PCURVE('',#100,#174);
#174 = DEFINITIONAL_REPRESENTATION('',(#175),#179);
#175 = LINE('',#176,#177);
#176 = CARTESIAN_POINT('',(0.,0.));
#177 = VECTOR('',#178,1.);
#178 = DIRECTION('',(0.,-1.));
#179 = ( GEOMETRIC_REPRESENTATION_CONTEXT(2) 
PARAMETRIC_REPRESENTATION_CONTEXT() REPRESENTATION_CONTEXT('2D SPACE',''
  ) );
#180 = PCURVE('',#44,#181);
#181 = DEFINITIONAL_REPRESENTATION('',(#182),#186);
#182 = LINE('',#183,#184);
#183 = CARTESIAN_POINT('',(0.,3.504580269903));
#184 = VECTOR('',#185,1.);
#185 = DIRECTION('',(1.,0.));
#186 = ( GEOMETRIC_REPRESENTATION_CONTEXT(2) 
PARAMETRIC_REPRESENTATION_CONTEXT() REPRESENTATION_CONTEXT('2D SPACE',''
  ) );
#187 = ORIENTED_EDGE('',*,*,#188,.T.);
#188 = EDGE_CURVE('',#166,#85,#189,.T.);
#189 = SURFACE_CURVE('',#190,(#194,#201),.PCURVE_S1.);
#190 = LINE('',#191,#192);
#191 = CARTESIAN_POINT('',(-21.13411171815,15.05643944052,2.288054590222
    ));
#192 = VECTOR('',#193,1.);
#193 = DIRECTION('',(-0.999142468607,0.,4.140443728467E-02));
#194 = PCURVE('',#100,#195);
#195 = DEFINITIONAL_REPRESENTATION('',(#196),#200);
#196 = LINE('',#197,#198);
#197 = CARTESIAN_POINT('',(0.,0.));
#198 = VECTOR('',#199,1.);
#199 = DIRECTION('',(1.,0.));
#200 = ( GEOMETRIC_REPRESENTATION_CONTEXT(2) 
PARAMETRIC_REPRESENTATION_CONTEXT() REPRESENTATION_CONTEXT('2D SPACE',''
  ) );
#201 = PCURVE('',#126,#202);
#202 = DEFINITIONAL_REPRESENTATION('',(#203),#207);
#203 = LINE('',#204,#205);
#204 = CARTESIAN_POINT('',(7.53505976454,-13.29463710275));
#205 = VECTOR('',#206,1.);
#206 = DIRECTION('',(-0.999142468607,-4.140443728467E-02));
#207 = ( GEOMETRIC_REPRESENTATION_CONTEXT(2) 
PARAMETRIC_REPRESENTATION_CONTEXT() REPRESENTATION_CONTEXT('2D SPACE',''
  ) );
#208 = ADVANCED_FACE('',(#209),#44,.F.);
#209 = FACE_BOUND('',#210,.T.);
#210 = EDGE_LOOP('',(#211,#212,#233,#234));
#211 = ORIENTED_EDGE('',*,*,#165,.T.);
#212 = ORIENTED_EDGE('',*,*,#213,.F.);
#213 = EDGE_CURVE('',#24,#143,#214,.T.);
#214 = SURFACE_CURVE('',#215,(#219,#226),.PCURVE_S1.);
#215 = LINE('',#216,#217);
#216 = CARTESIAN_POINT('',(-20.0011606216,-15.05643944052,
    -0.152847176836));
#217 = VECTOR('',#218,1.);
#218 = DIRECTION('',(0.421012033315,0.,-0.907055052245));
#219 = PCURVE('',#44,#220);
#220 = DEFINITIONAL_REPRESENTATION('',(#221),#225);
#221 = LINE('',#222,#223);
#222 = CARTESIAN_POINT('',(30.11287888104,6.195598594552));
#223 = VECTOR('',#224,1.);
#224 = DIRECTION('',(0.,1.));
#225 = ( GEOMETRIC_REPRESENTATION_CONTEXT(2) 
PARAMETRIC_REPRESENTATION_CONTEXT() REPRESENTATION_CONTEXT('2D SPACE',''
  ) );
#226 = PCURVE('',#72,#227);
#227 = DEFINITIONAL_REPRESENTATION('',(#228),#232);
#228 = LINE('',#229,#230);
#229 = CARTESIAN_POINT('',(8.668010861089,-10.85373533569));
#230 = VECTOR('',#231,1.);
#231 = DIRECTION('',(0.421012033315,0.907055052245));
#232 = ( GEOMETRIC_REPRESENTATION_CONTEXT(2) 
PARAMETRIC_REPRESENTATION_CONTEXT() REPRESENTATION_CONTEXT('2D SPACE',''
  ) );
#233 = ORIENTED_EDGE('',*,*,#21,.F.);
#234 = ORIENTED_EDGE('',*,*,#235,.T.);
#235 = EDGE_CURVE('',#22,#166,#236,.T.);
#236 = SURFACE_CURVE('',#237,(#241,#248),.PCURVE_S1.);
#237 = LINE('',#238,#239);
#238 = CARTESIAN_POINT('',(-22.6095821835,15.05643944052,5.466901830038)
  );
#239 = VECTOR('',#240,1.);
#240 = DIRECTION('',(0.421012033315,0.,-0.907055052245));
#241 = PCURVE('',#44,#242);
#242 = DEFINITIONAL_REPRESENTATION('',(#243),#247);
#243 = LINE('',#244,#245);
#244 = CARTESIAN_POINT('',(0.,0.));
#245 = VECTOR('',#246,1.);
#246 = DIRECTION('',(0.,1.));
#247 = ( GEOMETRIC_REPRESENTATION_CONTEXT(2) 
PARAMETRIC_REPRESENTATION_CONTEXT() REPRESENTATION_CONTEXT('2D SPACE',''
  ) );
#248 = PCURVE('',#126,#249);
#249 = DEFINITIONAL_REPRESENTATION('',(#250),#254);
#250 = LINE('',#251,#252);
#251 = CARTESIAN_POINT('',(6.059589299192,-16.47348434256));
#252 = VECTOR('',#253,1.);
#253 = DIRECTION('',(0.421012033315,0.907055052245));
#254 = ( GEOMETRIC_REPRESENTATION_CONTEXT(2) 
PARAMETRIC_REPRESENTATION_CONTEXT() REPRESENTATION_CONTEXT('2D SPACE',''
  ) );
#255 = ADVANCED_FACE('',(#256,#261),#72,.F.);
#256 = FACE_BOUND('',#257,.T.);
#257 = EDGE_LOOP('',(#258,#259,#260));
#258 = ORIENTED_EDGE('',*,*,#142,.T.);
#259 = ORIENTED_EDGE('',*,*,#56,.T.);
#260 = ORIENTED_EDGE('',*,*,#213,.T.);
#261 = FACE_BOUND('',#262,.T.);
#262 = EDGE_LOOP('',(#263,#293,#321,#349));
#263 = ORIENTED_EDGE('',*,*,#264,.T.);
#264 = EDGE_CURVE('',#265,#267,#269,.T.);
#265 = VERTEX_POINT('',#266);
#266 = CARTESIAN_POINT('',(28.669171482696,-15.05643944052,
    -11.00658251253));
#267 = VERTEX_POINT('',#268);
#268 = CARTESIAN_POINT('',(28.669171482696,-15.05643944052,
    11.006582512532));
#269 = SURFACE_CURVE('',#270,(#274,#281),.PCURVE_S1.);
#270 = LINE('',#271,#272);
#271 = CARTESIAN_POINT('',(28.669171482696,-15.05643944052,
    -11.00658251253));
#272 = VECTOR('',#273,1.);
#273 = DIRECTION('',(0.,0.,1.));
#274 = PCURVE('',#72,#275);
#275 = DEFINITIONAL_REPRESENTATION('',(#276),#280);
#276 = LINE('',#277,#278);
#277 = CARTESIAN_POINT('',(57.338342965388,0.));
#278 = VECTOR('',#279,1.);
#279 = DIRECTION('',(0.,-1.));
#280 = ( GEOMETRIC_REPRESENTATION_CONTEXT(2) 
PARAMETRIC_REPRESENTATION_CONTEXT() REPRESENTATION_CONTEXT('2D SPACE',''
  ) );
#281 = PCURVE('',#282,#287);
#282 = PLANE('',#283);
#283 = AXIS2_PLACEMENT_3D('',#284,#285,#286);
#284 = CARTESIAN_POINT('',(28.669171482696,-15.05643944052,
    -11.00658251253));
#285 = DIRECTION('',(1.,0.,0.));
#286 = DIRECTION('',(-0.,1.,0.));
#287 = DEFINITIONAL_REPRESENTATION('',(#288),#292);
#288 = LINE('',#289,#290);
#289 = CARTESIAN_POINT('',(0.,0.));
#290 = VECTOR('',#291,1.);
#291 = DIRECTION('',(0.,1.));
#292 = ( GEOMETRIC_REPRESENTATION_CONTEXT(2) 
PARAMETRIC_REPRESENTATION_CONTEXT() REPRESENTATION_CONTEXT('2D SPACE',''
  ) );
#293 = ORIENTED_EDGE('',*,*,#294,.F.);
#294 = EDGE_CURVE('',#295,#267,#297,.T.);
#295 = VERTEX_POINT('',#296);
#296 = CARTESIAN_POINT('',(-26.85990140793,-15.05643944052,
    11.006582512532));
#297 = SURFACE_CURVE('',#298,(#302,#309),.PCURVE_S1.);
#298 = LINE('',#299,#300);
#299 = CARTESIAN_POINT('',(-28.66917148269,-15.05643944052,
    11.006582512532));
#300 = VECTOR('',#301,1.);
#301 = DIRECTION('',(1.,0.,0.));
#302 = PCURVE('',#72,#303);
#303 = DEFINITIONAL_REPRESENTATION('',(#304),#308);
#304 = LINE('',#305,#306);
#305 = CARTESIAN_POINT('',(0.,-22.01316502506));
#306 = VECTOR('',#307,1.);
#307 = DIRECTION('',(1.,0.));
#308 = ( GEOMETRIC_REPRESENTATION_CONTEXT(2) 
PARAMETRIC_REPRESENTATION_CONTEXT() REPRESENTATION_CONTEXT('2D SPACE',''
  ) );
#309 = PCURVE('',#310,#315);
#310 = PLANE('',#311);
#311 = AXIS2_PLACEMENT_3D('',#312,#313,#314);
#312 = CARTESIAN_POINT('',(-28.66917148269,-15.05643944052,
    11.006582512532));
#313 = DIRECTION('',(0.,0.,1.));
#314 = DIRECTION('',(1.,0.,-0.));
#315 = DEFINITIONAL_REPRESENTATION('',(#316),#320);
#316 = LINE('',#317,#318);
#317 = CARTESIAN_POINT('',(0.,0.));
#318 = VECTOR('',#319,1.);
#319 = DIRECTION('',(1.,0.));
#320 = ( GEOMETRIC_REPRESENTATION_CONTEXT(2) 
PARAMETRIC_REPRESENTATION_CONTEXT() REPRESENTATION_CONTEXT('2D SPACE',''
  ) );
#321 = ORIENTED_EDGE('',*,*,#322,.F.);
#322 = EDGE_CURVE('',#323,#295,#325,.T.);
#323 = VERTEX_POINT('',#324);
#324 = CARTESIAN_POINT('',(-26.85990140793,-15.05643944052,
    -11.00658251253));
#325 = SURFACE_CURVE('',#326,(#330,#337),.PCURVE_S1.);
#326 = LINE('',#327,#328);
#327 = CARTESIAN_POINT('',(-26.85990140793,-15.05643944052,
    -11.00658251253));
#328 = VECTOR('',#329,1.);
#329 = DIRECTION('',(0.,0.,1.));
#330 = PCURVE('',#72,#331);
#331 = DEFINITIONAL_REPRESENTATION('',(#332),#336);
#332 = LINE('',#333,#334);
#333 = CARTESIAN_POINT('',(1.809270074759,0.));
#334 = VECTOR('',#335,1.);
#335 = DIRECTION('',(0.,-1.));
#336 = ( GEOMETRIC_REPRESENTATION_CONTEXT(2) 
PARAMETRIC_REPRESENTATION_CONTEXT() REPRESENTATION_CONTEXT('2D SPACE',''
  ) );
#337 = PCURVE('',#338,#343);
#338 = CYLINDRICAL_SURFACE('',#339,1.809270074759);
#339 = AXIS2_PLACEMENT_3D('',#340,#341,#342);
#340 = CARTESIAN_POINT('',(-26.85990140793,-13.24716936576,
    -11.00658251253));
#341 = DIRECTION('',(0.,0.,1.));
#342 = DIRECTION('',(-1.,0.,0.));
#343 = DEFINITIONAL_REPRESENTATION('',(#344),#348);
#344 = LINE('',#345,#346);
#345 = CARTESIAN_POINT('',(1.570796326795,0.));
#346 = VECTOR('',#347,1.);
#347 = DIRECTION('',(0.,1.));
#348 = ( GEOMETRIC_REPRESENTATION_CONTEXT(2) 
PARAMETRIC_REPRESENTATION_CONTEXT() REPRESENTATION_CONTEXT('2D SPACE',''
  ) );
#349 = ORIENTED_EDGE('',*,*,#350,.T.);
#350 = EDGE_CURVE('',#323,#265,#351,.T.);
#351 = SURFACE_CURVE('',#352,(#356,#363),.PCURVE_S1.);
#352 = LINE('',#353,#354);
#353 = CARTESIAN_POINT('',(-28.66917148269,-15.05643944052,
    -11.00658251253));
#354 = VECTOR('',#355,1.);
#355 = DIRECTION('',(1.,0.,0.));
#356 = PCURVE('',#72,#357);
#357 = DEFINITIONAL_REPRESENTATION('',(#358),#362);
#358 = LINE('',#359,#360);
#359 = CARTESIAN_POINT('',(0.,0.));
#360 = VECTOR('',#361,1.);
#361 = DIRECTION('',(1.,0.));
#362 = ( GEOMETRIC_REPRESENTATION_CONTEXT(2) 
PARAMETRIC_REPRESENTATION_CONTEXT() REPRESENTATION_CONTEXT('2D SPACE',''
  ) );
#363 = PCURVE('',#364,#369);
#364 = PLANE('',#365);
#365 = AXIS2_PLACEMENT_3D('',#366,#367,#368);
#366 = CARTESIAN_POINT('',(-28.66917148269,-15.05643944052,
    -11.00658251253));
#367 = DIRECTION('',(0.,0.,1.));
#368 = DIRECTION('',(1.,0.,-0.));
#369 = DEFINITIONAL_REPRESENTATION('',(#370),#374);
#370 = LINE('',#371,#372);
#371 = CARTESIAN_POINT('',(0.,0.));
#372 = VECTOR('',#373,1.);
#373 = DIRECTION('',(1.,0.));
#374 = ( GEOMETRIC_REPRESENTATION_CONTEXT(2) 
PARAMETRIC_REPRESENTATION_CONTEXT() REPRESENTATION_CONTEXT('2D SPACE',''
  ) );
#375 = ADVANCED_FACE('',(#376),#390,.T.);
#376 = FACE_BOUND('',#377,.T.);
#377 = EDGE_LOOP('',(#378,#413,#441));
#378 = ORIENTED_EDGE('',*,*,#379,.T.);
#379 = EDGE_CURVE('',#380,#382,#384,.T.);
#380 = VERTEX_POINT('',#381);
#381 = CARTESIAN_POINT('',(-14.54548077163,1.222136787992,
    -7.374568335799));
#382 = VERTEX_POINT('',#383);
#383 = CARTESIAN_POINT('',(-14.54548077163,2.647553761097,
    -6.650942331491));
#384 = SURFACE_CURVE('',#385,(#389,#401),.PCURVE_S1.);
#385 = LINE('',#386,#387);
#386 = CARTESIAN_POINT('',(-14.54548077163,1.222136787992,
    -7.374568335799));
#387 = VECTOR('',#388,1.);
#388 = DIRECTION('',(0.,0.891678694365,0.452668870165));
#389 = PCURVE('',#390,#395);
#390 = PLANE('',#391);
#391 = AXIS2_PLACEMENT_3D('',#392,#393,#394);
#392 = CARTESIAN_POINT('',(-14.54548077163,2.181216296176,
    -7.508156832567));
#393 = DIRECTION('',(-1.,0.,0.));
#394 = DIRECTION('',(0.,0.,1.));
#395 = DEFINITIONAL_REPRESENTATION('',(#396),#400);
#396 = LINE('',#397,#398);
#397 = CARTESIAN_POINT('',(0.133588496768,-0.959079508184));
#398 = VECTOR('',#399,1.);
#399 = DIRECTION('',(0.452668870165,0.891678694365));
#400 = ( GEOMETRIC_REPRESENTATION_CONTEXT(2) 
PARAMETRIC_REPRESENTATION_CONTEXT() REPRESENTATION_CONTEXT('2D SPACE',''
  ) );
#401 = PCURVE('',#402,#407);
#402 = PLANE('',#403);
#403 = AXIS2_PLACEMENT_3D('',#404,#405,#406);
#404 = CARTESIAN_POINT('',(-28.66917148269,1.222136787992,
    -7.374568335799));
#405 = DIRECTION('',(0.,-0.452668870165,0.891678694365));
#406 = DIRECTION('',(-1.,0.,0.));
#407 = DEFINITIONAL_REPRESENTATION('',(#408),#412);
#408 = LINE('',#409,#410);
#409 = CARTESIAN_POINT('',(-14.12369071105,-0.));
#410 = VECTOR('',#411,1.);
#411 = DIRECTION('',(0.,-1.));
#412 = ( GEOMETRIC_REPRESENTATION_CONTEXT(2) 
PARAMETRIC_REPRESENTATION_CONTEXT() REPRESENTATION_CONTEXT('2D SPACE',''
  ) );
#413 = ORIENTED_EDGE('',*,*,#414,.T.);
#414 = EDGE_CURVE('',#382,#415,#417,.T.);
#415 = VERTEX_POINT('',#416);
#416 = CARTESIAN_POINT('',(-14.54548077163,2.644756061871,
    -8.447640632795));
#417 = SURFACE_CURVE('',#418,(#422,#429),.PCURVE_S1.);
#418 = LINE('',#419,#420);
#419 = CARTESIAN_POINT('',(-14.54548077163,2.647553761097,
    -6.650942331491));
#420 = VECTOR('',#421,1.);
#421 = DIRECTION('',(0.,-1.557131674615E-03,-0.99999878767));
#422 = PCURVE('',#390,#423);
#423 = DEFINITIONAL_REPRESENTATION('',(#424),#428);
#424 = LINE('',#425,#426);
#425 = CARTESIAN_POINT('',(0.857214501076,0.466337464921));
#426 = VECTOR('',#427,1.);
#427 = DIRECTION('',(-0.99999878767,-1.557131674615E-03));
#428 = ( GEOMETRIC_REPRESENTATION_CONTEXT(2) 
PARAMETRIC_REPRESENTATION_CONTEXT() REPRESENTATION_CONTEXT('2D SPACE',''
  ) );
#429 = PCURVE('',#430,#435);
#430 = PLANE('',#431);
#431 = AXIS2_PLACEMENT_3D('',#432,#433,#434);
#432 = CARTESIAN_POINT('',(-28.66917148269,2.647553761097,
    -6.650942331491));
#433 = DIRECTION('',(0.,0.99999878767,-1.557131674615E-03));
#434 = DIRECTION('',(-1.,0.,0.));
#435 = DEFINITIONAL_REPRESENTATION('',(#436),#440);
#436 = LINE('',#437,#438);
#437 = CARTESIAN_POINT('',(-14.12369071105,0.));
#438 = VECTOR('',#439,1.);
#439 = DIRECTION('',(-0.,-1.));
#440 = ( GEOMETRIC_REPRESENTATION_CONTEXT(2) 
PARAMETRIC_REPRESENTATION_CONTEXT() REPRESENTATION_CONTEXT('2D SPACE',''
  ) );
#441 = ORIENTED_EDGE('',*,*,#442,.T.);
#442 = EDGE_CURVE('',#415,#380,#443,.T.);
#443 = SURFACE_CURVE('',#444,(#448,#455),.PCURVE_S1.);
#444 = LINE('',#445,#446);
#445 = CARTESIAN_POINT('',(-14.54548077163,2.644756061871,
    -8.447640632795));
#446 = VECTOR('',#447,1.);
#447 = DIRECTION('',(0.,-0.798351732172,0.602191424497));
#448 = PCURVE('',#390,#449);
#449 = DEFINITIONAL_REPRESENTATION('',(#450),#454);
#450 = LINE('',#451,#452);
#451 = CARTESIAN_POINT('',(-0.939483800228,0.463539765695));
#452 = VECTOR('',#453,1.);
#453 = DIRECTION('',(0.602191424497,-0.798351732172));
#454 = ( GEOMETRIC_REPRESENTATION_CONTEXT(2) 
PARAMETRIC_REPRESENTATION_CONTEXT() REPRESENTATION_CONTEXT('2D SPACE',''
  ) );
#455 = PCURVE('',#456,#461);
#456 = PLANE('',#457);
#457 = AXIS2_PLACEMENT_3D('',#458,#459,#460);
#458 = CARTESIAN_POINT('',(-28.66917148269,2.644756061871,
    -8.447640632795));
#459 = DIRECTION('',(0.,-0.602191424497,-0.798351732172));
#460 = DIRECTION('',(0.,-0.798351732172,0.602191424497));
#461 = DEFINITIONAL_REPRESENTATION('',(#462),#466);
#462 = LINE('',#463,#464);
#463 = CARTESIAN_POINT('',(0.,-14.12369071105));
#464 = VECTOR('',#465,1.);
#465 = DIRECTION('',(1.,0.));
#466 = ( GEOMETRIC_REPRESENTATION_CONTEXT(2) 
PARAMETRIC_REPRESENTATION_CONTEXT() REPRESENTATION_CONTEXT('2D SPACE',''
  ) );
#467 = ADVANCED_FACE('',(#468),#402,.F.);
#468 = FACE_BOUND('',#469,.T.);
#469 = EDGE_LOOP('',(#470,#500,#521,#522));
#470 = ORIENTED_EDGE('',*,*,#471,.T.);
#471 = EDGE_CURVE('',#472,#474,#476,.T.);
#472 = VERTEX_POINT('',#473);
#473 = CARTESIAN_POINT('',(-28.66917148269,1.222136787992,
    -7.374568335799));
#474 = VERTEX_POINT('',#475);
#475 = CARTESIAN_POINT('',(-28.66917148269,2.647553761097,
    -6.650942331491));
#476 = SURFACE_CURVE('',#477,(#481,#488),.PCURVE_S1.);
#477 = LINE('',#478,#479);
#478 = CARTESIAN_POINT('',(-28.66917148269,1.222136787992,
    -7.374568335799));
#479 = VECTOR('',#480,1.);
#480 = DIRECTION('',(0.,0.891678694365,0.452668870165));
#481 = PCURVE('',#402,#482);
#482 = DEFINITIONAL_REPRESENTATION('',(#483),#487);
#483 = LINE('',#484,#485);
#484 = CARTESIAN_POINT('',(0.,-0.));
#485 = VECTOR('',#486,1.);
#486 = DIRECTION('',(0.,-1.));
#487 = ( GEOMETRIC_REPRESENTATION_CONTEXT(2) 
PARAMETRIC_REPRESENTATION_CONTEXT() REPRESENTATION_CONTEXT('2D SPACE',''
  ) );
#488 = PCURVE('',#489,#494);
#489 = PLANE('',#490);
#490 = AXIS2_PLACEMENT_3D('',#491,#492,#493);
#491 = CARTESIAN_POINT('',(-28.66917148269,-15.05643944052,
    -11.00658251253));
#492 = DIRECTION('',(1.,0.,0.));
#493 = DIRECTION('',(-0.,1.,0.));
#494 = DEFINITIONAL_REPRESENTATION('',(#495),#499);
#495 = LINE('',#496,#497);
#496 = CARTESIAN_POINT('',(16.278576228512,3.632014176733));
#497 = VECTOR('',#498,1.);
#498 = DIRECTION('',(0.891678694365,0.452668870165));
#499 = ( GEOMETRIC_REPRESENTATION_CONTEXT(2) 
PARAMETRIC_REPRESENTATION_CONTEXT() REPRESENTATION_CONTEXT('2D SPACE',''
  ) );
#500 = ORIENTED_EDGE('',*,*,#501,.T.);
#501 = EDGE_CURVE('',#474,#382,#502,.T.);
#502 = SURFACE_CURVE('',#503,(#507,#514),.PCURVE_S1.);
#503 = LINE('',#504,#505);
#504 = CARTESIAN_POINT('',(-28.66917148269,2.647553761097,
    -6.650942331491));
#505 = VECTOR('',#506,1.);
#506 = DIRECTION('',(1.,0.,0.));
#507 = PCURVE('',#402,#508);
#508 = DEFINITIONAL_REPRESENTATION('',(#509),#513);
#509 = LINE('',#510,#511);
#510 = CARTESIAN_POINT('',(0.,-1.598576911295));
#511 = VECTOR('',#512,1.);
#512 = DIRECTION('',(-1.,-0.));
#513 = ( GEOMETRIC_REPRESENTATION_CONTEXT(2) 
PARAMETRIC_REPRESENTATION_CONTEXT() REPRESENTATION_CONTEXT('2D SPACE',''
  ) );
#514 = PCURVE('',#430,#515);
#515 = DEFINITIONAL_REPRESENTATION('',(#516),#520);
#516 = LINE('',#517,#518);
#517 = CARTESIAN_POINT('',(0.,0.));
#518 = VECTOR('',#519,1.);
#519 = DIRECTION('',(-1.,0.));
#520 = ( GEOMETRIC_REPRESENTATION_CONTEXT(2) 
PARAMETRIC_REPRESENTATION_CONTEXT() REPRESENTATION_CONTEXT('2D SPACE',''
  ) );
#521 = ORIENTED_EDGE('',*,*,#379,.F.);
#522 = ORIENTED_EDGE('',*,*,#523,.F.);
#523 = EDGE_CURVE('',#472,#380,#524,.T.);
#524 = SURFACE_CURVE('',#525,(#529,#536),.PCURVE_S1.);
#525 = LINE('',#526,#527);
#526 = CARTESIAN_POINT('',(-28.66917148269,1.222136787992,
    -7.374568335799));
#527 = VECTOR('',#528,1.);
#528 = DIRECTION('',(1.,0.,0.));
#529 = PCURVE('',#402,#530);
#530 = DEFINITIONAL_REPRESENTATION('',(#531),#535);
#531 = LINE('',#532,#533);
#532 = CARTESIAN_POINT('',(0.,-0.));
#533 = VECTOR('',#534,1.);
#534 = DIRECTION('',(-1.,-0.));
#535 = ( GEOMETRIC_REPRESENTATION_CONTEXT(2) 
PARAMETRIC_REPRESENTATION_CONTEXT() REPRESENTATION_CONTEXT('2D SPACE',''
  ) );
#536 = PCURVE('',#456,#537);
#537 = DEFINITIONAL_REPRESENTATION('',(#538),#542);
#538 = LINE('',#539,#540);
#539 = CARTESIAN_POINT('',(1.781945496639,0.));
#540 = VECTOR('',#541,1.);
#541 = DIRECTION('',(0.,-1.));
#542 = ( GEOMETRIC_REPRESENTATION_CONTEXT(2) 
PARAMETRIC_REPRESENTATION_CONTEXT() REPRESENTATION_CONTEXT('2D SPACE',''
  ) );
#543 = ADVANCED_FACE('',(#544),#430,.F.);
#544 = FACE_BOUND('',#545,.T.);
#545 = EDGE_LOOP('',(#546,#569,#590,#591));
#546 = ORIENTED_EDGE('',*,*,#547,.T.);
#547 = EDGE_CURVE('',#474,#548,#550,.T.);
#548 = VERTEX_POINT('',#549);
#549 = CARTESIAN_POINT('',(-28.66917148269,2.644756061871,
    -8.447640632795));
#550 = SURFACE_CURVE('',#551,(#555,#562),.PCURVE_S1.);
#551 = LINE('',#552,#553);
#552 = CARTESIAN_POINT('',(-28.66917148269,2.647553761097,
    -6.650942331491));
#553 = VECTOR('',#554,1.);
#554 = DIRECTION('',(0.,-1.557131674615E-03,-0.99999878767));
#555 = PCURVE('',#430,#556);
#556 = DEFINITIONAL_REPRESENTATION('',(#557),#561);
#557 = LINE('',#558,#559);
#558 = CARTESIAN_POINT('',(0.,0.));
#559 = VECTOR('',#560,1.);
#560 = DIRECTION('',(-0.,-1.));
#561 = ( GEOMETRIC_REPRESENTATION_CONTEXT(2) 
PARAMETRIC_REPRESENTATION_CONTEXT() REPRESENTATION_CONTEXT('2D SPACE',''
  ) );
#562 = PCURVE('',#489,#563);
#563 = DEFINITIONAL_REPRESENTATION('',(#564),#568);
#564 = LINE('',#565,#566);
#565 = CARTESIAN_POINT('',(17.703993201617,4.355640181041));
#566 = VECTOR('',#567,1.);
#567 = DIRECTION('',(-1.557131674615E-03,-0.99999878767));
#568 = ( GEOMETRIC_REPRESENTATION_CONTEXT(2) 
PARAMETRIC_REPRESENTATION_CONTEXT() REPRESENTATION_CONTEXT('2D SPACE',''
  ) );
#569 = ORIENTED_EDGE('',*,*,#570,.T.);
#570 = EDGE_CURVE('',#548,#415,#571,.T.);
#571 = SURFACE_CURVE('',#572,(#576,#583),.PCURVE_S1.);
#572 = LINE('',#573,#574);
#573 = CARTESIAN_POINT('',(-28.66917148269,2.644756061871,
    -8.447640632795));
#574 = VECTOR('',#575,1.);
#575 = DIRECTION('',(1.,0.,0.));
#576 = PCURVE('',#430,#577);
#577 = DEFINITIONAL_REPRESENTATION('',(#578),#582);
#578 = LINE('',#579,#580);
#579 = CARTESIAN_POINT('',(-0.,-1.796700479498));
#580 = VECTOR('',#581,1.);
#581 = DIRECTION('',(-1.,0.));
#582 = ( GEOMETRIC_REPRESENTATION_CONTEXT(2) 
PARAMETRIC_REPRESENTATION_CONTEXT() REPRESENTATION_CONTEXT('2D SPACE',''
  ) );
#583 = PCURVE('',#456,#584);
#584 = DEFINITIONAL_REPRESENTATION('',(#585),#589);
#585 = LINE('',#586,#587);
#586 = CARTESIAN_POINT('',(0.,0.));
#587 = VECTOR('',#588,1.);
#588 = DIRECTION('',(0.,-1.));
#589 = ( GEOMETRIC_REPRESENTATION_CONTEXT(2) 
PARAMETRIC_REPRESENTATION_CONTEXT() REPRESENTATION_CONTEXT('2D SPACE',''
  ) );
#590 = ORIENTED_EDGE('',*,*,#414,.F.);
#591 = ORIENTED_EDGE('',*,*,#501,.F.);
#592 = ADVANCED_FACE('',(#593),#456,.F.);
#593 = FACE_BOUND('',#594,.T.);
#594 = EDGE_LOOP('',(#595,#616,#617,#618));
#595 = ORIENTED_EDGE('',*,*,#596,.T.);
#596 = EDGE_CURVE('',#548,#472,#597,.T.);
#597 = SURFACE_CURVE('',#598,(#602,#609),.PCURVE_S1.);
#598 = LINE('',#599,#600);
#599 = CARTESIAN_POINT('',(-28.66917148269,2.644756061871,
    -8.447640632795));
#600 = VECTOR('',#601,1.);
#601 = DIRECTION('',(0.,-0.798351732172,0.602191424497));
#602 = PCURVE('',#456,#603);
#603 = DEFINITIONAL_REPRESENTATION('',(#604),#608);
#604 = LINE('',#605,#606);
#605 = CARTESIAN_POINT('',(0.,0.));
#606 = VECTOR('',#607,1.);
#607 = DIRECTION('',(1.,0.));
#608 = ( GEOMETRIC_REPRESENTATION_CONTEXT(2) 
PARAMETRIC_REPRESENTATION_CONTEXT() REPRESENTATION_CONTEXT('2D SPACE',''
  ) );
#609 = PCURVE('',#489,#610);
#610 = DEFINITIONAL_REPRESENTATION('',(#611),#615);
#611 = LINE('',#612,#613);
#612 = CARTESIAN_POINT('',(17.701195502391,2.558941879737));
#613 = VECTOR('',#614,1.);
#614 = DIRECTION('',(-0.798351732172,0.602191424497));
#615 = ( GEOMETRIC_REPRESENTATION_CONTEXT(2) 
PARAMETRIC_REPRESENTATION_CONTEXT() REPRESENTATION_CONTEXT('2D SPACE',''
  ) );
#616 = ORIENTED_EDGE('',*,*,#523,.T.);
#617 = ORIENTED_EDGE('',*,*,#442,.F.);
#618 = ORIENTED_EDGE('',*,*,#570,.F.);
#619 = ADVANCED_FACE('',(#620,#625),#489,.F.);
#620 = FACE_BOUND('',#621,.T.);
#621 = EDGE_LOOP('',(#622,#623,#624));
#622 = ORIENTED_EDGE('',*,*,#547,.F.);
#623 = ORIENTED_EDGE('',*,*,#471,.F.);
#624 = ORIENTED_EDGE('',*,*,#596,.F.);
#625 = FACE_BOUND('',#626,.T.);
#626 = EDGE_LOOP('',(#627,#657,#685,#708,#731,#754));
#627 = ORIENTED_EDGE('',*,*,#628,.F.);
#628 = EDGE_CURVE('',#629,#631,#633,.T.);
#629 = VERTEX_POINT('',#630);
#630 = CARTESIAN_POINT('',(-28.66917148269,1.033759967001,
    -2.625777162398));
#631 = VERTEX_POINT('',#632);
#632 = CARTESIAN_POINT('',(-28.66917148269,1.033759967001,
    11.006582512532));
#633 = SURFACE_CURVE('',#634,(#638,#645),.PCURVE_S1.);
#634 = LINE('',#635,#636);
#635 = CARTESIAN_POINT('',(-28.66917148269,1.033759967001,
    -2.625777162398));
#636 = VECTOR('',#637,1.);
#637 = DIRECTION('',(0.,0.,1.));
#638 = PCURVE('',#489,#639);
#639 = DEFINITIONAL_REPRESENTATION('',(#640),#644);
#640 = LINE('',#641,#642);
#641 = CARTESIAN_POINT('',(16.090199407521,8.380805350134));
#642 = VECTOR('',#643,1.);
#643 = DIRECTION('',(0.,1.));
#644 = ( GEOMETRIC_REPRESENTATION_CONTEXT(2) 
PARAMETRIC_REPRESENTATION_CONTEXT() REPRESENTATION_CONTEXT('2D SPACE',''
  ) );
#645 = PCURVE('',#646,#651);
#646 = PLANE('',#647);
#647 = AXIS2_PLACEMENT_3D('',#648,#649,#650);
#648 = CARTESIAN_POINT('',(-25.87408817446,1.033759967001,5.726051430352
    ));
#649 = DIRECTION('',(-0.,1.,0.));
#650 = DIRECTION('',(1.,0.,0.));
#651 = DEFINITIONAL_REPRESENTATION('',(#652),#656);
#652 = LINE('',#653,#654);
#653 = CARTESIAN_POINT('',(-2.79508330823,8.351828592749));
#654 = VECTOR('',#655,1.);
#655 = DIRECTION('',(0.,-1.));
#656 = ( GEOMETRIC_REPRESENTATION_CONTEXT(2) 
PARAMETRIC_REPRESENTATION_CONTEXT() REPRESENTATION_CONTEXT('2D SPACE',''
  ) );
#657 = ORIENTED_EDGE('',*,*,#658,.F.);
#658 = EDGE_CURVE('',#659,#629,#661,.T.);
#659 = VERTEX_POINT('',#660);
#660 = CARTESIAN_POINT('',(-28.66917148269,15.05643944052,
    -2.625777162398));
#661 = SURFACE_CURVE('',#662,(#666,#673),.PCURVE_S1.);
#662 = LINE('',#663,#664);
#663 = CARTESIAN_POINT('',(-28.66917148269,15.05643944052,
    -2.625777162398));
#664 = VECTOR('',#665,1.);
#665 = DIRECTION('',(0.,-1.,0.));
#666 = PCURVE('',#489,#667);
#667 = DEFINITIONAL_REPRESENTATION('',(#668),#672);
#668 = LINE('',#669,#670);
#669 = CARTESIAN_POINT('',(30.11287888104,8.380805350134));
#670 = VECTOR('',#671,1.);
#671 = DIRECTION('',(-1.,0.));
#672 = ( GEOMETRIC_REPRESENTATION_CONTEXT(2) 
PARAMETRIC_REPRESENTATION_CONTEXT() REPRESENTATION_CONTEXT('2D SPACE',''
  ) );
#673 = PCURVE('',#674,#679);
#674 = PLANE('',#675);
#675 = AXIS2_PLACEMENT_3D('',#676,#677,#678);
#676 = CARTESIAN_POINT('',(-20.00770735566,15.05643944052,
    11.006582512532));
#677 = DIRECTION('',(0.844044738634,0.,-0.536272765656));
#678 = DIRECTION('',(0.,-1.,0.));
#679 = DEFINITIONAL_REPRESENTATION('',(#680),#684);
#680 = LINE('',#681,#682);
#681 = CARTESIAN_POINT('',(-0.,16.151228780822));
#682 = VECTOR('',#683,1.);
#683 = DIRECTION('',(1.,0.));
#684 = ( GEOMETRIC_REPRESENTATION_CONTEXT(2) 
PARAMETRIC_REPRESENTATION_CONTEXT() REPRESENTATION_CONTEXT('2D SPACE',''
  ) );
#685 = ORIENTED_EDGE('',*,*,#686,.F.);
#686 = EDGE_CURVE('',#687,#659,#689,.T.);
#687 = VERTEX_POINT('',#688);
#688 = CARTESIAN_POINT('',(-28.66917148269,15.05643944052,
    -11.00658251253));
#689 = SURFACE_CURVE('',#690,(#694,#701),.PCURVE_S1.);
#690 = LINE('',#691,#692);
#691 = CARTESIAN_POINT('',(-28.66917148269,15.05643944052,
    -11.00658251253));
#692 = VECTOR('',#693,1.);
#693 = DIRECTION('',(0.,0.,1.));
#694 = PCURVE('',#489,#695);
#695 = DEFINITIONAL_REPRESENTATION('',(#696),#700);
#696 = LINE('',#697,#698);
#697 = CARTESIAN_POINT('',(30.11287888104,0.));
#698 = VECTOR('',#699,1.);
#699 = DIRECTION('',(0.,1.));
#700 = ( GEOMETRIC_REPRESENTATION_CONTEXT(2) 
PARAMETRIC_REPRESENTATION_CONTEXT() REPRESENTATION_CONTEXT('2D SPACE',''
  ) );
#701 = PCURVE('',#126,#702);
#702 = DEFINITIONAL_REPRESENTATION('',(#703),#707);
#703 = LINE('',#704,#705);
#704 = CARTESIAN_POINT('',(0.,0.));
#705 = VECTOR('',#706,1.);
#706 = DIRECTION('',(0.,-1.));
#707 = ( GEOMETRIC_REPRESENTATION_CONTEXT(2) 
PARAMETRIC_REPRESENTATION_CONTEXT() REPRESENTATION_CONTEXT('2D SPACE',''
  ) );
#708 = ORIENTED_EDGE('',*,*,#709,.F.);
#709 = EDGE_CURVE('',#710,#687,#712,.T.);
#710 = VERTEX_POINT('',#711);
#711 = CARTESIAN_POINT('',(-28.66917148269,-13.24716936576,
    -11.00658251253));
#712 = SURFACE_CURVE('',#713,(#717,#724),.PCURVE_S1.);
#713 = LINE('',#714,#715);
#714 = CARTESIAN_POINT('',(-28.66917148269,-15.05643944052,
    -11.00658251253));
#715 = VECTOR('',#716,1.);
#716 = DIRECTION('',(0.,1.,0.));
#717 = PCURVE('',#489,#718);
#718 = DEFINITIONAL_REPRESENTATION('',(#719),#723);
#719 = LINE('',#720,#721);
#720 = CARTESIAN_POINT('',(0.,0.));
#721 = VECTOR('',#722,1.);
#722 = DIRECTION('',(1.,0.));
#723 = ( GEOMETRIC_REPRESENTATION_CONTEXT(2) 
PARAMETRIC_REPRESENTATION_CONTEXT() REPRESENTATION_CONTEXT('2D SPACE',''
  ) );
#724 = PCURVE('',#364,#725);
#725 = DEFINITIONAL_REPRESENTATION('',(#726),#730);
#726 = LINE('',#727,#728);
#727 = CARTESIAN_POINT('',(0.,0.));
#728 = VECTOR('',#729,1.);
#729 = DIRECTION('',(0.,1.));
#730 = ( GEOMETRIC_REPRESENTATION_CONTEXT(2) 
PARAMETRIC_REPRESENTATION_CONTEXT() REPRESENTATION_CONTEXT('2D SPACE',''
  ) );
#731 = ORIENTED_EDGE('',*,*,#732,.T.);
#732 = EDGE_CURVE('',#710,#733,#735,.T.);
#733 = VERTEX_POINT('',#734);
#734 = CARTESIAN_POINT('',(-28.66917148269,-13.24716936576,
    11.006582512532));
#735 = SURFACE_CURVE('',#736,(#740,#747),.PCURVE_S1.);
#736 = LINE('',#737,#738);
#737 = CARTESIAN_POINT('',(-28.66917148269,-13.24716936576,
    -11.00658251253));
#738 = VECTOR('',#739,1.);
#739 = DIRECTION('',(0.,0.,1.));
#740 = PCURVE('',#489,#741);
#741 = DEFINITIONAL_REPRESENTATION('',(#742),#746);
#742 = LINE('',#743,#744);
#743 = CARTESIAN_POINT('',(1.809270074759,0.));
#744 = VECTOR('',#745,1.);
#745 = DIRECTION('',(0.,1.));
#746 = ( GEOMETRIC_REPRESENTATION_CONTEXT(2) 
PARAMETRIC_REPRESENTATION_CONTEXT() REPRESENTATION_CONTEXT('2D SPACE',''
  ) );
#747 = PCURVE('',#338,#748);
#748 = DEFINITIONAL_REPRESENTATION('',(#749),#753);
#749 = LINE('',#750,#751);
#750 = CARTESIAN_POINT('',(0.,0.));
#751 = VECTOR('',#752,1.);
#752 = DIRECTION('',(0.,1.));
#753 = ( GEOMETRIC_REPRESENTATION_CONTEXT(2) 
PARAMETRIC_REPRESENTATION_CONTEXT() REPRESENTATION_CONTEXT('2D SPACE',''
  ) );
#754 = ORIENTED_EDGE('',*,*,#755,.T.);
#755 = EDGE_CURVE('',#733,#631,#756,.T.);
#756 = SURFACE_CURVE('',#757,(#761,#768),.PCURVE_S1.);
#757 = LINE('',#758,#759);
#758 = CARTESIAN_POINT('',(-28.66917148269,-15.05643944052,
    11.006582512532));
#759 = VECTOR('',#760,1.);
#760 = DIRECTION('',(0.,1.,0.));
#761 = PCURVE('',#489,#762);
#762 = DEFINITIONAL_REPRESENTATION('',(#763),#767);
#763 = LINE('',#764,#765);
#764 = CARTESIAN_POINT('',(0.,22.013165025063));
#765 = VECTOR('',#766,1.);
#766 = DIRECTION('',(1.,0.));
#767 = ( GEOMETRIC_REPRESENTATION_CONTEXT(2) 
PARAMETRIC_REPRESENTATION_CONTEXT() REPRESENTATION_CONTEXT('2D SPACE',''
  ) );
#768 = PCURVE('',#310,#769);
#769 = DEFINITIONAL_REPRESENTATION('',(#770),#774);
#770 = LINE('',#771,#772);
#771 = CARTESIAN_POINT('',(0.,0.));
#772 = VECTOR('',#773,1.);
#773 = DIRECTION('',(0.,1.));
#774 = ( GEOMETRIC_REPRESENTATION_CONTEXT(2) 
PARAMETRIC_REPRESENTATION_CONTEXT() REPRESENTATION_CONTEXT('2D SPACE',''
  ) );
#775 = ADVANCED_FACE('',(#776,#811),#364,.F.);
#776 = FACE_BOUND('',#777,.T.);
#777 = EDGE_LOOP('',(#778));
#778 = ORIENTED_EDGE('',*,*,#779,.F.);
#779 = EDGE_CURVE('',#780,#780,#782,.T.);
#780 = VERTEX_POINT('',#781);
#781 = CARTESIAN_POINT('',(-12.19685340191,7.896385039413,
    -11.00658251253));
#782 = SURFACE_CURVE('',#783,(#788,#799),.PCURVE_S1.);
#783 = CIRCLE('',#784,2.145892361534);
#784 = AXIS2_PLACEMENT_3D('',#785,#786,#787);
#785 = CARTESIAN_POINT('',(-10.05096104038,7.896385039413,
    -11.00658251253));
#786 = DIRECTION('',(0.,0.,-1.));
#787 = DIRECTION('',(-1.,0.,0.));
#788 = PCURVE('',#364,#789);
#789 = DEFINITIONAL_REPRESENTATION('',(#790),#798);
#790 = ( BOUNDED_CURVE() B_SPLINE_CURVE(2,(#791,#792,#793,#794,#795,#796
,#797),.UNSPECIFIED.,.T.,.F.) B_SPLINE_CURVE_WITH_KNOTS((1,2,2,2,2,1),(
    -2.094395102393,0.,2.094395102393,4.188790204786,6.28318530718,
8.377580409573),.UNSPECIFIED.) CURVE() GEOMETRIC_REPRESENTATION_ITEM() 
RATIONAL_B_SPLINE_CURVE((1.,0.5,1.,0.5,1.,0.5,1.)) REPRESENTATION_ITEM(
  '') );
#791 = CARTESIAN_POINT('',(16.472318080776,22.952824479933));
#792 = CARTESIAN_POINT('',(16.472318080776,26.669619077684));
#793 = CARTESIAN_POINT('',(19.691156623077,24.811221778808));
#794 = CARTESIAN_POINT('',(22.909995165378,22.952824479933));
#795 = CARTESIAN_POINT('',(19.691156623077,21.094427181058));
#796 = CARTESIAN_POINT('',(16.472318080776,19.236029882182));
#797 = CARTESIAN_POINT('',(16.472318080776,22.952824479933));
#798 = ( GEOMETRIC_REPRESENTATION_CONTEXT(2) 
PARAMETRIC_REPRESENTATION_CONTEXT() REPRESENTATION_CONTEXT('2D SPACE',''
  ) );
#799 = PCURVE('',#800,#805);
#800 = CYLINDRICAL_SURFACE('',#801,2.145892361534);
#801 = AXIS2_PLACEMENT_3D('',#802,#803,#804);
#802 = CARTESIAN_POINT('',(-10.05096104038,7.896385039413,
    -11.00658251253));
#803 = DIRECTION('',(0.,0.,-1.));
#804 = DIRECTION('',(-1.,0.,0.));
#805 = DEFINITIONAL_REPRESENTATION('',(#806),#810);
#806 = LINE('',#807,#808);
#807 = CARTESIAN_POINT('',(0.,0.));
#808 = VECTOR('',#809,1.);
#809 = DIRECTION('',(1.,0.));
#810 = ( GEOMETRIC_REPRESENTATION_CONTEXT(2) 
PARAMETRIC_REPRESENTATION_CONTEXT() REPRESENTATION_CONTEXT('2D SPACE',''
  ) );
#811 = FACE_BOUND('',#812,.T.);
#812 = EDGE_LOOP('',(#813,#836,#857,#858,#880));
#813 = ORIENTED_EDGE('',*,*,#814,.T.);
#814 = EDGE_CURVE('',#687,#815,#817,.T.);
#815 = VERTEX_POINT('',#816);
#816 = CARTESIAN_POINT('',(28.669171482696,15.05643944052,
    -11.00658251253));
#817 = SURFACE_CURVE('',#818,(#822,#829),.PCURVE_S1.);
#818 = LINE('',#819,#820);
#819 = CARTESIAN_POINT('',(-28.66917148269,15.05643944052,
    -11.00658251253));
#820 = VECTOR('',#821,1.);
#821 = DIRECTION('',(1.,0.,0.));
#822 = PCURVE('',#364,#823);
#823 = DEFINITIONAL_REPRESENTATION('',(#824),#828);
#824 = LINE('',#825,#826);
#825 = CARTESIAN_POINT('',(0.,30.11287888104));
#826 = VECTOR('',#827,1.);
#827 = DIRECTION('',(1.,0.));
#828 = ( GEOMETRIC_REPRESENTATION_CONTEXT(2) 
PARAMETRIC_REPRESENTATION_CONTEXT() REPRESENTATION_CONTEXT('2D SPACE',''
  ) );
#829 = PCURVE('',#126,#830);
#830 = DEFINITIONAL_REPRESENTATION('',(#831),#835);
#831 = LINE('',#832,#833);
#832 = CARTESIAN_POINT('',(0.,0.));
#833 = VECTOR('',#834,1.);
#834 = DIRECTION('',(1.,0.));
#835 = ( GEOMETRIC_REPRESENTATION_CONTEXT(2) 
PARAMETRIC_REPRESENTATION_CONTEXT() REPRESENTATION_CONTEXT('2D SPACE',''
  ) );
#836 = ORIENTED_EDGE('',*,*,#837,.F.);
#837 = EDGE_CURVE('',#265,#815,#838,.T.);
#838 = SURFACE_CURVE('',#839,(#843,#850),.PCURVE_S1.);
#839 = LINE('',#840,#841);
#840 = CARTESIAN_POINT('',(28.669171482696,-15.05643944052,
    -11.00658251253));
#841 = VECTOR('',#842,1.);
#842 = DIRECTION('',(0.,1.,0.));
#843 = PCURVE('',#364,#844);
#844 = DEFINITIONAL_REPRESENTATION('',(#845),#849);
#845 = LINE('',#846,#847);
#846 = CARTESIAN_POINT('',(57.338342965388,0.));
#847 = VECTOR('',#848,1.);
#848 = DIRECTION('',(0.,1.));
#849 = ( GEOMETRIC_REPRESENTATION_CONTEXT(2) 
PARAMETRIC_REPRESENTATION_CONTEXT() REPRESENTATION_CONTEXT('2D SPACE',''
  ) );
#850 = PCURVE('',#282,#851);
#851 = DEFINITIONAL_REPRESENTATION('',(#852),#856);
#852 = LINE('',#853,#854);
#853 = CARTESIAN_POINT('',(0.,0.));
#854 = VECTOR('',#855,1.);
#855 = DIRECTION('',(1.,0.));
#856 = ( GEOMETRIC_REPRESENTATION_CONTEXT(2) 
PARAMETRIC_REPRESENTATION_CONTEXT() REPRESENTATION_CONTEXT('2D SPACE',''
  ) );
#857 = ORIENTED_EDGE('',*,*,#350,.F.);
#858 = ORIENTED_EDGE('',*,*,#859,.F.);
#859 = EDGE_CURVE('',#710,#323,#860,.T.);
#860 = SURFACE_CURVE('',#861,(#866,#873),.PCURVE_S1.);
#861 = CIRCLE('',#862,1.809270074759);
#862 = AXIS2_PLACEMENT_3D('',#863,#864,#865);
#863 = CARTESIAN_POINT('',(-26.85990140793,-13.24716936576,
    -11.00658251253));
#864 = DIRECTION('',(0.,0.,1.));
#865 = DIRECTION('',(0.,-1.,0.));
#866 = PCURVE('',#364,#867);
#867 = DEFINITIONAL_REPRESENTATION('',(#868),#872);
#868 = CIRCLE('',#869,1.809270074759);
#869 = AXIS2_PLACEMENT_2D('',#870,#871);
#870 = CARTESIAN_POINT('',(1.809270074759,1.809270074759));
#871 = DIRECTION('',(0.,-1.));
#872 = ( GEOMETRIC_REPRESENTATION_CONTEXT(2) 
PARAMETRIC_REPRESENTATION_CONTEXT() REPRESENTATION_CONTEXT('2D SPACE',''
  ) );
#873 = PCURVE('',#338,#874);
#874 = DEFINITIONAL_REPRESENTATION('',(#875),#879);
#875 = LINE('',#876,#877);
#876 = CARTESIAN_POINT('',(-4.712388980385,0.));
#877 = VECTOR('',#878,1.);
#878 = DIRECTION('',(1.,0.));
#879 = ( GEOMETRIC_REPRESENTATION_CONTEXT(2) 
PARAMETRIC_REPRESENTATION_CONTEXT() REPRESENTATION_CONTEXT('2D SPACE',''
  ) );
#880 = ORIENTED_EDGE('',*,*,#709,.T.);
#881 = ADVANCED_FACE('',(#882),#800,.F.);
#882 = FACE_BOUND('',#883,.F.);
#883 = EDGE_LOOP('',(#884,#1389,#1409,#1410));
#884 = ORIENTED_EDGE('',*,*,#885,.T.);
#885 = EDGE_CURVE('',#886,#886,#888,.T.);
#886 = VERTEX_POINT('',#887);
#887 = CARTESIAN_POINT('',(-12.19685340191,7.896385039413,3.319796471749
    ));
#888 = SURFACE_CURVE('',#889,(#1018,#1201),.PCURVE_S1.);
#889 = B_SPLINE_CURVE_WITH_KNOTS('',7,(#890,#891,#892,#893,#894,#895,
    #896,#897,#898,#899,#900,#901,#902,#903,#904,#905,#906,#907,#908,
    #909,#910,#911,#912,#913,#914,#915,#916,#917,#918,#919,#920,#921,
    #922,#923,#924,#925,#926,#927,#928,#929,#930,#931,#932,#933,#934,
    #935,#936,#937,#938,#939,#940,#941,#942,#943,#944,#945,#946,#947,
    #948,#949,#950,#951,#952,#953,#954,#955,#956,#957,#958,#959,#960,
    #961,#962,#963,#964,#965,#966,#967,#968,#969,#970,#971,#972,#973,
    #974,#975,#976,#977,#978,#979,#980,#981,#982,#983,#984,#985,#986,
    #987,#988,#989,#990,#991,#992,#993,#994,#995,#996,#997,#998,#999,
    #1000,#1001,#1002,#1003,#1004,#1005,#1006,#1007,#1008,#1009,#1010,
    #1011,#1012,#1013,#1014,#1015,#1016,#1017),.UNSPECIFIED.,.T.,.F.,(1,
    7,6,6,6,6,6,6,6,6,6,6,6,6,6,6,6,6,6,6,6,6,7,1),(-0.110473712135,0.,
    5.606679631895E-02,9.670891593237E-02,0.135488359974,0.156349470339,
    0.178709003679,0.226900415284,0.274520187029,0.319079517792,
    0.356496202675,0.396463283302,0.446008753235,0.563141816587,
    0.634466625523,0.680127856312,0.706808565044,0.74627426976,
    0.774500480228,0.799734855931,0.821273277612,0.889526287865,1.,
    1.056066796319),.UNSPECIFIED.);
#890 = CARTESIAN_POINT('',(-12.19685340191,7.896385039413,3.319796471749
    ));
#891 = CARTESIAN_POINT('',(-12.19685339982,8.000690881076,3.222638115511
    ));
#892 = CARTESIAN_POINT('',(-12.19093843522,8.107134112206,3.126572535114
    ));
#893 = CARTESIAN_POINT('',(-12.17867199254,8.215233459438,3.032112949299
    ));
#894 = CARTESIAN_POINT('',(-12.15966542794,8.324462480483,2.939725788928
    ));
#895 = CARTESIAN_POINT('',(-12.13357817104,8.434250349154,2.849831340645
    ));
#896 = CARTESIAN_POINT('',(-12.10011792663,8.543982640387,2.762804390531
    ));
#897 = CARTESIAN_POINT('',(-12.02926463629,8.732028969468,2.618207894889
    ));
#898 = CARTESIAN_POINT('',(-11.99551097665,8.810614873226,2.559172138539
    ));
#899 = CARTESIAN_POINT('',(-11.95774396756,8.888391615852,2.502080503731
    ));
#900 = CARTESIAN_POINT('',(-11.91597447958,8.96499201843,2.44711126864)
  );
#901 = CARTESIAN_POINT('',(-11.87026069702,9.040055232204,2.394410799889
    ));
#902 = CARTESIAN_POINT('',(-11.82070863128,9.113232036976,2.344096267832
    ));
#903 = CARTESIAN_POINT('',(-11.71667650459,9.251896149716,2.250612922663
    ));
#904 = CARTESIAN_POINT('',(-11.66255554067,9.317543248558,2.207248619105
    ));
#905 = CARTESIAN_POINT('',(-11.60524281785,9.38085841058,2.166232052589)
  );
#906 = CARTESIAN_POINT('',(-11.54490578584,9.441584130269,2.127608950161
    ));
#907 = CARTESIAN_POINT('',(-11.48174621328,9.499482937305,2.09140668142)
  );
#908 = CARTESIAN_POINT('',(-11.41600013241,9.554341911828,2.057636775441
    ));
#909 = CARTESIAN_POINT('',(-11.31132415495,9.63375401461,2.009438676598)
  );
#910 = CARTESIAN_POINT('',(-11.27403361798,9.660603053935,1.993280239341
    ));
#911 = CARTESIAN_POINT('',(-11.23609910542,9.68650165903,1.977818149412)
  );
#912 = CARTESIAN_POINT('',(-11.19755488086,9.711428917849,1.963048077589
    ));
#913 = CARTESIAN_POINT('',(-11.15843653884,9.735365664948,1.948965341961
    ));
#914 = CARTESIAN_POINT('',(-11.11878100488,9.75829448149,1.935564907927)
  );
#915 = CARTESIAN_POINT('',(-11.03558782935,9.803678328388,1.909203956694
    ));
#916 = CARTESIAN_POINT('',(-10.99197543837,9.825981381551,1.896344074927
    ));
#917 = CARTESIAN_POINT('',(-10.94782889899,9.847093727074,1.884252778322
    ));
#918 = CARTESIAN_POINT('',(-10.90318833331,9.867001886264,1.872921456144
    ));
#919 = CARTESIAN_POINT('',(-10.85809444902,9.885694029394,1.862341851494
    ));
#920 = CARTESIAN_POINT('',(-10.81258853943,9.903159975703,1.852506061307
    ));
#921 = CARTESIAN_POINT('',(-10.66783600583,9.954374271124,1.823794367108
    ));
#922 = CARTESIAN_POINT('',(-10.56725847999,9.983615322441,1.807606085021
    ));
#923 = CARTESIAN_POINT('',(-10.4653274526,10.007059061956,1.794749799807
    ));
#924 = CARTESIAN_POINT('',(-10.36238870719,10.024665132925,1.78515594805
    ));
#925 = CARTESIAN_POINT('',(-10.25878643032,10.036408093161,
    1.778777337419));
#926 = CARTESIAN_POINT('',(-10.1548633777,10.042277400947,1.775589190874
    ));
#927 = CARTESIAN_POINT('',(-9.948291178217,10.042277400947,
    1.775589190874));
#928 = CARTESIAN_POINT('',(-9.84560183912,10.036546508894,1.778702150251
    ));
#929 = CARTESIAN_POINT('',(-9.743222105486,10.025080682861,
    1.784930227767));
#930 = CARTESIAN_POINT('',(-9.641482284094,10.007889945054,
    1.794297056206));
#931 = CARTESIAN_POINT('',(-9.540714066558,9.984998400648,1.806847705218
    ));
#932 = CARTESIAN_POINT('',(-9.441250689787,9.956444256622,1.822648644152
    ));
#933 = CARTESIAN_POINT('',(-9.251890457495,9.890311112936,1.85969673106)
  );
#934 = CARTESIAN_POINT('',(-9.161753592432,9.853417287672,1.880535848127
    ));
#935 = CARTESIAN_POINT('',(-9.073386819223,9.811667565986,1.904362097639
    ));
#936 = CARTESIAN_POINT('',(-8.987143734163,9.765167057876,1.931234975271
    ));
#937 = CARTESIAN_POINT('',(-8.903360736328,9.714053802253,1.961214547102
    ));
#938 = CARTESIAN_POINT('',(-8.822356552034,9.658495787037,1.994359565889
    ));
#939 = CARTESIAN_POINT('',(-8.678997935135,9.548467056316,2.061262310883
    ));
#940 = CARTESIAN_POINT('',(-8.615745467664,9.495257343289,2.094065413373
    ));
#941 = CARTESIAN_POINT('',(-8.554916262751,9.439226716789,2.129135355101
    ));
#942 = CARTESIAN_POINT('',(-8.496722238661,9.380568220138,2.166460803367
    ));
#943 = CARTESIAN_POINT('',(-8.441345304293,9.319496253795,2.206016501337
    ));
#944 = CARTESIAN_POINT('',(-8.388937337416,9.256242775786,2.247761136922
    ));
#945 = CARTESIAN_POINT('',(-8.286941431572,9.121420797778,2.338499830651
    ));
#946 = CARTESIAN_POINT('',(-8.237817621088,9.049617011847,2.387768682582
    ));
#947 = CARTESIAN_POINT('',(-8.192398887178,8.975958090836,2.439356559796
    ));
#948 = CARTESIAN_POINT('',(-8.150789930942,8.900776244747,2.493153439186
    ));
#949 = CARTESIAN_POINT('',(-8.113050456772,8.824415018913,2.549021941279
    ));
#950 = CARTESIAN_POINT('',(-8.07919563026,8.747224365839,2.606794789348)
  );
#951 = CARTESIAN_POINT('',(-8.012007950067,8.573273235481,2.740003939927
    ));
#952 = CARTESIAN_POINT('',(-7.980773034884,8.476329890151,2.816298743582
    ));
#953 = CARTESIAN_POINT('',(-7.955344146415,8.379200212149,2.894921118033
    ));
#954 = CARTESIAN_POINT('',(-7.935536744956,8.282335577508,2.975604221122
    ));
#955 = CARTESIAN_POINT('',(-7.921129693125,8.186162875964,3.058049171178
    ));
#956 = CARTESIAN_POINT('',(-7.911865553738,8.091083179712,3.141924288208
    ));
#957 = CARTESIAN_POINT('',(-7.897013942413,7.776155522109,3.427675587997
    ));
#958 = CARTESIAN_POINT('',(-7.913695212167,7.56333515257,3.634171747075)
  );
#959 = CARTESIAN_POINT('',(-7.953355568151,7.361014264122,3.844135145423
    ));
#960 = CARTESIAN_POINT('',(-8.012846396292,7.170080923348,4.05564528555)
  );
#961 = CARTESIAN_POINT('',(-8.089865625427,6.990889691791,4.26703388431)
  );
#962 = CARTESIAN_POINT('',(-8.182866086466,6.823630411548,4.47663475875)
  );
#963 = CARTESIAN_POINT('',(-8.356864635606,6.574213144921,4.807430950794
    ));
#964 = CARTESIAN_POINT('',(-8.428271492091,6.484442946145,4.931026516559
    ));
#965 = CARTESIAN_POINT('',(-8.505231390987,6.399059087931,5.052915229214
    ));
#966 = CARTESIAN_POINT('',(-8.587898061129,6.317992180587,5.172804257578
    ));
#967 = CARTESIAN_POINT('',(-8.676510248161,6.241367832706,5.29009034044)
  );
#968 = CARTESIAN_POINT('',(-8.771324615444,6.16952203927,5.403732326458)
  );
#969 = CARTESIAN_POINT('',(-8.937355851624,6.060424707604,5.581510559417
    ));
#970 = CARTESIAN_POINT('',(-9.004867192119,6.019975299247,5.648831896921
    ));
#971 = CARTESIAN_POINT('',(-9.075273530207,5.98173351946,5.713783592798)
  );
#972 = CARTESIAN_POINT('',(-9.148745508944,5.945861747572,5.775902687767
    ));
#973 = CARTESIAN_POINT('',(-9.225434585184,5.912594594789,5.834558372214
    ));
#974 = CARTESIAN_POINT('',(-9.305471344951,5.882234254839,5.888949517095
    ));
#975 = CARTESIAN_POINT('',(-9.437750431422,5.839334426914,5.966829622285
    ));
#976 = CARTESIAN_POINT('',(-9.487779552569,5.824612765003,5.993802752932
    ));
#977 = CARTESIAN_POINT('',(-9.538979919776,5.81110361962,6.01876619354)
  );
#978 = CARTESIAN_POINT('',(-9.591283921328,5.798908296211,6.041472397226
    ));
#979 = CARTESIAN_POINT('',(-9.644627959481,5.788119913178,6.06168660654)
  );
#980 = CARTESIAN_POINT('',(-9.698952559312,5.77882603743,6.079187629992)
  );
#981 = CARTESIAN_POINT('',(-9.835927329058,5.759699825385,6.115336598461
    ));
#982 = CARTESIAN_POINT('',(-9.919665372959,5.751745093199,6.130512566594
    ));
#983 = CARTESIAN_POINT('',(-10.00458391515,5.747610712162,6.138458083482
    ));
#984 = CARTESIAN_POINT('',(-10.08990444241,5.747461725925,6.13874445542)
  );
#985 = CARTESIAN_POINT('',(-10.17486730281,5.75130177966,6.131361958765)
  );
#986 = CARTESIAN_POINT('',(-10.25869640367,5.758973831132,6.116719444517
    ));
#987 = CARTESIAN_POINT('',(-10.39911628188,5.778099427413,6.080554063606
    ));
#988 = CARTESIAN_POINT('',(-10.4566372884,5.787849978039,6.062185457816)
  );
#989 = CARTESIAN_POINT('',(-10.51306344296,5.799276142217,6.040772072573
    ));
#990 = CARTESIAN_POINT('',(-10.5683261223,5.812274838252,6.016574833976)
  );
#991 = CARTESIAN_POINT('',(-10.62235171887,5.826736404571,5.989870981592
    ));
#992 = CARTESIAN_POINT('',(-10.67506177628,5.842541165667,5.960953022552
    ));
#993 = CARTESIAN_POINT('',(-10.772245731,5.874767344731,5.902569677726)
  );
#994 = CARTESIAN_POINT('',(-10.81706848947,5.89096838468,5.873446314159)
  );
#995 = CARTESIAN_POINT('',(-10.86085926012,5.908096864224,5.842918779534
    ));
#996 = CARTESIAN_POINT('',(-10.90363786956,5.926096984235,5.811132804454
    ));
#997 = CARTESIAN_POINT('',(-10.94542604847,5.944919399655,5.778218672901
    ));
#998 = CARTESIAN_POINT('',(-10.98624736904,5.964521219029,5.744291229571
    ));
#999 = CARTESIAN_POINT('',(-11.06016599716,6.002230989154,5.679711583723
    ));
#1000 = CARTESIAN_POINT('',(-11.09352500644,6.020140469717,
    5.649302210011));
#1001 = CARTESIAN_POINT('',(-11.12621901723,6.038571704586,
    5.618283540043));
#1002 = CARTESIAN_POINT('',(-11.15826355394,6.057505474177,
    5.586709821583));
#1003 = CARTESIAN_POINT('',(-11.18967485851,6.076926080462,
    5.554627776191));
#1004 = CARTESIAN_POINT('',(-11.22046989039,6.096821346966,
    5.522076599238));
#1005 = CARTESIAN_POINT('',(-11.34635568101,6.181705363931,
    5.384550404972));
#1006 = CARTESIAN_POINT('',(-11.4362146009,6.251030746914,5.275422452125
    ));
#1007 = CARTESIAN_POINT('',(-11.52043356616,6.324701419633,
    5.163048344084));
#1008 = CARTESIAN_POINT('',(-11.59923440252,6.40243973171,5.04830826549)
  );
#1009 = CARTESIAN_POINT('',(-11.67281947408,6.484142048461,
    4.931723860357));
#1010 = CARTESIAN_POINT('',(-11.74131862263,6.569864916716,
    4.813561314375));
#1011 = CARTESIAN_POINT('',(-11.90737718006,6.805376182997,
    4.500301066745));
#1012 = CARTESIAN_POINT('',(-11.99654357359,6.961768651464,
    4.303124679961));
#1013 = CARTESIAN_POINT('',(-12.07159136514,7.128724738044,
    4.104247855051));
#1014 = CARTESIAN_POINT('',(-12.13131687505,7.30611488348,3.905038749444
    ));
#1015 = CARTESIAN_POINT('',(-12.17390570271,7.493717465386,
    3.706836279807));
#1016 = CARTESIAN_POINT('',(-12.1968533978,7.690936192608,3.511167081026
    ));
#1017 = CARTESIAN_POINT('',(-12.19685340191,7.896385039413,
    3.319796471749));
#1018 = PCURVE('',#800,#1019);
#1019 = DEFINITIONAL_REPRESENTATION('',(#1020),#1200);
#1020 = B_SPLINE_CURVE_WITH_KNOTS('',3,(#1021,#1022,#1023,#1024,#1025,
    #1026,#1027,#1028,#1029,#1030,#1031,#1032,#1033,#1034,#1035,#1036,
    #1037,#1038,#1039,#1040,#1041,#1042,#1043,#1044,#1045,#1046,#1047,
    #1048,#1049,#1050,#1051,#1052,#1053,#1054,#1055,#1056,#1057,#1058,
    #1059,#1060,#1061,#1062,#1063,#1064,#1065,#1066,#1067,#1068,#1069,
    #1070,#1071,#1072,#1073,#1074,#1075,#1076,#1077,#1078,#1079,#1080,
    #1081,#1082,#1083,#1084,#1085,#1086,#1087,#1088,#1089,#1090,#1091,
    #1092,#1093,#1094,#1095,#1096,#1097,#1098,#1099,#1100,#1101,#1102,
    #1103,#1104,#1105,#1106,#1107,#1108,#1109,#1110,#1111,#1112,#1113,
    #1114,#1115,#1116,#1117,#1118,#1119,#1120,#1121,#1122,#1123,#1124,
    #1125,#1126,#1127,#1128,#1129,#1130,#1131,#1132,#1133,#1134,#1135,
    #1136,#1137,#1138,#1139,#1140,#1141,#1142,#1143,#1144,#1145,#1146,
    #1147,#1148,#1149,#1150,#1151,#1152,#1153,#1154,#1155,#1156,#1157,
    #1158,#1159,#1160,#1161,#1162,#1163,#1164,#1165,#1166,#1167,#1168,
    #1169,#1170,#1171,#1172,#1173,#1174,#1175,#1176,#1177,#1178,#1179,
    #1180,#1181,#1182,#1183,#1184,#1185,#1186,#1187,#1188,#1189,#1190,
    #1191,#1192,#1193,#1194,#1195,#1196,#1197,#1198,#1199),
  .UNSPECIFIED.,.F.,.F.,(4,1,1,1,1,1,1,1,1,1,1,1,1,1,1,1,1,1,1,1,1,1,1,1
    ,1,1,1,1,1,1,1,1,1,1,1,1,1,1,1,1,1,1,1,1,1,1,1,1,1,1,1,1,1,1,1,1,1,1
    ,1,1,1,1,1,1,1,1,1,1,1,1,1,1,1,1,1,1,1,1,1,1,1,1,1,1,1,1,1,1,1,1,1,1
    ,1,1,1,1,1,1,1,1,1,1,1,1,1,1,1,1,1,1,1,1,1,1,1,1,1,1,1,1,1,1,1,1,1,1
    ,1,1,1,1,1,1,1,1,1,1,1,1,1,1,1,1,1,1,1,1,1,1,1,1,1,1,1,1,1,1,1,1,1,1
    ,1,1,1,1,1,1,1,1,1,1,1,1,1,1,1,1,4),(0.,5.681818181818E-03,
    1.136363636364E-02,1.704545454545E-02,2.272727272727E-02,
    2.840909090909E-02,3.409090909091E-02,3.977272727273E-02,
    4.545454545455E-02,5.113636363636E-02,5.681818181818E-02,6.25E-02,
    6.818181818182E-02,7.386363636364E-02,7.954545454545E-02,
    8.522727272727E-02,9.090909090909E-02,9.659090909091E-02,
    0.102272727273,0.107954545455,0.113636363636,0.119318181818,0.125,
    0.130681818182,0.136363636364,0.142045454545,0.147727272727,
    0.153409090909,0.159090909091,0.164772727273,0.170454545455,
    0.176136363636,0.181818181818,0.1875,0.193181818182,0.198863636364,
    0.204545454545,0.210227272727,0.215909090909,0.221590909091,
    0.227272727273,0.232954545455,0.238636363636,0.244318181818,0.25,
    0.255681818182,0.261363636364,0.267045454545,0.272727272727,
    0.278409090909,0.284090909091,0.289772727273,0.295454545455,
    0.301136363636,0.306818181818,0.3125,0.318181818182,0.323863636364,
    0.329545454545,0.335227272727,0.340909090909,0.346590909091,
    0.352272727273,0.357954545455,0.363636363636,0.369318181818,0.375,
    0.380681818182,0.386363636364,0.392045454545,0.397727272727,
    0.403409090909,0.409090909091,0.414772727273,0.420454545455,
    0.426136363636,0.431818181818,0.4375,0.443181818182,0.448863636364,
    0.454545454545,0.460227272727,0.465909090909,0.471590909091,
    0.477272727273,0.482954545455,0.488636363636,0.494318181818,0.5,
    0.505681818182,0.511363636364,0.517045454545,0.522727272727,
    0.528409090909,0.534090909091,0.539772727273,0.545454545455,
    0.551136363636,0.556818181818,0.5625,0.568181818182,0.573863636364,
    0.579545454545,0.585227272727,0.590909090909,0.596590909091,
    0.602272727273,0.607954545455,0.613636363636,0.619318181818,0.625,
    0.630681818182,0.636363636364,0.642045454545,0.647727272727,
    0.653409090909,0.659090909091,0.664772727273,0.670454545455,
    0.676136363636,0.681818181818,0.6875,0.693181818182,0.698863636364,
    0.704545454545,0.710227272727,0.715909090909,0.721590909091,
    0.727272727273,0.732954545455,0.738636363636,0.744318181818,0.75,
    0.755681818182,0.761363636364,0.767045454545,0.772727272727,
    0.778409090909,0.784090909091,0.789772727273,0.795454545455,
    0.801136363636,0.806818181818,0.8125,0.818181818182,0.823863636364,
    0.829545454545,0.835227272727,0.840909090909,0.846590909091,
    0.852272727273,0.857954545455,0.863636363636,0.869318181818,0.875,
    0.880681818182,0.886363636364,0.892045454545,0.897727272727,
    0.903409090909,0.909090909091,0.914772727273,0.920454545455,
    0.926136363636,0.931818181818,0.9375,0.943181818182,0.948863636364,
    0.954545454545,0.960227272727,0.965909090909,0.971590909091,
    0.977272727273,0.982954545455,0.988636363636,0.994318181818,1.),
  .QUASI_UNIFORM_KNOTS.);
#1021 = CARTESIAN_POINT('',(0.,-14.32637898428));
#1022 = CARTESIAN_POINT('',(1.149377590645E-02,-14.3034045391));
#1023 = CARTESIAN_POINT('',(3.46241677474E-02,-14.2576140711));
#1024 = CARTESIAN_POINT('',(6.974212348188E-02,-14.18950920362));
#1025 = CARTESIAN_POINT('',(0.105275846204,-14.1220923536));
#1026 = CARTESIAN_POINT('',(0.141220305989,-14.0554650499));
#1027 = CARTESIAN_POINT('',(0.177571458963,-13.98972515939));
#1028 = CARTESIAN_POINT('',(0.214326439654,-13.92496629223));
#1029 = CARTESIAN_POINT('',(0.25148330322,-13.86127829269));
#1030 = CARTESIAN_POINT('',(0.289041849594,-13.79874597451));
#1031 = CARTESIAN_POINT('',(0.327000632935,-13.73745379282));
#1032 = CARTESIAN_POINT('',(0.365368214088,-13.67746852493));
#1033 = CARTESIAN_POINT('',(0.404119820548,-13.61890629494));
#1034 = CARTESIAN_POINT('',(0.443212196744,-13.5619013669));
#1035 = CARTESIAN_POINT('',(0.482618497957,-13.50655311241));
#1036 = CARTESIAN_POINT('',(0.522308279809,-13.45295714009));
#1037 = CARTESIAN_POINT('',(0.562252937281,-13.40119701426));
#1038 = CARTESIAN_POINT('',(0.602422650621,-13.3513484433));
#1039 = CARTESIAN_POINT('',(0.64279172403,-13.30347299984));
#1040 = CARTESIAN_POINT('',(0.683318716828,-13.25764124399));
#1041 = CARTESIAN_POINT('',(0.723964045929,-13.21390951319));
#1042 = CARTESIAN_POINT('',(0.764705514135,-13.17230597947));
#1043 = CARTESIAN_POINT('',(0.805515753808,-13.13285700697));
#1044 = CARTESIAN_POINT('',(0.84636754792,-13.09558092901));
#1045 = CARTESIAN_POINT('',(0.887233383843,-13.06048918252));
#1046 = CARTESIAN_POINT('',(0.928080039222,-13.0275905628));
#1047 = CARTESIAN_POINT('',(0.968889574551,-12.99687490853));
#1048 = CARTESIAN_POINT('',(1.009656228286,-12.9683199083));
#1049 = CARTESIAN_POINT('',(1.050367118716,-12.94190696658));
#1050 = CARTESIAN_POINT('',(1.09100836269,-12.91761536356));
#1051 = CARTESIAN_POINT('',(1.131573399434,-12.89541832504));
#1052 = CARTESIAN_POINT('',(1.17206293064,-12.87528534871));
#1053 = CARTESIAN_POINT('',(1.212475784507,-12.85718812733));
#1054 = CARTESIAN_POINT('',(1.252809492252,-12.84109979169));
#1055 = CARTESIAN_POINT('',(1.293062389898,-12.82699404281));
#1056 = CARTESIAN_POINT('',(1.333246267038,-12.81484217327));
#1057 = CARTESIAN_POINT('',(1.373370171319,-12.80462021665));
#1058 = CARTESIAN_POINT('',(1.413443610496,-12.79630753851));
#1059 = CARTESIAN_POINT('',(1.453475816285,-12.78988721771));
#1060 = CARTESIAN_POINT('',(1.493475755913,-12.78534594543));
#1061 = CARTESIAN_POINT('',(1.53345307696,-12.78267406303));
#1062 = CARTESIAN_POINT('',(1.573414557901,-12.7818655268));
#1063 = CARTESIAN_POINT('',(1.61337773258,-12.78291802677));
#1064 = CARTESIAN_POINT('',(1.653357182393,-12.78583445713));
#1065 = CARTESIAN_POINT('',(1.693360519661,-12.79062129381));
#1066 = CARTESIAN_POINT('',(1.733397251503,-12.79728868126));
#1067 = CARTESIAN_POINT('',(1.773476477535,-12.80585041536));
#1068 = CARTESIAN_POINT('',(1.813607470969,-12.8163239114));
#1069 = CARTESIAN_POINT('',(1.853799904826,-12.82873033573));
#1070 = CARTESIAN_POINT('',(1.894062627632,-12.84309409751));
#1071 = CARTESIAN_POINT('',(1.934408610045,-12.85944473652));
#1072 = CARTESIAN_POINT('',(1.974847363341,-12.87781457269));
#1073 = CARTESIAN_POINT('',(2.015366377559,-12.898227452));
#1074 = CARTESIAN_POINT('',(2.055959260731,-12.92070943326));
#1075 = CARTESIAN_POINT('',(2.096619137351,-12.94528617467));
#1076 = CARTESIAN_POINT('',(2.137340219272,-12.97198341657));
#1077 = CARTESIAN_POINT('',(2.178117228301,-13.00082670371));
#1078 = CARTESIAN_POINT('',(2.218945320241,-13.03184105342));
#1079 = CARTESIAN_POINT('',(2.259820243627,-13.06505160049));
#1080 = CARTESIAN_POINT('',(2.30070828368,-13.10045576164));
#1081 = CARTESIAN_POINT('',(2.341579853336,-13.13804669043));
#1082 = CARTESIAN_POINT('',(2.382406172777,-13.17781105367));
#1083 = CARTESIAN_POINT('',(2.423160109854,-13.21972958397));
#1084 = CARTESIAN_POINT('',(2.463813748258,-13.26377423901));
#1085 = CARTESIAN_POINT('',(2.504345379557,-13.30991641038));
#1086 = CARTESIAN_POINT('',(2.544708509987,-13.35808993704));
#1087 = CARTESIAN_POINT('',(2.584870219967,-13.40823263827));
#1088 = CARTESIAN_POINT('',(2.624802276309,-13.46027874855));
#1089 = CARTESIAN_POINT('',(2.664475229723,-13.5141515871));
#1090 = CARTESIAN_POINT('',(2.703860005861,-13.5697655998));
#1091 = CARTESIAN_POINT('',(2.742925887487,-13.62702329125));
#1092 = CARTESIAN_POINT('',(2.781645570564,-13.68582322381));
#1093 = CARTESIAN_POINT('',(2.819972997001,-13.74602473781));
#1094 = CARTESIAN_POINT('',(2.857905985384,-13.80754719725));
#1095 = CARTESIAN_POINT('',(2.895443043513,-13.87030884628));
#1096 = CARTESIAN_POINT('',(2.932581076566,-13.93422237564));
#1097 = CARTESIAN_POINT('',(2.969315990943,-13.99919603663));
#1098 = CARTESIAN_POINT('',(3.005642574496,-14.06513339117));
#1099 = CARTESIAN_POINT('',(3.041554319898,-14.1319329701));
#1100 = CARTESIAN_POINT('',(3.077044146498,-14.19948966234));
#1101 = CARTESIAN_POINT('',(3.112101536047,-14.2676892723));
#1102 = CARTESIAN_POINT('',(3.146716927437,-14.33641670327));
#1103 = CARTESIAN_POINT('',(3.180917184674,-14.40562947666));
#1104 = CARTESIAN_POINT('',(3.214722166192,-14.47527463516));
#1105 = CARTESIAN_POINT('',(3.248152712245,-14.5453036461));
#1106 = CARTESIAN_POINT('',(3.281228632493,-14.61566832037));
#1107 = CARTESIAN_POINT('',(3.313969357281,-14.68632179989));
#1108 = CARTESIAN_POINT('',(3.34639386161,-14.75721816825));
#1109 = CARTESIAN_POINT('',(3.378520772465,-14.82831241127));
#1110 = CARTESIAN_POINT('',(3.410368417461,-14.89956026432));
#1111 = CARTESIAN_POINT('',(3.441954881511,-14.97091807018));
#1112 = CARTESIAN_POINT('',(3.473298055326,-15.04234261393));
#1113 = CARTESIAN_POINT('',(3.50441568176,-15.11379094355));
#1114 = CARTESIAN_POINT('',(3.53532539943,-15.1852201727));
#1115 = CARTESIAN_POINT('',(3.56604478656,-15.25658726979));
#1116 = CARTESIAN_POINT('',(3.596591399781,-15.32784881866));
#1117 = CARTESIAN_POINT('',(3.626982831354,-15.39896080342));
#1118 = CARTESIAN_POINT('',(3.657236700973,-15.46987822047));
#1119 = CARTESIAN_POINT('',(3.687370898109,-15.54055525117));
#1120 = CARTESIAN_POINT('',(3.717402898416,-15.61094325633));
#1121 = CARTESIAN_POINT('',(3.747352547128,-15.68099681295));
#1122 = CARTESIAN_POINT('',(3.777231916561,-15.75064964825));
#1123 = CARTESIAN_POINT('',(3.807064151892,-15.81985805173));
#1124 = CARTESIAN_POINT('',(3.836887357371,-15.888608648));
#1125 = CARTESIAN_POINT('',(3.866734377776,-15.95687016315));
#1126 = CARTESIAN_POINT('',(3.896638137748,-16.0246047236));
#1127 = CARTESIAN_POINT('',(3.926630269647,-16.0917635365));
#1128 = CARTESIAN_POINT('',(3.956741527321,-16.15828674047));
#1129 = CARTESIAN_POINT('',(3.987001737371,-16.22410217479));
#1130 = CARTESIAN_POINT('',(4.017439792087,-16.28912428601));
#1131 = CARTESIAN_POINT('',(4.048083923789,-16.35325354776));
#1132 = CARTESIAN_POINT('',(4.078960805551,-16.41637367192));
#1133 = CARTESIAN_POINT('',(4.110099066948,-16.47835712258));
#1134 = CARTESIAN_POINT('',(4.141516333615,-16.5390396089));
#1135 = CARTESIAN_POINT('',(4.173278391541,-16.59833059421));
#1136 = CARTESIAN_POINT('',(4.20543995528,-16.65608944176));
#1137 = CARTESIAN_POINT('',(4.23804688344,-16.71213146439));
#1138 = CARTESIAN_POINT('',(4.271144335811,-16.76624145796));
#1139 = CARTESIAN_POINT('',(4.304775587163,-16.81816989555));
#1140 = CARTESIAN_POINT('',(4.338982364719,-16.867632951));
#1141 = CARTESIAN_POINT('',(4.373808246695,-16.91431501087));
#1142 = CARTESIAN_POINT('',(4.409288190519,-16.95785786979));
#1143 = CARTESIAN_POINT('',(4.445503561749,-16.99791646464));
#1144 = CARTESIAN_POINT('',(4.482407010925,-17.03397259807));
#1145 = CARTESIAN_POINT('',(4.519968674589,-17.06554138319));
#1146 = CARTESIAN_POINT('',(4.558160247836,-17.09215486109));
#1147 = CARTESIAN_POINT('',(4.596989449162,-17.11338038461));
#1148 = CARTESIAN_POINT('',(4.636329030866,-17.12874673094));
#1149 = CARTESIAN_POINT('',(4.675984127006,-17.1378832791));
#1150 = CARTESIAN_POINT('',(4.715789657825,-17.14058031625));
#1151 = CARTESIAN_POINT('',(4.755580716951,-17.13677492503));
#1152 = CARTESIAN_POINT('',(4.795191462974,-17.12655652905));
#1153 = CARTESIAN_POINT('',(4.834457446447,-17.11015941555));
#1154 = CARTESIAN_POINT('',(4.873175665197,-17.08798510091));
#1155 = CARTESIAN_POINT('',(4.911255630886,-17.06049906078));
#1156 = CARTESIAN_POINT('',(4.948703181743,-17.02813561616));
#1157 = CARTESIAN_POINT('',(4.985490328542,-16.99136486623));
#1158 = CARTESIAN_POINT('',(5.021587111544,-16.95067214856));
#1159 = CARTESIAN_POINT('',(5.056946214284,-16.90657583792));
#1160 = CARTESIAN_POINT('',(5.091661446705,-16.85939963855));
#1161 = CARTESIAN_POINT('',(5.125764240766,-16.80949995127));
#1162 = CARTESIAN_POINT('',(5.159298219315,-16.7571867123));
#1163 = CARTESIAN_POINT('',(5.192301636902,-16.70274427805));
#1164 = CARTESIAN_POINT('',(5.224826125925,-16.64640295404));
#1165 = CARTESIAN_POINT('',(5.256914608698,-16.58837555776));
#1166 = CARTESIAN_POINT('',(5.288610619167,-16.52884627633));
#1167 = CARTESIAN_POINT('',(5.319957633471,-16.46797357012));
#1168 = CARTESIAN_POINT('',(5.351028378149,-16.40583189919));
#1169 = CARTESIAN_POINT('',(5.381844078908,-16.34257519006));
#1170 = CARTESIAN_POINT('',(5.412432623137,-16.27832937899));
#1171 = CARTESIAN_POINT('',(5.442821062878,-16.21320717745));
#1172 = CARTESIAN_POINT('',(5.473037665727,-16.1473054507));
#1173 = CARTESIAN_POINT('',(5.503111406727,-16.08070724384));
#1174 = CARTESIAN_POINT('',(5.533072134387,-16.01348258046));
#1175 = CARTESIAN_POINT('',(5.562950593071,-15.94568949872));
#1176 = CARTESIAN_POINT('',(5.592778347536,-15.87737534077));
#1177 = CARTESIAN_POINT('',(5.622588252099,-15.80857676681));
#1178 = CARTESIAN_POINT('',(5.652412856557,-15.73932459257));
#1179 = CARTESIAN_POINT('',(5.68229054573,-15.66963058434));
#1180 = CARTESIAN_POINT('',(5.712232998645,-15.59956450113));
#1181 = CARTESIAN_POINT('',(5.742258123758,-15.52917847681));
#1182 = CARTESIAN_POINT('',(5.772384629166,-15.45851999074));
#1183 = CARTESIAN_POINT('',(5.802630772952,-15.38763529513));
#1184 = CARTESIAN_POINT('',(5.833014758527,-15.31656893832));
#1185 = CARTESIAN_POINT('',(5.863554686016,-15.24536430827));
#1186 = CARTESIAN_POINT('',(5.894268620038,-15.1740638769));
#1187 = CARTESIAN_POINT('',(5.925174624474,-15.10270949949));
#1188 = CARTESIAN_POINT('',(5.956290805122,-15.03134267444));
#1189 = CARTESIAN_POINT('',(5.987635350244,-14.96000478924));
#1190 = CARTESIAN_POINT('',(6.019226572805,-14.88873734605));
#1191 = CARTESIAN_POINT('',(6.051082954563,-14.81758216912));
#1192 = CARTESIAN_POINT('',(6.083223193504,-14.74658159401));
#1193 = CARTESIAN_POINT('',(6.115666255008,-14.67577863782));
#1194 = CARTESIAN_POINT('',(6.148431430869,-14.60521715589));
#1195 = CARTESIAN_POINT('',(6.181538396979,-14.53494196573));
#1196 = CARTESIAN_POINT('',(6.215007310597,-14.46499901138));
#1197 = CARTESIAN_POINT('',(6.248858801481,-14.39543529673));
#1198 = CARTESIAN_POINT('',(6.271695872552,-14.34934483367));
#1199 = CARTESIAN_POINT('',(6.28318530718,-14.32637898428));
#1200 = ( GEOMETRIC_REPRESENTATION_CONTEXT(2) 
PARAMETRIC_REPRESENTATION_CONTEXT() REPRESENTATION_CONTEXT('2D SPACE',''
  ) );
#1201 = PCURVE('',#1202,#1207);
#1202 = CYLINDRICAL_SURFACE('',#1203,10.504906409083);
#1203 = AXIS2_PLACEMENT_3D('',#1204,#1205,#1206);
#1204 = CARTESIAN_POINT('',(28.669171482696,15.05643944052,
    11.006582512532));
#1205 = DIRECTION('',(1.,0.,0.));
#1206 = DIRECTION('',(0.,0.,1.));
#1207 = DEFINITIONAL_REPRESENTATION('',(#1208),#1388);
#1208 = B_SPLINE_CURVE_WITH_KNOTS('',3,(#1209,#1210,#1211,#1212,#1213,
    #1214,#1215,#1216,#1217,#1218,#1219,#1220,#1221,#1222,#1223,#1224,
    #1225,#1226,#1227,#1228,#1229,#1230,#1231,#1232,#1233,#1234,#1235,
    #1236,#1237,#1238,#1239,#1240,#1241,#1242,#1243,#1244,#1245,#1246,
    #1247,#1248,#1249,#1250,#1251,#1252,#1253,#1254,#1255,#1256,#1257,
    #1258,#1259,#1260,#1261,#1262,#1263,#1264,#1265,#1266,#1267,#1268,
    #1269,#1270,#1271,#1272,#1273,#1274,#1275,#1276,#1277,#1278,#1279,
    #1280,#1281,#1282,#1283,#1284,#1285,#1286,#1287,#1288,#1289,#1290,
    #1291,#1292,#1293,#1294,#1295,#1296,#1297,#1298,#1299,#1300,#1301,
    #1302,#1303,#1304,#1305,#1306,#1307,#1308,#1309,#1310,#1311,#1312,
    #1313,#1314,#1315,#1316,#1317,#1318,#1319,#1320,#1321,#1322,#1323,
    #1324,#1325,#1326,#1327,#1328,#1329,#1330,#1331,#1332,#1333,#1334,
    #1335,#1336,#1337,#1338,#1339,#1340,#1341,#1342,#1343,#1344,#1345,
    #1346,#1347,#1348,#1349,#1350,#1351,#1352,#1353,#1354,#1355,#1356,
    #1357,#1358,#1359,#1360,#1361,#1362,#1363,#1364,#1365,#1366,#1367,
    #1368,#1369,#1370,#1371,#1372,#1373,#1374,#1375,#1376,#1377,#1378,
    #1379,#1380,#1381,#1382,#1383,#1384,#1385,#1386,#1387),
  .UNSPECIFIED.,.T.,.F.,(4,1,1,1,1,1,1,1,1,1,1,1,1,1,1,1,1,1,1,1,1,1,1,1
    ,1,1,1,1,1,1,1,1,1,1,1,1,1,1,1,1,1,1,1,1,1,1,1,1,1,1,1,1,1,1,1,1,1,1
    ,1,1,1,1,1,1,1,1,1,1,1,1,1,1,1,1,1,1,1,1,1,1,1,1,1,1,1,1,1,1,1,1,1,1
    ,1,1,1,1,1,1,1,1,1,1,1,1,1,1,1,1,1,1,1,1,1,1,1,1,1,1,1,1,1,1,1,1,1,1
    ,1,1,1,1,1,1,1,1,1,1,1,1,1,1,1,1,1,1,1,1,1,1,1,1,1,1,1,1,1,1,1,1,1,1
    ,1,1,1,1,1,1,1,1,1,1,1,1,1,1,1,1,4),(0.,5.681818181818E-03,
    1.136363636364E-02,1.704545454545E-02,2.272727272727E-02,
    2.840909090909E-02,3.409090909091E-02,3.977272727273E-02,
    4.545454545455E-02,5.113636363636E-02,5.681818181818E-02,6.25E-02,
    6.818181818182E-02,7.386363636364E-02,7.954545454545E-02,
    8.522727272727E-02,9.090909090909E-02,9.659090909091E-02,
    0.102272727273,0.107954545455,0.113636363636,0.119318181818,0.125,
    0.130681818182,0.136363636364,0.142045454545,0.147727272727,
    0.153409090909,0.159090909091,0.164772727273,0.170454545455,
    0.176136363636,0.181818181818,0.1875,0.193181818182,0.198863636364,
    0.204545454545,0.210227272727,0.215909090909,0.221590909091,
    0.227272727273,0.232954545455,0.238636363636,0.244318181818,0.25,
    0.255681818182,0.261363636364,0.267045454545,0.272727272727,
    0.278409090909,0.284090909091,0.289772727273,0.295454545455,
    0.301136363636,0.306818181818,0.3125,0.318181818182,0.323863636364,
    0.329545454545,0.335227272727,0.340909090909,0.346590909091,
    0.352272727273,0.357954545455,0.363636363636,0.369318181818,0.375,
    0.380681818182,0.386363636364,0.392045454545,0.397727272727,
    0.403409090909,0.409090909091,0.414772727273,0.420454545455,
    0.426136363636,0.431818181818,0.4375,0.443181818182,0.448863636364,
    0.454545454545,0.460227272727,0.465909090909,0.471590909091,
    0.477272727273,0.482954545455,0.488636363636,0.494318181818,0.5,
    0.505681818182,0.511363636364,0.517045454545,0.522727272727,
    0.528409090909,0.534090909091,0.539772727273,0.545454545455,
    0.551136363636,0.556818181818,0.5625,0.568181818182,0.573863636364,
    0.579545454545,0.585227272727,0.590909090909,0.596590909091,
    0.602272727273,0.607954545455,0.613636363636,0.619318181818,0.625,
    0.630681818182,0.636363636364,0.642045454545,0.647727272727,
    0.653409090909,0.659090909091,0.664772727273,0.670454545455,
    0.676136363636,0.681818181818,0.6875,0.693181818182,0.698863636364,
    0.704545454545,0.710227272727,0.715909090909,0.721590909091,
    0.727272727273,0.732954545455,0.738636363636,0.744318181818,0.75,
    0.755681818182,0.761363636364,0.767045454545,0.772727272727,
    0.778409090909,0.784090909091,0.789772727273,0.795454545455,
    0.801136363636,0.806818181818,0.8125,0.818181818182,0.823863636364,
    0.829545454545,0.835227272727,0.840909090909,0.846590909091,
    0.852272727273,0.857954545455,0.863636363636,0.869318181818,0.875,
    0.880681818182,0.886363636364,0.892045454545,0.897727272727,
    0.903409090909,0.909090909091,0.914772727273,0.920454545455,
    0.926136363636,0.931818181818,0.9375,0.943181818182,0.948863636364,
    0.954545454545,0.960227272727,0.965909090909,0.971590909091,
    0.977272727273,0.982954545455,0.988636363636,0.994318181818,1.),
  .QUASI_UNIFORM_KNOTS.);
#1209 = CARTESIAN_POINT('',(2.391657309052,-40.86602488461));
#1210 = CARTESIAN_POINT('',(2.394865957581,-40.86602523809));
#1211 = CARTESIAN_POINT('',(2.401294467921,-40.86517416193));
#1212 = CARTESIAN_POINT('',(2.410957157287,-40.86125358022));
#1213 = CARTESIAN_POINT('',(2.420626059558,-40.85459874599));
#1214 = CARTESIAN_POINT('',(2.430287446125,-40.84512520843));
#1215 = CARTESIAN_POINT('',(2.439927557309,-40.83275235885));
#1216 = CARTESIAN_POINT('',(2.449532603123,-40.8174039306));
#1217 = CARTESIAN_POINT('',(2.459088699191,-40.79900802416));
#1218 = CARTESIAN_POINT('',(2.468582049025,-40.77749653935));
#1219 = CARTESIAN_POINT('',(2.477998206965,-40.75280745413));
#1220 = CARTESIAN_POINT('',(2.487324773409,-40.72487630969));
#1221 = CARTESIAN_POINT('',(2.496540919608,-40.6936691736));
#1222 = CARTESIAN_POINT('',(2.505621834166,-40.6591840982));
#1223 = CARTESIAN_POINT('',(2.514547105957,-40.62142259195));
#1224 = CARTESIAN_POINT('',(2.523295949546,-40.58040454056));
#1225 = CARTESIAN_POINT('',(2.531848579836,-40.53616384832));
#1226 = CARTESIAN_POINT('',(2.540185617486,-40.48875136611));
#1227 = CARTESIAN_POINT('',(2.548289238096,-40.43822795244));
#1228 = CARTESIAN_POINT('',(2.556139330918,-40.38468971579));
#1229 = CARTESIAN_POINT('',(2.563717462993,-40.32824888516));
#1230 = CARTESIAN_POINT('',(2.571009531708,-40.26900825659));
#1231 = CARTESIAN_POINT('',(2.578001394005,-40.20708986278));
#1232 = CARTESIAN_POINT('',(2.584680034662,-40.14262791434));
#1233 = CARTESIAN_POINT('',(2.591033505843,-40.07576834285));
#1234 = CARTESIAN_POINT('',(2.597050259863,-40.00667763069));
#1235 = CARTESIAN_POINT('',(2.602722284582,-39.93550628093));
#1236 = CARTESIAN_POINT('',(2.60804402678,-39.86238895553));
#1237 = CARTESIAN_POINT('',(2.613009641352,-39.78747730487));
#1238 = CARTESIAN_POINT('',(2.617614035008,-39.7109295147));
#1239 = CARTESIAN_POINT('',(2.621853739823,-39.63289362334));
#1240 = CARTESIAN_POINT('',(2.625726560352,-39.55350548873));
#1241 = CARTESIAN_POINT('',(2.629230508338,-39.47290559949));
#1242 = CARTESIAN_POINT('',(2.632363937494,-39.3912379553));
#1243 = CARTESIAN_POINT('',(2.635125773867,-39.3086457356));
#1244 = CARTESIAN_POINT('',(2.637516125994,-39.22524432162));
#1245 = CARTESIAN_POINT('',(2.639534904806,-39.14115381129));
#1246 = CARTESIAN_POINT('',(2.64118210339,-39.0564927333));
#1247 = CARTESIAN_POINT('',(2.642457727186,-38.97137960531));
#1248 = CARTESIAN_POINT('',(2.643361817406,-38.88593304427));
#1249 = CARTESIAN_POINT('',(2.643894446534,-38.80026982417));
#1250 = CARTESIAN_POINT('',(2.644055727637,-38.71451259197));
#1251 = CARTESIAN_POINT('',(2.643845791683,-38.62876069754));
#1252 = CARTESIAN_POINT('',(2.643264490865,-38.54311984576));
#1253 = CARTESIAN_POINT('',(2.642311725901,-38.4577109229));
#1254 = CARTESIAN_POINT('',(2.640987426919,-38.37265104477));
#1255 = CARTESIAN_POINT('',(2.639291554785,-38.2880585994));
#1256 = CARTESIAN_POINT('',(2.637224104257,-38.204052087));
#1257 = CARTESIAN_POINT('',(2.634785074793,-38.12074977601));
#1258 = CARTESIAN_POINT('',(2.631974564289,-38.03827229762));
#1259 = CARTESIAN_POINT('',(2.628792398829,-37.95673267034));
#1260 = CARTESIAN_POINT('',(2.625238583876,-37.87625227229));
#1261 = CARTESIAN_POINT('',(2.621315446655,-37.79699607854));
#1262 = CARTESIAN_POINT('',(2.617025521042,-37.71911492112));
#1263 = CARTESIAN_POINT('',(2.612372000556,-37.64275858715));
#1264 = CARTESIAN_POINT('',(2.607358592492,-37.56807225626));
#1265 = CARTESIAN_POINT('',(2.601989521034,-37.49519741047));
#1266 = CARTESIAN_POINT('',(2.596269532083,-37.42427151488));
#1267 = CARTESIAN_POINT('',(2.590203741385,-37.35542814265));
#1268 = CARTESIAN_POINT('',(2.583802549992,-37.28884417575));
#1269 = CARTESIAN_POINT('',(2.577077160516,-37.22467867672));
#1270 = CARTESIAN_POINT('',(2.570039867655,-37.16307847207));
#1271 = CARTESIAN_POINT('',(2.562703838093,-37.1041761961));
#1272 = CARTESIAN_POINT('',(2.555083476669,-37.04809304866));
#1273 = CARTESIAN_POINT('',(2.547192923539,-36.99492969373));
#1274 = CARTESIAN_POINT('',(2.53905219822,-36.94480466326));
#1275 = CARTESIAN_POINT('',(2.530679892902,-36.89780086301));
#1276 = CARTESIAN_POINT('',(2.522094448191,-36.8539804881));
#1277 = CARTESIAN_POINT('',(2.51331529305,-36.81339173158));
#1278 = CARTESIAN_POINT('',(2.504362419961,-36.77606684029));
#1279 = CARTESIAN_POINT('',(2.495256784159,-36.74202358465));
#1280 = CARTESIAN_POINT('',(2.486018987032,-36.71126172583));
#1281 = CARTESIAN_POINT('',(2.476674658966,-36.68377808954));
#1282 = CARTESIAN_POINT('',(2.467239049506,-36.65952231351));
#1283 = CARTESIAN_POINT('',(2.457726862656,-36.63843835338));
#1284 = CARTESIAN_POINT('',(2.448152910796,-36.62046492813));
#1285 = CARTESIAN_POINT('',(2.43853195588,-36.60553542237));
#1286 = CARTESIAN_POINT('',(2.428878751363,-36.5935779211));
#1287 = CARTESIAN_POINT('',(2.419208096248,-36.58451525767));
#1288 = CARTESIAN_POINT('',(2.409534642203,-36.57826487651));
#1289 = CARTESIAN_POINT('',(2.399873678543,-36.57473942369));
#1290 = CARTESIAN_POINT('',(2.390239949362,-36.57384497861));
#1291 = CARTESIAN_POINT('',(2.380637580447,-36.57548600443));
#1292 = CARTESIAN_POINT('',(2.371072000134,-36.5795725708));
#1293 = CARTESIAN_POINT('',(2.361547827763,-36.58601881462));
#1294 = CARTESIAN_POINT('',(2.352069481789,-36.59474324107));
#1295 = CARTESIAN_POINT('',(2.342641058548,-36.60566853574));
#1296 = CARTESIAN_POINT('',(2.333266405991,-36.6187215122));
#1297 = CARTESIAN_POINT('',(2.323949144833,-36.63383302737));
#1298 = CARTESIAN_POINT('',(2.314692703616,-36.65093790993));
#1299 = CARTESIAN_POINT('',(2.30550034998,-36.66997488937));
#1300 = CARTESIAN_POINT('',(2.296375223049,-36.69088652913));
#1301 = CARTESIAN_POINT('',(2.287320365713,-36.7136191629));
#1302 = CARTESIAN_POINT('',(2.278338757386,-36.73812283394));
#1303 = CARTESIAN_POINT('',(2.269433346791,-36.76435123916));
#1304 = CARTESIAN_POINT('',(2.260607086592,-36.79226167064));
#1305 = CARTESIAN_POINT('',(2.251862963676,-36.82181498246));
#1306 = CARTESIAN_POINT('',(2.243204048631,-36.8529754783));
#1307 = CARTESIAN_POINT('',(2.234633477042,-36.88571111025));
#1308 = CARTESIAN_POINT('',(2.226154689132,-36.91999253142));
#1309 = CARTESIAN_POINT('',(2.21777070958,-36.95579644146));
#1310 = CARTESIAN_POINT('',(2.209487014202,-36.99309292591));
#1311 = CARTESIAN_POINT('',(2.201306329733,-37.03186809757));
#1312 = CARTESIAN_POINT('',(2.193227833802,-37.07213261483));
#1313 = CARTESIAN_POINT('',(2.185252875786,-37.11389619027));
#1314 = CARTESIAN_POINT('',(2.177383594821,-37.15717353732));
#1315 = CARTESIAN_POINT('',(2.169623401585,-37.20198207618));
#1316 = CARTESIAN_POINT('',(2.161976962599,-37.24834184244));
#1317 = CARTESIAN_POINT('',(2.154450314081,-37.29627484875));
#1318 = CARTESIAN_POINT('',(2.147050958213,-37.34580445432));
#1319 = CARTESIAN_POINT('',(2.139787903084,-37.39695527315));
#1320 = CARTESIAN_POINT('',(2.13267194817,-37.44975094267));
#1321 = CARTESIAN_POINT('',(2.125715046446,-37.50421993454));
#1322 = CARTESIAN_POINT('',(2.11893311677,-37.56037135987));
#1323 = CARTESIAN_POINT('',(2.112333724094,-37.61830194026));
#1324 = CARTESIAN_POINT('',(2.105929976577,-37.67809339924));
#1325 = CARTESIAN_POINT('',(2.099739747258,-37.73981285797));
#1326 = CARTESIAN_POINT('',(2.093784125822,-37.80352648081));
#1327 = CARTESIAN_POINT('',(2.088087808985,-37.86929606247));
#1328 = CARTESIAN_POINT('',(2.082679074617,-37.93717824008));
#1329 = CARTESIAN_POINT('',(2.077589502066,-38.0072302926));
#1330 = CARTESIAN_POINT('',(2.072855139749,-38.07948699454));
#1331 = CARTESIAN_POINT('',(2.068510489569,-38.15407350149));
#1332 = CARTESIAN_POINT('',(2.064608723205,-38.23084180896));
#1333 = CARTESIAN_POINT('',(2.061199291594,-38.30966436602));
#1334 = CARTESIAN_POINT('',(2.058329869111,-38.3904031361));
#1335 = CARTESIAN_POINT('',(2.056044509926,-38.47298370621));
#1336 = CARTESIAN_POINT('',(2.054391740191,-38.55703085639));
#1337 = CARTESIAN_POINT('',(2.053409717991,-38.64200827564));
#1338 = CARTESIAN_POINT('',(2.053119929852,-38.72743192952));
#1339 = CARTESIAN_POINT('',(2.053528819963,-38.81281293227));
#1340 = CARTESIAN_POINT('',(2.054627224951,-38.89766092351));
#1341 = CARTESIAN_POINT('',(2.056391134141,-38.98149467434));
#1342 = CARTESIAN_POINT('',(2.058779155636,-39.06376327586));
#1343 = CARTESIAN_POINT('',(2.061743443805,-39.14417256592));
#1344 = CARTESIAN_POINT('',(2.065239805134,-39.22264619208));
#1345 = CARTESIAN_POINT('',(2.069220351852,-39.2990490546));
#1346 = CARTESIAN_POINT('',(2.0736355815,-39.37325559402));
#1347 = CARTESIAN_POINT('',(2.078432275817,-39.4451202686));
#1348 = CARTESIAN_POINT('',(2.083578232623,-39.51479469961));
#1349 = CARTESIAN_POINT('',(2.089037572125,-39.58230732604));
#1350 = CARTESIAN_POINT('',(2.094779305275,-39.64771620372));
#1351 = CARTESIAN_POINT('',(2.10077505797,-39.71107191463));
#1352 = CARTESIAN_POINT('',(2.107002220265,-39.77245252377));
#1353 = CARTESIAN_POINT('',(2.11343992801,-39.83191977664));
#1354 = CARTESIAN_POINT('',(2.120070361745,-39.88953607043));
#1355 = CARTESIAN_POINT('',(2.12687838095,-39.94536315562));
#1356 = CARTESIAN_POINT('',(2.133858170311,-39.99951071879));
#1357 = CARTESIAN_POINT('',(2.14099494946,-40.05199406063));
#1358 = CARTESIAN_POINT('',(2.14827692234,-40.10284011874));
#1359 = CARTESIAN_POINT('',(2.155693674052,-40.15207284681));
#1360 = CARTESIAN_POINT('',(2.16323648299,-40.19971646948));
#1361 = CARTESIAN_POINT('',(2.170898121026,-40.24579394568));
#1362 = CARTESIAN_POINT('',(2.178672788634,-40.29032669941));
#1363 = CARTESIAN_POINT('',(2.186556024787,-40.33333404971));
#1364 = CARTESIAN_POINT('',(2.194544585542,-40.37483255379));
#1365 = CARTESIAN_POINT('',(2.202636476029,-40.41483597563));
#1366 = CARTESIAN_POINT('',(2.210830403264,-40.45335281673));
#1367 = CARTESIAN_POINT('',(2.219127395665,-40.49039295042));
#1368 = CARTESIAN_POINT('',(2.227521597874,-40.52592831082));
#1369 = CARTESIAN_POINT('',(2.236009182951,-40.55993659103));
#1370 = CARTESIAN_POINT('',(2.244586853931,-40.59239317975));
#1371 = CARTESIAN_POINT('',(2.253251428579,-40.62326976047));
#1372 = CARTESIAN_POINT('',(2.261999899776,-40.65253462087));
#1373 = CARTESIAN_POINT('',(2.270829369932,-40.68015250026));
#1374 = CARTESIAN_POINT('',(2.279737020484,-40.70608455719));
#1375 = CARTESIAN_POINT('',(2.288720073239,-40.73028830119));
#1376 = CARTESIAN_POINT('',(2.297775754997,-40.75271753028));
#1377 = CARTESIAN_POINT('',(2.306901262292,-40.77332226342));
#1378 = CARTESIAN_POINT('',(2.316093726955,-40.7920486704));
#1379 = CARTESIAN_POINT('',(2.325350182206,-40.80883899893));
#1380 = CARTESIAN_POINT('',(2.334667529138,-40.82363149787));
#1381 = CARTESIAN_POINT('',(2.344042503838,-40.83636034116));
#1382 = CARTESIAN_POINT('',(2.353471643654,-40.84695553467));
#1383 = CARTESIAN_POINT('',(2.362951257701,-40.85534287298));
#1384 = CARTESIAN_POINT('',(2.372477382093,-40.86144369545));
#1385 = CARTESIAN_POINT('',(2.382045792176,-40.8651753773));
#1386 = CARTESIAN_POINT('',(2.388449798442,-40.8660245012));
#1387 = CARTESIAN_POINT('',(2.391657309052,-40.86602488461));
#1388 = ( GEOMETRIC_REPRESENTATION_CONTEXT(2) 
PARAMETRIC_REPRESENTATION_CONTEXT() REPRESENTATION_CONTEXT('2D SPACE',''
  ) );
#1389 = ORIENTED_EDGE('',*,*,#1390,.T.);
#1390 = EDGE_CURVE('',#886,#780,#1391,.T.);
#1391 = SEAM_CURVE('',#1392,(#1395,#1402),.PCURVE_S1.);
#1392 = B_SPLINE_CURVE_WITH_KNOTS('',1,(#1393,#1394),.UNSPECIFIED.,.F.,
  .F.,(2,2),(-14.32637898428,0.),.PIECEWISE_BEZIER_KNOTS.);
#1393 = CARTESIAN_POINT('',(-12.19685340191,7.896385039413,
    3.319796471749));
#1394 = CARTESIAN_POINT('',(-12.19685340191,7.896385039413,
    -11.00658251253));
#1395 = PCURVE('',#800,#1396);
#1396 = DEFINITIONAL_REPRESENTATION('',(#1397),#1401);
#1397 = LINE('',#1398,#1399);
#1398 = CARTESIAN_POINT('',(6.28318530718,0.));
#1399 = VECTOR('',#1400,1.);
#1400 = DIRECTION('',(0.,1.));
#1401 = ( GEOMETRIC_REPRESENTATION_CONTEXT(2) 
PARAMETRIC_REPRESENTATION_CONTEXT() REPRESENTATION_CONTEXT('2D SPACE',''
  ) );
#1402 = PCURVE('',#800,#1403);
#1403 = DEFINITIONAL_REPRESENTATION('',(#1404),#1408);
#1404 = LINE('',#1405,#1406);
#1405 = CARTESIAN_POINT('',(0.,0.));
#1406 = VECTOR('',#1407,1.);
#1407 = DIRECTION('',(0.,1.));
#1408 = ( GEOMETRIC_REPRESENTATION_CONTEXT(2) 
PARAMETRIC_REPRESENTATION_CONTEXT() REPRESENTATION_CONTEXT('2D SPACE',''
  ) );
#1409 = ORIENTED_EDGE('',*,*,#779,.F.);
#1410 = ORIENTED_EDGE('',*,*,#1390,.F.);
#1411 = ADVANCED_FACE('',(#1412),#338,.T.);
#1412 = FACE_BOUND('',#1413,.T.);
#1413 = EDGE_LOOP('',(#1414,#1415,#1416,#1438));
#1414 = ORIENTED_EDGE('',*,*,#859,.T.);
#1415 = ORIENTED_EDGE('',*,*,#322,.T.);
#1416 = ORIENTED_EDGE('',*,*,#1417,.F.);
#1417 = EDGE_CURVE('',#733,#295,#1418,.T.);
#1418 = SURFACE_CURVE('',#1419,(#1424,#1431),.PCURVE_S1.);
#1419 = CIRCLE('',#1420,1.809270074759);
#1420 = AXIS2_PLACEMENT_3D('',#1421,#1422,#1423);
#1421 = CARTESIAN_POINT('',(-26.85990140793,-13.24716936576,
    11.006582512532));
#1422 = DIRECTION('',(0.,0.,1.));
#1423 = DIRECTION('',(0.,-1.,0.));
#1424 = PCURVE('',#338,#1425);
#1425 = DEFINITIONAL_REPRESENTATION('',(#1426),#1430);
#1426 = LINE('',#1427,#1428);
#1427 = CARTESIAN_POINT('',(-4.712388980385,22.013165025063));
#1428 = VECTOR('',#1429,1.);
#1429 = DIRECTION('',(1.,0.));
#1430 = ( GEOMETRIC_REPRESENTATION_CONTEXT(2) 
PARAMETRIC_REPRESENTATION_CONTEXT() REPRESENTATION_CONTEXT('2D SPACE',''
  ) );
#1431 = PCURVE('',#310,#1432);
#1432 = DEFINITIONAL_REPRESENTATION('',(#1433),#1437);
#1433 = CIRCLE('',#1434,1.809270074759);
#1434 = AXIS2_PLACEMENT_2D('',#1435,#1436);
#1435 = CARTESIAN_POINT('',(1.809270074759,1.809270074759));
#1436 = DIRECTION('',(0.,-1.));
#1437 = ( GEOMETRIC_REPRESENTATION_CONTEXT(2) 
PARAMETRIC_REPRESENTATION_CONTEXT() REPRESENTATION_CONTEXT('2D SPACE',''
  ) );
#1438 = ORIENTED_EDGE('',*,*,#732,.F.);
#1439 = ADVANCED_FACE('',(#1440),#646,.T.);
#1440 = FACE_BOUND('',#1441,.T.);
#1441 = EDGE_LOOP('',(#1442,#1443,#1466));
#1442 = ORIENTED_EDGE('',*,*,#628,.T.);
#1443 = ORIENTED_EDGE('',*,*,#1444,.T.);
#1444 = EDGE_CURVE('',#631,#1445,#1447,.T.);
#1445 = VERTEX_POINT('',#1446);
#1446 = CARTESIAN_POINT('',(-20.00770735566,1.033759967001,
    11.006582512532));
#1447 = SURFACE_CURVE('',#1448,(#1452,#1459),.PCURVE_S1.);
#1448 = LINE('',#1449,#1450);
#1449 = CARTESIAN_POINT('',(-28.66917148269,1.033759967001,
    11.006582512532));
#1450 = VECTOR('',#1451,1.);
#1451 = DIRECTION('',(1.,0.,0.));
#1452 = PCURVE('',#646,#1453);
#1453 = DEFINITIONAL_REPRESENTATION('',(#1454),#1458);
#1454 = LINE('',#1455,#1456);
#1455 = CARTESIAN_POINT('',(-2.79508330823,-5.28053108218));
#1456 = VECTOR('',#1457,1.);
#1457 = DIRECTION('',(1.,0.));
#1458 = ( GEOMETRIC_REPRESENTATION_CONTEXT(2) 
PARAMETRIC_REPRESENTATION_CONTEXT() REPRESENTATION_CONTEXT('2D SPACE',''
  ) );
#1459 = PCURVE('',#310,#1460);
#1460 = DEFINITIONAL_REPRESENTATION('',(#1461),#1465);
#1461 = LINE('',#1462,#1463);
#1462 = CARTESIAN_POINT('',(0.,16.090199407521));
#1463 = VECTOR('',#1464,1.);
#1464 = DIRECTION('',(1.,0.));
#1465 = ( GEOMETRIC_REPRESENTATION_CONTEXT(2) 
PARAMETRIC_REPRESENTATION_CONTEXT() REPRESENTATION_CONTEXT('2D SPACE',''
  ) );
#1466 = ORIENTED_EDGE('',*,*,#1467,.T.);
#1467 = EDGE_CURVE('',#1445,#629,#1468,.T.);
#1468 = SURFACE_CURVE('',#1469,(#1473,#1480),.PCURVE_S1.);
#1469 = LINE('',#1470,#1471);
#1470 = CARTESIAN_POINT('',(-20.00770735566,1.033759967001,
    11.006582512532));
#1471 = VECTOR('',#1472,1.);
#1472 = DIRECTION('',(-0.536272765656,0.,-0.844044738634));
#1473 = PCURVE('',#646,#1474);
#1474 = DEFINITIONAL_REPRESENTATION('',(#1475),#1479);
#1475 = LINE('',#1476,#1477);
#1476 = CARTESIAN_POINT('',(5.866380818799,-5.28053108218));
#1477 = VECTOR('',#1478,1.);
#1478 = DIRECTION('',(-0.536272765656,0.844044738634));
#1479 = ( GEOMETRIC_REPRESENTATION_CONTEXT(2) 
PARAMETRIC_REPRESENTATION_CONTEXT() REPRESENTATION_CONTEXT('2D SPACE',''
  ) );
#1480 = PCURVE('',#674,#1481);
#1481 = DEFINITIONAL_REPRESENTATION('',(#1482),#1486);
#1482 = LINE('',#1483,#1484);
#1483 = CARTESIAN_POINT('',(14.022679473519,0.));
#1484 = VECTOR('',#1485,1.);
#1485 = DIRECTION('',(-0.,1.));
#1486 = ( GEOMETRIC_REPRESENTATION_CONTEXT(2) 
PARAMETRIC_REPRESENTATION_CONTEXT() REPRESENTATION_CONTEXT('2D SPACE',''
  ) );
#1487 = ADVANCED_FACE('',(#1488),#674,.F.);
#1488 = FACE_BOUND('',#1489,.T.);
#1489 = EDGE_LOOP('',(#1490,#1513,#1514,#1515));
#1490 = ORIENTED_EDGE('',*,*,#1491,.T.);
#1491 = EDGE_CURVE('',#1492,#659,#1494,.T.);
#1492 = VERTEX_POINT('',#1493);
#1493 = CARTESIAN_POINT('',(-20.00770735566,15.05643944052,
    11.006582512532));
#1494 = SURFACE_CURVE('',#1495,(#1499,#1506),.PCURVE_S1.);
#1495 = LINE('',#1496,#1497);
#1496 = CARTESIAN_POINT('',(-20.00770735566,15.05643944052,
    11.006582512532));
#1497 = VECTOR('',#1498,1.);
#1498 = DIRECTION('',(-0.536272765656,0.,-0.844044738634));
#1499 = PCURVE('',#674,#1500);
#1500 = DEFINITIONAL_REPRESENTATION('',(#1501),#1505);
#1501 = LINE('',#1502,#1503);
#1502 = CARTESIAN_POINT('',(0.,-0.));
#1503 = VECTOR('',#1504,1.);
#1504 = DIRECTION('',(-0.,1.));
#1505 = ( GEOMETRIC_REPRESENTATION_CONTEXT(2) 
PARAMETRIC_REPRESENTATION_CONTEXT() REPRESENTATION_CONTEXT('2D SPACE',''
  ) );
#1506 = PCURVE('',#126,#1507);
#1507 = DEFINITIONAL_REPRESENTATION('',(#1508),#1512);
#1508 = LINE('',#1509,#1510);
#1509 = CARTESIAN_POINT('',(8.661464127029,-22.01316502506));
#1510 = VECTOR('',#1511,1.);
#1511 = DIRECTION('',(-0.536272765656,0.844044738634));
#1512 = ( GEOMETRIC_REPRESENTATION_CONTEXT(2) 
PARAMETRIC_REPRESENTATION_CONTEXT() REPRESENTATION_CONTEXT('2D SPACE',''
  ) );
#1513 = ORIENTED_EDGE('',*,*,#658,.T.);
#1514 = ORIENTED_EDGE('',*,*,#1467,.F.);
#1515 = ORIENTED_EDGE('',*,*,#1516,.F.);
#1516 = EDGE_CURVE('',#1492,#1445,#1517,.T.);
#1517 = SURFACE_CURVE('',#1518,(#1522,#1529),.PCURVE_S1.);
#1518 = LINE('',#1519,#1520);
#1519 = CARTESIAN_POINT('',(-20.00770735566,15.05643944052,
    11.006582512532));
#1520 = VECTOR('',#1521,1.);
#1521 = DIRECTION('',(0.,-1.,0.));
#1522 = PCURVE('',#674,#1523);
#1523 = DEFINITIONAL_REPRESENTATION('',(#1524),#1528);
#1524 = LINE('',#1525,#1526);
#1525 = CARTESIAN_POINT('',(0.,-0.));
#1526 = VECTOR('',#1527,1.);
#1527 = DIRECTION('',(1.,0.));
#1528 = ( GEOMETRIC_REPRESENTATION_CONTEXT(2) 
PARAMETRIC_REPRESENTATION_CONTEXT() REPRESENTATION_CONTEXT('2D SPACE',''
  ) );
#1529 = PCURVE('',#310,#1530);
#1530 = DEFINITIONAL_REPRESENTATION('',(#1531),#1535);
#1531 = LINE('',#1532,#1533);
#1532 = CARTESIAN_POINT('',(8.661464127029,30.11287888104));
#1533 = VECTOR('',#1534,1.);
#1534 = DIRECTION('',(0.,-1.));
#1535 = ( GEOMETRIC_REPRESENTATION_CONTEXT(2) 
PARAMETRIC_REPRESENTATION_CONTEXT() REPRESENTATION_CONTEXT('2D SPACE',''
  ) );
#1536 = ADVANCED_FACE('',(#1537),#282,.T.);
#1537 = FACE_BOUND('',#1538,.T.);
#1538 = EDGE_LOOP('',(#1539,#1562,#1563,#1564,#1587));
#1539 = ORIENTED_EDGE('',*,*,#1540,.F.);
#1540 = EDGE_CURVE('',#267,#1541,#1543,.T.);
#1541 = VERTEX_POINT('',#1542);
#1542 = CARTESIAN_POINT('',(28.669171482696,4.551533031438,
    11.006582512532));
#1543 = SURFACE_CURVE('',#1544,(#1548,#1555),.PCURVE_S1.);
#1544 = LINE('',#1545,#1546);
#1545 = CARTESIAN_POINT('',(28.669171482696,-15.05643944052,
    11.006582512532));
#1546 = VECTOR('',#1547,1.);
#1547 = DIRECTION('',(0.,1.,0.));
#1548 = PCURVE('',#282,#1549);
#1549 = DEFINITIONAL_REPRESENTATION('',(#1550),#1554);
#1550 = LINE('',#1551,#1552);
#1551 = CARTESIAN_POINT('',(0.,22.013165025063));
#1552 = VECTOR('',#1553,1.);
#1553 = DIRECTION('',(1.,0.));
#1554 = ( GEOMETRIC_REPRESENTATION_CONTEXT(2) 
PARAMETRIC_REPRESENTATION_CONTEXT() REPRESENTATION_CONTEXT('2D SPACE',''
  ) );
#1555 = PCURVE('',#310,#1556);
#1556 = DEFINITIONAL_REPRESENTATION('',(#1557),#1561);
#1557 = LINE('',#1558,#1559);
#1558 = CARTESIAN_POINT('',(57.338342965388,0.));
#1559 = VECTOR('',#1560,1.);
#1560 = DIRECTION('',(0.,1.));
#1561 = ( GEOMETRIC_REPRESENTATION_CONTEXT(2) 
PARAMETRIC_REPRESENTATION_CONTEXT() REPRESENTATION_CONTEXT('2D SPACE',''
  ) );
#1562 = ORIENTED_EDGE('',*,*,#264,.F.);
#1563 = ORIENTED_EDGE('',*,*,#837,.T.);
#1564 = ORIENTED_EDGE('',*,*,#1565,.T.);
#1565 = EDGE_CURVE('',#815,#1566,#1568,.T.);
#1566 = VERTEX_POINT('',#1567);
#1567 = CARTESIAN_POINT('',(28.669171482696,15.05643944052,
    0.501676103449));
#1568 = SURFACE_CURVE('',#1569,(#1573,#1580),.PCURVE_S1.);
#1569 = LINE('',#1570,#1571);
#1570 = CARTESIAN_POINT('',(28.669171482696,15.05643944052,
    -11.00658251253));
#1571 = VECTOR('',#1572,1.);
#1572 = DIRECTION('',(0.,0.,1.));
#1573 = PCURVE('',#282,#1574);
#1574 = DEFINITIONAL_REPRESENTATION('',(#1575),#1579);
#1575 = LINE('',#1576,#1577);
#1576 = CARTESIAN_POINT('',(30.11287888104,0.));
#1577 = VECTOR('',#1578,1.);
#1578 = DIRECTION('',(0.,1.));
#1579 = ( GEOMETRIC_REPRESENTATION_CONTEXT(2) 
PARAMETRIC_REPRESENTATION_CONTEXT() REPRESENTATION_CONTEXT('2D SPACE',''
  ) );
#1580 = PCURVE('',#126,#1581);
#1581 = DEFINITIONAL_REPRESENTATION('',(#1582),#1586);
#1582 = LINE('',#1583,#1584);
#1583 = CARTESIAN_POINT('',(57.338342965388,0.));
#1584 = VECTOR('',#1585,1.);
#1585 = DIRECTION('',(0.,-1.));
#1586 = ( GEOMETRIC_REPRESENTATION_CONTEXT(2) 
PARAMETRIC_REPRESENTATION_CONTEXT() REPRESENTATION_CONTEXT('2D SPACE',''
  ) );
#1587 = ORIENTED_EDGE('',*,*,#1588,.F.);
#1588 = EDGE_CURVE('',#1541,#1566,#1589,.T.);
#1589 = SURFACE_CURVE('',#1590,(#1595,#1602),.PCURVE_S1.);
#1590 = CIRCLE('',#1591,10.504906409083);
#1591 = AXIS2_PLACEMENT_3D('',#1592,#1593,#1594);
#1592 = CARTESIAN_POINT('',(28.669171482696,15.05643944052,
    11.006582512532));
#1593 = DIRECTION('',(1.,0.,-0.));
#1594 = DIRECTION('',(0.,0.,1.));
#1595 = PCURVE('',#282,#1596);
#1596 = DEFINITIONAL_REPRESENTATION('',(#1597),#1601);
#1597 = CIRCLE('',#1598,10.504906409083);
#1598 = AXIS2_PLACEMENT_2D('',#1599,#1600);
#1599 = CARTESIAN_POINT('',(30.11287888104,22.013165025063));
#1600 = DIRECTION('',(0.,1.));
#1601 = ( GEOMETRIC_REPRESENTATION_CONTEXT(2) 
PARAMETRIC_REPRESENTATION_CONTEXT() REPRESENTATION_CONTEXT('2D SPACE',''
  ) );
#1602 = PCURVE('',#1202,#1603);
#1603 = DEFINITIONAL_REPRESENTATION('',(#1604),#1608);
#1604 = LINE('',#1605,#1606);
#1605 = CARTESIAN_POINT('',(0.,0.));
#1606 = VECTOR('',#1607,1.);
#1607 = DIRECTION('',(1.,0.));
#1608 = ( GEOMETRIC_REPRESENTATION_CONTEXT(2) 
PARAMETRIC_REPRESENTATION_CONTEXT() REPRESENTATION_CONTEXT('2D SPACE',''
  ) );
#1609 = ADVANCED_FACE('',(#1610,#1615),#126,.T.);
#1610 = FACE_BOUND('',#1611,.T.);
#1611 = EDGE_LOOP('',(#1612,#1613,#1614));
#1612 = ORIENTED_EDGE('',*,*,#235,.F.);
#1613 = ORIENTED_EDGE('',*,*,#112,.F.);
#1614 = ORIENTED_EDGE('',*,*,#188,.F.);
#1615 = FACE_BOUND('',#1616,.T.);
#1616 = EDGE_LOOP('',(#1617,#1640,#1668,#1689,#1690,#1691,#1692));
#1617 = ORIENTED_EDGE('',*,*,#1618,.T.);
#1618 = EDGE_CURVE('',#1492,#1619,#1621,.T.);
#1619 = VERTEX_POINT('',#1620);
#1620 = CARTESIAN_POINT('',(-13.55250503672,15.05643944052,
    11.006582512532));
#1621 = SURFACE_CURVE('',#1622,(#1626,#1633),.PCURVE_S1.);
#1622 = LINE('',#1623,#1624);
#1623 = CARTESIAN_POINT('',(-28.66917148269,15.05643944052,
    11.006582512532));
#1624 = VECTOR('',#1625,1.);
#1625 = DIRECTION('',(1.,0.,0.));
#1626 = PCURVE('',#126,#1627);
#1627 = DEFINITIONAL_REPRESENTATION('',(#1628),#1632);
#1628 = LINE('',#1629,#1630);
#1629 = CARTESIAN_POINT('',(0.,-22.01316502506));
#1630 = VECTOR('',#1631,1.);
#1631 = DIRECTION('',(1.,0.));
#1632 = ( GEOMETRIC_REPRESENTATION_CONTEXT(2) 
PARAMETRIC_REPRESENTATION_CONTEXT() REPRESENTATION_CONTEXT('2D SPACE',''
  ) );
#1633 = PCURVE('',#310,#1634);
#1634 = DEFINITIONAL_REPRESENTATION('',(#1635),#1639);
#1635 = LINE('',#1636,#1637);
#1636 = CARTESIAN_POINT('',(0.,30.11287888104));
#1637 = VECTOR('',#1638,1.);
#1638 = DIRECTION('',(1.,0.));
#1639 = ( GEOMETRIC_REPRESENTATION_CONTEXT(2) 
PARAMETRIC_REPRESENTATION_CONTEXT() REPRESENTATION_CONTEXT('2D SPACE',''
  ) );
#1640 = ORIENTED_EDGE('',*,*,#1641,.F.);
#1641 = EDGE_CURVE('',#1642,#1619,#1644,.T.);
#1642 = VERTEX_POINT('',#1643);
#1643 = CARTESIAN_POINT('',(-13.55250503672,15.05643944052,
    0.501676103449));
#1644 = SURFACE_CURVE('',#1645,(#1649,#1656),.PCURVE_S1.);
#1645 = LINE('',#1646,#1647);
#1646 = CARTESIAN_POINT('',(-13.55250503672,15.05643944052,
    0.501676103449));
#1647 = VECTOR('',#1648,1.);
#1648 = DIRECTION('',(0.,0.,1.));
#1649 = PCURVE('',#126,#1650);
#1650 = DEFINITIONAL_REPRESENTATION('',(#1651),#1655);
#1651 = LINE('',#1652,#1653);
#1652 = CARTESIAN_POINT('',(15.116666445972,-11.50825861598));
#1653 = VECTOR('',#1654,1.);
#1654 = DIRECTION('',(0.,-1.));
#1655 = ( GEOMETRIC_REPRESENTATION_CONTEXT(2) 
PARAMETRIC_REPRESENTATION_CONTEXT() REPRESENTATION_CONTEXT('2D SPACE',''
  ) );
#1656 = PCURVE('',#1657,#1662);
#1657 = PLANE('',#1658);
#1658 = AXIS2_PLACEMENT_3D('',#1659,#1660,#1661);
#1659 = CARTESIAN_POINT('',(-12.95860157994,14.462535983747,
    0.501676103449));
#1660 = DIRECTION('',(0.707106781187,0.707106781187,0.));
#1661 = DIRECTION('',(0.,0.,-1.));
#1662 = DEFINITIONAL_REPRESENTATION('',(#1663),#1667);
#1663 = LINE('',#1664,#1665);
#1664 = CARTESIAN_POINT('',(0.,0.839906323309));
#1665 = VECTOR('',#1666,1.);
#1666 = DIRECTION('',(-1.,0.));
#1667 = ( GEOMETRIC_REPRESENTATION_CONTEXT(2) 
PARAMETRIC_REPRESENTATION_CONTEXT() REPRESENTATION_CONTEXT('2D SPACE',''
  ) );
#1668 = ORIENTED_EDGE('',*,*,#1669,.F.);
#1669 = EDGE_CURVE('',#1566,#1642,#1670,.T.);
#1670 = SURFACE_CURVE('',#1671,(#1675,#1682),.PCURVE_S1.);
#1671 = LINE('',#1672,#1673);
#1672 = CARTESIAN_POINT('',(28.669171482696,15.05643944052,
    0.501676103449));
#1673 = VECTOR('',#1674,1.);
#1674 = DIRECTION('',(-1.,0.,0.));
#1675 = PCURVE('',#126,#1676);
#1676 = DEFINITIONAL_REPRESENTATION('',(#1677),#1681);
#1677 = LINE('',#1678,#1679);
#1678 = CARTESIAN_POINT('',(57.338342965388,-11.50825861598));
#1679 = VECTOR('',#1680,1.);
#1680 = DIRECTION('',(-1.,0.));
#1681 = ( GEOMETRIC_REPRESENTATION_CONTEXT(2) 
PARAMETRIC_REPRESENTATION_CONTEXT() REPRESENTATION_CONTEXT('2D SPACE',''
  ) );
#1682 = PCURVE('',#1202,#1683);
#1683 = DEFINITIONAL_REPRESENTATION('',(#1684),#1688);
#1684 = LINE('',#1685,#1686);
#1685 = CARTESIAN_POINT('',(3.14159265359,0.));
#1686 = VECTOR('',#1687,1.);
#1687 = DIRECTION('',(0.,-1.));
#1688 = ( GEOMETRIC_REPRESENTATION_CONTEXT(2) 
PARAMETRIC_REPRESENTATION_CONTEXT() REPRESENTATION_CONTEXT('2D SPACE',''
  ) );
#1689 = ORIENTED_EDGE('',*,*,#1565,.F.);
#1690 = ORIENTED_EDGE('',*,*,#814,.F.);
#1691 = ORIENTED_EDGE('',*,*,#686,.T.);
#1692 = ORIENTED_EDGE('',*,*,#1491,.F.);
#1693 = ADVANCED_FACE('',(#1694,#1697),#1202,.F.);
#1694 = FACE_BOUND('',#1695,.F.);
#1695 = EDGE_LOOP('',(#1696));
#1696 = ORIENTED_EDGE('',*,*,#885,.F.);
#1697 = FACE_BOUND('',#1698,.F.);
#1698 = EDGE_LOOP('',(#1699,#1730,#1775,#1776,#1777));
#1699 = ORIENTED_EDGE('',*,*,#1700,.T.);
#1700 = EDGE_CURVE('',#1701,#1703,#1705,.T.);
#1701 = VERTEX_POINT('',#1702);
#1702 = CARTESIAN_POINT('',(-12.36469812317,4.551533031438,
    11.006582512532));
#1703 = VERTEX_POINT('',#1704);
#1704 = CARTESIAN_POINT('',(-12.36469812317,13.868632526974,
    0.56904576291));
#1705 = SURFACE_CURVE('',#1706,(#1711,#1718),.PCURVE_S1.);
#1706 = CIRCLE('',#1707,10.504906409083);
#1707 = AXIS2_PLACEMENT_3D('',#1708,#1709,#1710);
#1708 = CARTESIAN_POINT('',(-12.36469812317,15.05643944052,
    11.006582512532));
#1709 = DIRECTION('',(1.,0.,-0.));
#1710 = DIRECTION('',(0.,0.,1.));
#1711 = PCURVE('',#1202,#1712);
#1712 = DEFINITIONAL_REPRESENTATION('',(#1713),#1717);
#1713 = LINE('',#1714,#1715);
#1714 = CARTESIAN_POINT('',(0.,-41.03386960587));
#1715 = VECTOR('',#1716,1.);
#1716 = DIRECTION('',(1.,0.));
#1717 = ( GEOMETRIC_REPRESENTATION_CONTEXT(2) 
PARAMETRIC_REPRESENTATION_CONTEXT() REPRESENTATION_CONTEXT('2D SPACE',''
  ) );
#1718 = PCURVE('',#1719,#1724);
#1719 = PLANE('',#1720);
#1720 = AXIS2_PLACEMENT_3D('',#1721,#1722,#1723);
#1721 = CARTESIAN_POINT('',(-12.36469812317,10.722134575585,
    6.672277647596));
#1722 = DIRECTION('',(1.,9.479420869942E-32,-6.605747316463E-32));
#1723 = DIRECTION('',(-9.479420869942E-32,1.,0.));
#1724 = DEFINITIONAL_REPRESENTATION('',(#1725),#1729);
#1725 = CIRCLE('',#1726,10.504906409083);
#1726 = AXIS2_PLACEMENT_2D('',#1727,#1728);
#1727 = CARTESIAN_POINT('',(4.334304864935,4.334304864935));
#1728 = DIRECTION('',(0.,1.));
#1729 = ( GEOMETRIC_REPRESENTATION_CONTEXT(2) 
PARAMETRIC_REPRESENTATION_CONTEXT() REPRESENTATION_CONTEXT('2D SPACE',''
  ) );
#1730 = ORIENTED_EDGE('',*,*,#1731,.F.);
#1731 = EDGE_CURVE('',#1642,#1703,#1732,.T.);
#1732 = SURFACE_CURVE('',#1733,(#1738,#1767),.PCURVE_S1.);
#1733 = ( BOUNDED_CURVE() B_SPLINE_CURVE(3,(#1734,#1735,#1736,#1737),
.UNSPECIFIED.,.F.,.F.) B_SPLINE_CURVE_WITH_KNOTS((4,4),(4.712388980385,
4.825702949875),.PIECEWISE_BEZIER_KNOTS.) CURVE() 
GEOMETRIC_REPRESENTATION_ITEM() RATIONAL_B_SPLINE_CURVE((1.,
0.998930281557,0.998930281557,1.)) REPRESENTATION_ITEM('') );
#1734 = CARTESIAN_POINT('',(-13.55250503672,15.05643944052,
    0.501676103449));
#1735 = CARTESIAN_POINT('',(-13.15550839371,14.659442797517,
    0.501676103448));
#1736 = CARTESIAN_POINT('',(-12.75914876266,14.263083166461,
    0.524156704515));
#1737 = CARTESIAN_POINT('',(-12.36469812317,13.868632526974,
    0.56904576291));
#1738 = PCURVE('',#1202,#1739);
#1739 = DEFINITIONAL_REPRESENTATION('',(#1740),#1766);
#1740 = B_SPLINE_CURVE_WITH_KNOTS('',3,(#1741,#1742,#1743,#1744,#1745,
    #1746,#1747,#1748,#1749,#1750,#1751,#1752,#1753,#1754,#1755,#1756,
    #1757,#1758,#1759,#1760,#1761,#1762,#1763,#1764,#1765),
  .UNSPECIFIED.,.F.,.F.,(4,1,1,1,1,1,1,1,1,1,1,1,1,1,1,1,1,1,1,1,1,1,4),
  (4.712388980385,4.717539615362,4.722690250338,4.727840885315,
    4.732991520292,4.738142155269,4.743292790246,4.748443425222,
    4.753594060199,4.758744695176,4.763895330153,4.76904596513,
    4.774196600107,4.779347235083,4.78449787006,4.789648505037,
    4.794799140014,4.799949774991,4.805100409968,4.810251044944,
    4.815401679921,4.820552314898,4.825702949875),
  .QUASI_UNIFORM_KNOTS.);
#1741 = CARTESIAN_POINT('',(3.14159265359,-42.22167651941));
#1742 = CARTESIAN_POINT('',(3.139876693655,-42.20365052098));
#1743 = CARTESIAN_POINT('',(3.13644452346,-42.16759589415));
#1744 = CARTESIAN_POINT('',(3.131295585327,-42.11350821456));
#1745 = CARTESIAN_POINT('',(3.126146032467,-42.0594169456));
#1746 = CARTESIAN_POINT('',(3.120995933065,-42.00532423917));
#1747 = CARTESIAN_POINT('',(3.115845355341,-41.951232248));
#1748 = CARTESIAN_POINT('',(3.110694367557,-41.89714312564));
#1749 = CARTESIAN_POINT('',(3.105543038006,-41.84305902606));
#1750 = CARTESIAN_POINT('',(3.10039143501,-41.78898210342));
#1751 = CARTESIAN_POINT('',(3.09523962691,-41.73491451176));
#1752 = CARTESIAN_POINT('',(3.090087682065,-41.68085840472));
#1753 = CARTESIAN_POINT('',(3.084935668845,-41.62681593526));
#1754 = CARTESIAN_POINT('',(3.079783655625,-41.57278925536));
#1755 = CARTESIAN_POINT('',(3.07463171078,-41.51878051576));
#1756 = CARTESIAN_POINT('',(3.06947990268,-41.46479186562));
#1757 = CARTESIAN_POINT('',(3.064328299683,-41.41082545232));
#1758 = CARTESIAN_POINT('',(3.059176970132,-41.35688342108));
#1759 = CARTESIAN_POINT('',(3.054025982348,-41.30296791477));
#1760 = CARTESIAN_POINT('',(3.048875404625,-41.24908107354));
#1761 = CARTESIAN_POINT('',(3.043725305222,-41.19522503462));
#1762 = CARTESIAN_POINT('',(3.038575752362,-41.14140193188));
#1763 = CARTESIAN_POINT('',(3.033426814229,-41.08761389608));
#1764 = CARTESIAN_POINT('',(3.029994644034,-41.05178000046));
#1765 = CARTESIAN_POINT('',(3.0282786841,-41.03386960587));
#1766 = ( GEOMETRIC_REPRESENTATION_CONTEXT(2) 
PARAMETRIC_REPRESENTATION_CONTEXT() REPRESENTATION_CONTEXT('2D SPACE',''
  ) );
#1767 = PCURVE('',#1657,#1768);
#1768 = DEFINITIONAL_REPRESENTATION('',(#1769),#1774);
#1769 = ( BOUNDED_CURVE() B_SPLINE_CURVE(3,(#1770,#1771,#1772,#1773),
.UNSPECIFIED.,.F.,.F.) B_SPLINE_CURVE_WITH_KNOTS((4,4),(4.712388980385,
4.825702949875),.PIECEWISE_BEZIER_KNOTS.) CURVE() 
GEOMETRIC_REPRESENTATION_ITEM() RATIONAL_B_SPLINE_CURVE((1.,
0.998930281557,0.998930281557,1.)) REPRESENTATION_ITEM('') );
#1770 = CARTESIAN_POINT('',(0.,0.839906323309));
#1771 = CARTESIAN_POINT('',(1.014299755298E-12,0.278468286558));
#1772 = CARTESIAN_POINT('',(-2.248060106598E-02,-0.282068879259));
#1773 = CARTESIAN_POINT('',(-6.736965946E-02,-0.839906323309));
#1774 = ( GEOMETRIC_REPRESENTATION_CONTEXT(2) 
PARAMETRIC_REPRESENTATION_CONTEXT() REPRESENTATION_CONTEXT('2D SPACE',''
  ) );
#1775 = ORIENTED_EDGE('',*,*,#1669,.F.);
#1776 = ORIENTED_EDGE('',*,*,#1588,.F.);
#1777 = ORIENTED_EDGE('',*,*,#1778,.T.);
#1778 = EDGE_CURVE('',#1541,#1701,#1779,.T.);
#1779 = SURFACE_CURVE('',#1780,(#1784,#1791),.PCURVE_S1.);
#1780 = LINE('',#1781,#1782);
#1781 = CARTESIAN_POINT('',(28.669171482696,4.551533031438,
    11.006582512532));
#1782 = VECTOR('',#1783,1.);
#1783 = DIRECTION('',(-1.,0.,0.));
#1784 = PCURVE('',#1202,#1785);
#1785 = DEFINITIONAL_REPRESENTATION('',(#1786),#1790);
#1786 = LINE('',#1787,#1788);
#1787 = CARTESIAN_POINT('',(1.570796326795,0.));
#1788 = VECTOR('',#1789,1.);
#1789 = DIRECTION('',(0.,-1.));
#1790 = ( GEOMETRIC_REPRESENTATION_CONTEXT(2) 
PARAMETRIC_REPRESENTATION_CONTEXT() REPRESENTATION_CONTEXT('2D SPACE',''
  ) );
#1791 = PCURVE('',#310,#1792);
#1792 = DEFINITIONAL_REPRESENTATION('',(#1793),#1797);
#1793 = LINE('',#1794,#1795);
#1794 = CARTESIAN_POINT('',(57.338342965388,19.607972471958));
#1795 = VECTOR('',#1796,1.);
#1796 = DIRECTION('',(-1.,0.));
#1797 = ( GEOMETRIC_REPRESENTATION_CONTEXT(2) 
PARAMETRIC_REPRESENTATION_CONTEXT() REPRESENTATION_CONTEXT('2D SPACE',''
  ) );
#1798 = ADVANCED_FACE('',(#1799),#1657,.T.);
#1799 = FACE_BOUND('',#1800,.T.);
#1800 = EDGE_LOOP('',(#1801,#1802,#1803,#1826));
#1801 = ORIENTED_EDGE('',*,*,#1731,.F.);
#1802 = ORIENTED_EDGE('',*,*,#1641,.T.);
#1803 = ORIENTED_EDGE('',*,*,#1804,.T.);
#1804 = EDGE_CURVE('',#1619,#1805,#1807,.T.);
#1805 = VERTEX_POINT('',#1806);
#1806 = CARTESIAN_POINT('',(-12.36469812317,13.868632526974,
    11.006582512532));
#1807 = SURFACE_CURVE('',#1808,(#1812,#1819),.PCURVE_S1.);
#1808 = LINE('',#1809,#1810);
#1809 = CARTESIAN_POINT('',(-9.506500199567,11.010434603367,
    11.006582512532));
#1810 = VECTOR('',#1811,1.);
#1811 = DIRECTION('',(0.707106781187,-0.707106781187,0.));
#1812 = PCURVE('',#1657,#1813);
#1813 = DEFINITIONAL_REPRESENTATION('',(#1814),#1818);
#1814 = LINE('',#1815,#1816);
#1815 = CARTESIAN_POINT('',(-10.50490640908,-4.88200859082));
#1816 = VECTOR('',#1817,1.);
#1817 = DIRECTION('',(0.,-1.));
#1818 = ( GEOMETRIC_REPRESENTATION_CONTEXT(2) 
PARAMETRIC_REPRESENTATION_CONTEXT() REPRESENTATION_CONTEXT('2D SPACE',''
  ) );
#1819 = PCURVE('',#310,#1820);
#1820 = DEFINITIONAL_REPRESENTATION('',(#1821),#1825);
#1821 = LINE('',#1822,#1823);
#1822 = CARTESIAN_POINT('',(19.162671283125,26.066874043887));
#1823 = VECTOR('',#1824,1.);
#1824 = DIRECTION('',(0.707106781187,-0.707106781187));
#1825 = ( GEOMETRIC_REPRESENTATION_CONTEXT(2) 
PARAMETRIC_REPRESENTATION_CONTEXT() REPRESENTATION_CONTEXT('2D SPACE',''
  ) );
#1826 = ORIENTED_EDGE('',*,*,#1827,.F.);
#1827 = EDGE_CURVE('',#1703,#1805,#1828,.T.);
#1828 = SURFACE_CURVE('',#1829,(#1833,#1840),.PCURVE_S1.);
#1829 = LINE('',#1830,#1831);
#1830 = CARTESIAN_POINT('',(-12.36469812317,13.868632526974,
    0.501676103449));
#1831 = VECTOR('',#1832,1.);
#1832 = DIRECTION('',(0.,0.,1.));
#1833 = PCURVE('',#1657,#1834);
#1834 = DEFINITIONAL_REPRESENTATION('',(#1835),#1839);
#1835 = LINE('',#1836,#1837);
#1836 = CARTESIAN_POINT('',(0.,-0.839906323309));
#1837 = VECTOR('',#1838,1.);
#1838 = DIRECTION('',(-1.,0.));
#1839 = ( GEOMETRIC_REPRESENTATION_CONTEXT(2) 
PARAMETRIC_REPRESENTATION_CONTEXT() REPRESENTATION_CONTEXT('2D SPACE',''
  ) );
#1840 = PCURVE('',#1719,#1841);
#1841 = DEFINITIONAL_REPRESENTATION('',(#1842),#1846);
#1842 = LINE('',#1843,#1844);
#1843 = CARTESIAN_POINT('',(3.146497951389,-6.170601544147));
#1844 = VECTOR('',#1845,1.);
#1845 = DIRECTION('',(0.,1.));
#1846 = ( GEOMETRIC_REPRESENTATION_CONTEXT(2) 
PARAMETRIC_REPRESENTATION_CONTEXT() REPRESENTATION_CONTEXT('2D SPACE',''
  ) );
#1847 = ADVANCED_FACE('',(#1848),#1719,.T.);
#1848 = FACE_BOUND('',#1849,.T.);
#1849 = EDGE_LOOP('',(#1850,#1871,#1872));
#1850 = ORIENTED_EDGE('',*,*,#1851,.T.);
#1851 = EDGE_CURVE('',#1805,#1701,#1852,.T.);
#1852 = SURFACE_CURVE('',#1853,(#1857,#1864),.PCURVE_S1.);
#1853 = LINE('',#1854,#1855);
#1854 = CARTESIAN_POINT('',(-12.36469812317,15.05643944052,
    11.006582512532));
#1855 = VECTOR('',#1856,1.);
#1856 = DIRECTION('',(0.,-1.,0.));
#1857 = PCURVE('',#1719,#1858);
#1858 = DEFINITIONAL_REPRESENTATION('',(#1859),#1863);
#1859 = LINE('',#1860,#1861);
#1860 = CARTESIAN_POINT('',(4.334304864935,4.334304864935));
#1861 = VECTOR('',#1862,1.);
#1862 = DIRECTION('',(-1.,-6.261865897324E-63));
#1863 = ( GEOMETRIC_REPRESENTATION_CONTEXT(2) 
PARAMETRIC_REPRESENTATION_CONTEXT() REPRESENTATION_CONTEXT('2D SPACE',''
  ) );
#1864 = PCURVE('',#310,#1865);
#1865 = DEFINITIONAL_REPRESENTATION('',(#1866),#1870);
#1866 = LINE('',#1867,#1868);
#1867 = CARTESIAN_POINT('',(16.304473359518,30.11287888104));
#1868 = VECTOR('',#1869,1.);
#1869 = DIRECTION('',(0.,-1.));
#1870 = ( GEOMETRIC_REPRESENTATION_CONTEXT(2) 
PARAMETRIC_REPRESENTATION_CONTEXT() REPRESENTATION_CONTEXT('2D SPACE',''
  ) );
#1871 = ORIENTED_EDGE('',*,*,#1700,.T.);
#1872 = ORIENTED_EDGE('',*,*,#1827,.T.);
#1873 = ADVANCED_FACE('',(#1874),#310,.T.);
#1874 = FACE_BOUND('',#1875,.T.);
#1875 = EDGE_LOOP('',(#1876,#1877,#1878,#1879,#1880,#1881,#1882,#1883,
    #1884,#1885));
#1876 = ORIENTED_EDGE('',*,*,#1851,.F.);
#1877 = ORIENTED_EDGE('',*,*,#1804,.F.);
#1878 = ORIENTED_EDGE('',*,*,#1618,.F.);
#1879 = ORIENTED_EDGE('',*,*,#1516,.T.);
#1880 = ORIENTED_EDGE('',*,*,#1444,.F.);
#1881 = ORIENTED_EDGE('',*,*,#755,.F.);
#1882 = ORIENTED_EDGE('',*,*,#1417,.T.);
#1883 = ORIENTED_EDGE('',*,*,#294,.T.);
#1884 = ORIENTED_EDGE('',*,*,#1540,.T.);
#1885 = ORIENTED_EDGE('',*,*,#1778,.T.);
#1886 = ( GEOMETRIC_REPRESENTATION_CONTEXT(3) 
GLOBAL_UNCERTAINTY_ASSIGNED_CONTEXT((#1890)) 
GLOBAL_UNIT_ASSIGNED_CONTEXT((#1887,#1888,#1889)) REPRESENTATION_CONTEXT
('Context #1','3D Context with UNIT and UNCERTAINTY') );
#1887 = ( LENGTH_UNIT() NAMED_UNIT(*) SI_UNIT(.MILLI.,.METRE.) );
#1888 = ( NAMED_UNIT(*) PLANE_ANGLE_UNIT() SI_UNIT($,.RADIAN.) );
#1889 = ( NAMED_UNIT(*) SI_UNIT($,.STERADIAN.) SOLID_ANGLE_UNIT() );
#1890 = UNCERTAINTY_MEASURE_WITH_UNIT(LENGTH_MEASURE(5.E-07),#1887,
  'distance_accuracy_value','confusion accuracy');
#1891 = PRODUCT_RELATED_PRODUCT_CATEGORY('detail',$,(#7));
#1892 = PRODUCT_CATEGORY_RELATIONSHIP('','',#1893,#1891);
#1893 = PRODUCT_CATEGORY('part',$);
#1894 = CC_DESIGN_PERSON_AND_ORGANIZATION_ASSIGNMENT(#1895,#1898,(#6,#5)
  );
#1895 = PERSON_AND_ORGANIZATION(#1896,#1897);
#1896 = PERSON('IP10.19.211,Lenovo','','Lenovo',$,$,$);
#1897 = ORGANIZATION('IP10.19.211','Unspecified','');
#1898 = PERSON_AND_ORGANIZATION_ROLE('creator');
#1899 = CC_DESIGN_PERSON_AND_ORGANIZATION_ASSIGNMENT(#1895,#1900,(#7));
#1900 = PERSON_AND_ORGANIZATION_ROLE('design_owner');
#1901 = CC_DESIGN_PERSON_AND_ORGANIZATION_ASSIGNMENT(#1895,#1902,(#6));
#1902 = PERSON_AND_ORGANIZATION_ROLE('design_supplier');
#1903 = CC_DESIGN_PERSON_AND_ORGANIZATION_ASSIGNMENT(#1895,#1904,(#1905)
  );
#1904 = PERSON_AND_ORGANIZATION_ROLE('classification_officer');
#1905 = SECURITY_CLASSIFICATION('','',#1906);
#1906 = SECURITY_CLASSIFICATION_LEVEL('unclassified');
#1907 = CC_DESIGN_SECURITY_CLASSIFICATION(#1905,(#6));
#1908 = CC_DESIGN_DATE_AND_TIME_ASSIGNMENT(#1909,#1913,(#5));
#1909 = DATE_AND_TIME(#1910,#1911);
#1910 = CALENDAR_DATE(2026,20,4);
#1911 = LOCAL_TIME(11,38,$,#1912);
#1912 = COORDINATED_UNIVERSAL_TIME_OFFSET(8,$,.AHEAD.);
#1913 = DATE_TIME_ROLE('creation_date');
#1914 = CC_DESIGN_DATE_AND_TIME_ASSIGNMENT(#1909,#1915,(#1905));
#1915 = DATE_TIME_ROLE('classification_date');
#1916 = CC_DESIGN_APPROVAL(#1917,(#6,#5,#1905));
#1917 = APPROVAL(#1918,'');
#1918 = APPROVAL_STATUS('not_yet_approved');
#1919 = APPROVAL_PERSON_ORGANIZATION(#1895,#1917,#1920);
#1920 = APPROVAL_ROLE('approver');
#1921 = APPROVAL_DATE_TIME(#1909,#1917);
ENDSEC;
END-ISO-10303-21;
