ISO-10303-21;
HEADER;
FILE_DESCRIPTION(('Open CASCADE Model'),'2;1');
FILE_NAME('Open CASCADE Shape Model','2026-04-14T16:15:18',('Author'),(
    'Open CASCADE'),'Open CASCADE STEP processor 7.5','Open CASCADE 7.5'
  ,'Unknown');
FILE_SCHEMA(('AUTOMOTIVE_DESIGN { 1 0 10303 214 1 1 1 1 }'));
ENDSEC;
DATA;
#1 = APPLICATION_PROTOCOL_DEFINITION('international standard',
  'automotive_design',2000,#2);
#2 = APPLICATION_CONTEXT(
  'core data for automotive mechanical design processes');
#3 = SHAPE_DEFINITION_REPRESENTATION(#4,#10);
#4 = PRODUCT_DEFINITION_SHAPE('','',#5);
#5 = PRODUCT_DEFINITION('design','',#6,#9);
#6 = PRODUCT_DEFINITION_FORMATION('','',#7);
#7 = PRODUCT('Open CASCADE STEP translator 7.5 7',
  'Open CASCADE STEP translator 7.5 7','',(#8));
#8 = PRODUCT_CONTEXT('',#2,'mechanical');
#9 = PRODUCT_DEFINITION_CONTEXT('part definition',#2,'design');
#10 = ADVANCED_BREP_SHAPE_REPRESENTATION('',(#11,#15),#2075);
#11 = AXIS2_PLACEMENT_3D('',#12,#13,#14);
#12 = CARTESIAN_POINT('',(0.,0.,0.));
#13 = DIRECTION('',(0.,0.,1.));
#14 = DIRECTION('',(1.,0.,-0.));
#15 = MANIFOLD_SOLID_BREP('',#16);
#16 = CLOSED_SHELL('',(#17,#650,#782,#831,#974,#1045,#1117,#1166,#1258,
    #1307,#1357,#1428,#1477,#1526,#1575,#1624,#1651,#1720,#1767,#1792,
    #1847,#1874,#1920,#1967,#1977,#2016,#2071));
#17 = ADVANCED_FACE('',(#18,#201,#371,#529,#615),#32,.F.);
#18 = FACE_BOUND('',#19,.F.);
#19 = EDGE_LOOP('',(#20,#55,#83,#111,#134,#157,#180));
#20 = ORIENTED_EDGE('',*,*,#21,.T.);
#21 = EDGE_CURVE('',#22,#24,#26,.T.);
#22 = VERTEX_POINT('',#23);
#23 = CARTESIAN_POINT('',(0.,74.813589327054,13.961309062302));
#24 = VERTEX_POINT('',#25);
#25 = CARTESIAN_POINT('',(6.938893903907E-18,74.910190132754,
    13.915923234979));
#26 = SURFACE_CURVE('',#27,(#31,#43),.PCURVE_S1.);
#27 = LINE('',#28,#29);
#28 = CARTESIAN_POINT('',(0.,44.650165046913,28.132950343461));
#29 = VECTOR('',#30,1.);
#30 = DIRECTION('',(-0.,0.905083390755,-0.425234118785));
#31 = PCURVE('',#32,#37);
#32 = PLANE('',#33);
#33 = AXIS2_PLACEMENT_3D('',#34,#35,#36);
#34 = CARTESIAN_POINT('',(0.,0.,0.));
#35 = DIRECTION('',(1.,0.,-0.));
#36 = DIRECTION('',(0.,0.,1.));
#37 = DEFINITIONAL_REPRESENTATION('',(#38),#42);
#38 = LINE('',#39,#40);
#39 = CARTESIAN_POINT('',(28.132950343461,-44.65016504691));
#40 = VECTOR('',#41,1.);
#41 = DIRECTION('',(-0.425234118785,-0.905083390755));
#42 = ( GEOMETRIC_REPRESENTATION_CONTEXT(2) 
PARAMETRIC_REPRESENTATION_CONTEXT() REPRESENTATION_CONTEXT('2D SPACE',''
  ) );
#43 = PCURVE('',#44,#49);
#44 = PLANE('',#45);
#45 = AXIS2_PLACEMENT_3D('',#46,#47,#48);
#46 = CARTESIAN_POINT('',(0.,70.398911782631,16.035451107665));
#47 = DIRECTION('',(0.,0.425234118785,0.905083390755));
#48 = DIRECTION('',(0.,0.905083390755,-0.425234118785));
#49 = DEFINITIONAL_REPRESENTATION('',(#50),#54);
#50 = LINE('',#51,#52);
#51 = CARTESIAN_POINT('',(-28.4490324303,0.));
#52 = VECTOR('',#53,1.);
#53 = DIRECTION('',(1.,0.));
#54 = ( GEOMETRIC_REPRESENTATION_CONTEXT(2) 
PARAMETRIC_REPRESENTATION_CONTEXT() REPRESENTATION_CONTEXT('2D SPACE',''
  ) );
#55 = ORIENTED_EDGE('',*,*,#56,.T.);
#56 = EDGE_CURVE('',#24,#57,#59,.T.);
#57 = VERTEX_POINT('',#58);
#58 = CARTESIAN_POINT('',(6.938893903907E-18,71.901685930757,
    10.972144636089));
#59 = SURFACE_CURVE('',#60,(#64,#71),.PCURVE_S1.);
#60 = LINE('',#61,#62);
#61 = CARTESIAN_POINT('',(6.938893903907E-18,74.88352695677,
    13.889833696268));
#62 = VECTOR('',#63,1.);
#63 = DIRECTION('',(0.,-0.71475366034,-0.699376297161));
#64 = PCURVE('',#32,#65);
#65 = DEFINITIONAL_REPRESENTATION('',(#66),#70);
#66 = LINE('',#67,#68);
#67 = CARTESIAN_POINT('',(13.889833696268,-74.88352695677));
#68 = VECTOR('',#69,1.);
#69 = DIRECTION('',(-0.699376297161,0.71475366034));
#70 = ( GEOMETRIC_REPRESENTATION_CONTEXT(2) 
PARAMETRIC_REPRESENTATION_CONTEXT() REPRESENTATION_CONTEXT('2D SPACE',''
  ) );
#71 = PCURVE('',#72,#77);
#72 = PLANE('',#73);
#73 = AXIS2_PLACEMENT_3D('',#74,#75,#76);
#74 = CARTESIAN_POINT('',(3.535533905933E-02,74.823831455796,
    13.95084173729));
#75 = DIRECTION('',(0.923879532511,0.267639721912,-0.273524384034));
#76 = DIRECTION('',(-1.387778780781E-16,0.71475366034,0.699376297161));
#77 = DEFINITIONAL_REPRESENTATION('',(#78),#82);
#78 = LINE('',#79,#80);
#79 = CARTESIAN_POINT('',(7.105427357601E-15,-9.238795325113E-02));
#80 = VECTOR('',#81,1.);
#81 = DIRECTION('',(-1.,0.));
#82 = ( GEOMETRIC_REPRESENTATION_CONTEXT(2) 
PARAMETRIC_REPRESENTATION_CONTEXT() REPRESENTATION_CONTEXT('2D SPACE',''
  ) );
#83 = ORIENTED_EDGE('',*,*,#84,.F.);
#84 = EDGE_CURVE('',#85,#57,#87,.T.);
#85 = VERTEX_POINT('',#86);
#86 = CARTESIAN_POINT('',(0.,71.869506760635,11.080566118139));
#87 = SURFACE_CURVE('',#88,(#92,#99),.PCURVE_S1.);
#88 = LINE('',#89,#90);
#89 = CARTESIAN_POINT('',(0.,70.455463189163,15.844912094847));
#90 = VECTOR('',#91,1.);
#91 = DIRECTION('',(-0.,0.28452956427,-0.958667266082));
#92 = PCURVE('',#32,#93);
#93 = DEFINITIONAL_REPRESENTATION('',(#94),#98);
#94 = LINE('',#95,#96);
#95 = CARTESIAN_POINT('',(15.844912094847,-70.45546318916));
#96 = VECTOR('',#97,1.);
#97 = DIRECTION('',(-0.958667266082,-0.28452956427));
#98 = ( GEOMETRIC_REPRESENTATION_CONTEXT(2) 
PARAMETRIC_REPRESENTATION_CONTEXT() REPRESENTATION_CONTEXT('2D SPACE',''
  ) );
#99 = PCURVE('',#100,#105);
#100 = PLANE('',#101);
#101 = AXIS2_PLACEMENT_3D('',#102,#103,#104);
#102 = CARTESIAN_POINT('',(0.,71.837327590514,11.188987600189));
#103 = DIRECTION('',(0.,-0.958667266082,-0.28452956427));
#104 = DIRECTION('',(0.,-0.28452956427,0.958667266082));
#105 = DEFINITIONAL_REPRESENTATION('',(#106),#110);
#106 = LINE('',#107,#108);
#107 = CARTESIAN_POINT('',(4.856663682373,0.));
#108 = VECTOR('',#109,1.);
#109 = DIRECTION('',(-1.,0.));
#110 = ( GEOMETRIC_REPRESENTATION_CONTEXT(2) 
PARAMETRIC_REPRESENTATION_CONTEXT() REPRESENTATION_CONTEXT('2D SPACE',''
  ) );
#111 = ORIENTED_EDGE('',*,*,#112,.F.);
#112 = EDGE_CURVE('',#113,#85,#115,.T.);
#113 = VERTEX_POINT('',#114);
#114 = CARTESIAN_POINT('',(0.,71.837327590514,11.188987600189));
#115 = SURFACE_CURVE('',#116,(#120,#127),.PCURVE_S1.);
#116 = LINE('',#117,#118);
#117 = CARTESIAN_POINT('',(0.,70.455463189163,15.844912094847));
#118 = VECTOR('',#119,1.);
#119 = DIRECTION('',(-0.,0.28452956427,-0.958667266082));
#120 = PCURVE('',#32,#121);
#121 = DEFINITIONAL_REPRESENTATION('',(#122),#126);
#122 = LINE('',#123,#124);
#123 = CARTESIAN_POINT('',(15.844912094847,-70.45546318916));
#124 = VECTOR('',#125,1.);
#125 = DIRECTION('',(-0.958667266082,-0.28452956427));
#126 = ( GEOMETRIC_REPRESENTATION_CONTEXT(2) 
PARAMETRIC_REPRESENTATION_CONTEXT() REPRESENTATION_CONTEXT('2D SPACE',''
  ) );
#127 = PCURVE('',#100,#128);
#128 = DEFINITIONAL_REPRESENTATION('',(#129),#133);
#129 = LINE('',#130,#131);
#130 = CARTESIAN_POINT('',(4.856663682373,0.));
#131 = VECTOR('',#132,1.);
#132 = DIRECTION('',(-1.,0.));
#133 = ( GEOMETRIC_REPRESENTATION_CONTEXT(2) 
PARAMETRIC_REPRESENTATION_CONTEXT() REPRESENTATION_CONTEXT('2D SPACE',''
  ) );
#134 = ORIENTED_EDGE('',*,*,#135,.T.);
#135 = EDGE_CURVE('',#113,#136,#138,.T.);
#136 = VERTEX_POINT('',#137);
#137 = CARTESIAN_POINT('',(0.,70.398911782631,16.035451107665));
#138 = SURFACE_CURVE('',#139,(#143,#150),.PCURVE_S1.);
#139 = LINE('',#140,#141);
#140 = CARTESIAN_POINT('',(0.,71.837327590514,11.188987600189));
#141 = VECTOR('',#142,1.);
#142 = DIRECTION('',(0.,-0.28452956427,0.958667266082));
#143 = PCURVE('',#32,#144);
#144 = DEFINITIONAL_REPRESENTATION('',(#145),#149);
#145 = LINE('',#146,#147);
#146 = CARTESIAN_POINT('',(11.188987600189,-71.83732759051));
#147 = VECTOR('',#148,1.);
#148 = DIRECTION('',(0.958667266082,0.28452956427));
#149 = ( GEOMETRIC_REPRESENTATION_CONTEXT(2) 
PARAMETRIC_REPRESENTATION_CONTEXT() REPRESENTATION_CONTEXT('2D SPACE',''
  ) );
#150 = PCURVE('',#100,#151);
#151 = DEFINITIONAL_REPRESENTATION('',(#152),#156);
#152 = LINE('',#153,#154);
#153 = CARTESIAN_POINT('',(0.,0.));
#154 = VECTOR('',#155,1.);
#155 = DIRECTION('',(1.,0.));
#156 = ( GEOMETRIC_REPRESENTATION_CONTEXT(2) 
PARAMETRIC_REPRESENTATION_CONTEXT() REPRESENTATION_CONTEXT('2D SPACE',''
  ) );
#157 = ORIENTED_EDGE('',*,*,#158,.T.);
#158 = EDGE_CURVE('',#136,#159,#161,.T.);
#159 = VERTEX_POINT('',#160);
#160 = CARTESIAN_POINT('',(0.,74.716988521354,14.006694889625));
#161 = SURFACE_CURVE('',#162,(#166,#173),.PCURVE_S1.);
#162 = LINE('',#163,#164);
#163 = CARTESIAN_POINT('',(0.,70.398911782631,16.035451107665));
#164 = VECTOR('',#165,1.);
#165 = DIRECTION('',(0.,0.905083390755,-0.425234118785));
#166 = PCURVE('',#32,#167);
#167 = DEFINITIONAL_REPRESENTATION('',(#168),#172);
#168 = LINE('',#169,#170);
#169 = CARTESIAN_POINT('',(16.035451107665,-70.39891178263));
#170 = VECTOR('',#171,1.);
#171 = DIRECTION('',(-0.425234118785,-0.905083390755));
#172 = ( GEOMETRIC_REPRESENTATION_CONTEXT(2) 
PARAMETRIC_REPRESENTATION_CONTEXT() REPRESENTATION_CONTEXT('2D SPACE',''
  ) );
#173 = PCURVE('',#44,#174);
#174 = DEFINITIONAL_REPRESENTATION('',(#175),#179);
#175 = LINE('',#176,#177);
#176 = CARTESIAN_POINT('',(0.,0.));
#177 = VECTOR('',#178,1.);
#178 = DIRECTION('',(1.,0.));
#179 = ( GEOMETRIC_REPRESENTATION_CONTEXT(2) 
PARAMETRIC_REPRESENTATION_CONTEXT() REPRESENTATION_CONTEXT('2D SPACE',''
  ) );
#180 = ORIENTED_EDGE('',*,*,#181,.T.);
#181 = EDGE_CURVE('',#159,#22,#182,.T.);
#182 = SURFACE_CURVE('',#183,(#187,#194),.PCURVE_S1.);
#183 = LINE('',#184,#185);
#184 = CARTESIAN_POINT('',(0.,44.650165046913,28.132950343461));
#185 = VECTOR('',#186,1.);
#186 = DIRECTION('',(-0.,0.905083390755,-0.425234118785));
#187 = PCURVE('',#32,#188);
#188 = DEFINITIONAL_REPRESENTATION('',(#189),#193);
#189 = LINE('',#190,#191);
#190 = CARTESIAN_POINT('',(28.132950343461,-44.65016504691));
#191 = VECTOR('',#192,1.);
#192 = DIRECTION('',(-0.425234118785,-0.905083390755));
#193 = ( GEOMETRIC_REPRESENTATION_CONTEXT(2) 
PARAMETRIC_REPRESENTATION_CONTEXT() REPRESENTATION_CONTEXT('2D SPACE',''
  ) );
#194 = PCURVE('',#44,#195);
#195 = DEFINITIONAL_REPRESENTATION('',(#196),#200);
#196 = LINE('',#197,#198);
#197 = CARTESIAN_POINT('',(-28.4490324303,0.));
#198 = VECTOR('',#199,1.);
#199 = DIRECTION('',(1.,0.));
#200 = ( GEOMETRIC_REPRESENTATION_CONTEXT(2) 
PARAMETRIC_REPRESENTATION_CONTEXT() REPRESENTATION_CONTEXT('2D SPACE',''
  ) );
#201 = FACE_BOUND('',#202,.F.);
#202 = EDGE_LOOP('',(#203,#233,#261,#289,#317,#345));
#203 = ORIENTED_EDGE('',*,*,#204,.F.);
#204 = EDGE_CURVE('',#205,#207,#209,.T.);
#205 = VERTEX_POINT('',#206);
#206 = CARTESIAN_POINT('',(0.,0.,49.69260353559));
#207 = VERTEX_POINT('',#208);
#208 = CARTESIAN_POINT('',(0.,79.455898650451,49.69260353559));
#209 = SURFACE_CURVE('',#210,(#214,#221),.PCURVE_S1.);
#210 = LINE('',#211,#212);
#211 = CARTESIAN_POINT('',(0.,0.,49.69260353559));
#212 = VECTOR('',#213,1.);
#213 = DIRECTION('',(-0.,1.,0.));
#214 = PCURVE('',#32,#215);
#215 = DEFINITIONAL_REPRESENTATION('',(#216),#220);
#216 = LINE('',#217,#218);
#217 = CARTESIAN_POINT('',(49.69260353559,0.));
#218 = VECTOR('',#219,1.);
#219 = DIRECTION('',(0.,-1.));
#220 = ( GEOMETRIC_REPRESENTATION_CONTEXT(2) 
PARAMETRIC_REPRESENTATION_CONTEXT() REPRESENTATION_CONTEXT('2D SPACE',''
  ) );
#221 = PCURVE('',#222,#227);
#222 = PLANE('',#223);
#223 = AXIS2_PLACEMENT_3D('',#224,#225,#226);
#224 = CARTESIAN_POINT('',(0.,0.,49.69260353559));
#225 = DIRECTION('',(0.,0.,1.));
#226 = DIRECTION('',(1.,0.,-0.));
#227 = DEFINITIONAL_REPRESENTATION('',(#228),#232);
#228 = LINE('',#229,#230);
#229 = CARTESIAN_POINT('',(0.,0.));
#230 = VECTOR('',#231,1.);
#231 = DIRECTION('',(0.,1.));
#232 = ( GEOMETRIC_REPRESENTATION_CONTEXT(2) 
PARAMETRIC_REPRESENTATION_CONTEXT() REPRESENTATION_CONTEXT('2D SPACE',''
  ) );
#233 = ORIENTED_EDGE('',*,*,#234,.F.);
#234 = EDGE_CURVE('',#235,#205,#237,.T.);
#235 = VERTEX_POINT('',#236);
#236 = CARTESIAN_POINT('',(0.,0.,0.));
#237 = SURFACE_CURVE('',#238,(#242,#249),.PCURVE_S1.);
#238 = LINE('',#239,#240);
#239 = CARTESIAN_POINT('',(0.,0.,0.));
#240 = VECTOR('',#241,1.);
#241 = DIRECTION('',(0.,0.,1.));
#242 = PCURVE('',#32,#243);
#243 = DEFINITIONAL_REPRESENTATION('',(#244),#248);
#244 = LINE('',#245,#246);
#245 = CARTESIAN_POINT('',(0.,0.));
#246 = VECTOR('',#247,1.);
#247 = DIRECTION('',(1.,0.));
#248 = ( GEOMETRIC_REPRESENTATION_CONTEXT(2) 
PARAMETRIC_REPRESENTATION_CONTEXT() REPRESENTATION_CONTEXT('2D SPACE',''
  ) );
#249 = PCURVE('',#250,#255);
#250 = PLANE('',#251);
#251 = AXIS2_PLACEMENT_3D('',#252,#253,#254);
#252 = CARTESIAN_POINT('',(0.,0.,0.));
#253 = DIRECTION('',(-0.,1.,0.));
#254 = DIRECTION('',(0.,0.,1.));
#255 = DEFINITIONAL_REPRESENTATION('',(#256),#260);
#256 = LINE('',#257,#258);
#257 = CARTESIAN_POINT('',(0.,0.));
#258 = VECTOR('',#259,1.);
#259 = DIRECTION('',(1.,0.));
#260 = ( GEOMETRIC_REPRESENTATION_CONTEXT(2) 
PARAMETRIC_REPRESENTATION_CONTEXT() REPRESENTATION_CONTEXT('2D SPACE',''
  ) );
#261 = ORIENTED_EDGE('',*,*,#262,.T.);
#262 = EDGE_CURVE('',#235,#263,#265,.T.);
#263 = VERTEX_POINT('',#264);
#264 = CARTESIAN_POINT('',(0.,21.158823075616,0.));
#265 = SURFACE_CURVE('',#266,(#270,#277),.PCURVE_S1.);
#266 = LINE('',#267,#268);
#267 = CARTESIAN_POINT('',(0.,0.,0.));
#268 = VECTOR('',#269,1.);
#269 = DIRECTION('',(-0.,1.,0.));
#270 = PCURVE('',#32,#271);
#271 = DEFINITIONAL_REPRESENTATION('',(#272),#276);
#272 = LINE('',#273,#274);
#273 = CARTESIAN_POINT('',(0.,0.));
#274 = VECTOR('',#275,1.);
#275 = DIRECTION('',(0.,-1.));
#276 = ( GEOMETRIC_REPRESENTATION_CONTEXT(2) 
PARAMETRIC_REPRESENTATION_CONTEXT() REPRESENTATION_CONTEXT('2D SPACE',''
  ) );
#277 = PCURVE('',#278,#283);
#278 = PLANE('',#279);
#279 = AXIS2_PLACEMENT_3D('',#280,#281,#282);
#280 = CARTESIAN_POINT('',(0.,0.,0.));
#281 = DIRECTION('',(0.,0.,1.));
#282 = DIRECTION('',(1.,0.,-0.));
#283 = DEFINITIONAL_REPRESENTATION('',(#284),#288);
#284 = LINE('',#285,#286);
#285 = CARTESIAN_POINT('',(0.,0.));
#286 = VECTOR('',#287,1.);
#287 = DIRECTION('',(0.,1.));
#288 = ( GEOMETRIC_REPRESENTATION_CONTEXT(2) 
PARAMETRIC_REPRESENTATION_CONTEXT() REPRESENTATION_CONTEXT('2D SPACE',''
  ) );
#289 = ORIENTED_EDGE('',*,*,#290,.T.);
#290 = EDGE_CURVE('',#263,#291,#293,.T.);
#291 = VERTEX_POINT('',#292);
#292 = CARTESIAN_POINT('',(0.,21.158823075616,8.717710563684));
#293 = SURFACE_CURVE('',#294,(#298,#305),.PCURVE_S1.);
#294 = LINE('',#295,#296);
#295 = CARTESIAN_POINT('',(0.,21.158823075616,0.));
#296 = VECTOR('',#297,1.);
#297 = DIRECTION('',(0.,0.,1.));
#298 = PCURVE('',#32,#299);
#299 = DEFINITIONAL_REPRESENTATION('',(#300),#304);
#300 = LINE('',#301,#302);
#301 = CARTESIAN_POINT('',(0.,-21.15882307561));
#302 = VECTOR('',#303,1.);
#303 = DIRECTION('',(1.,0.));
#304 = ( GEOMETRIC_REPRESENTATION_CONTEXT(2) 
PARAMETRIC_REPRESENTATION_CONTEXT() REPRESENTATION_CONTEXT('2D SPACE',''
  ) );
#305 = PCURVE('',#306,#311);
#306 = PLANE('',#307);
#307 = AXIS2_PLACEMENT_3D('',#308,#309,#310);
#308 = CARTESIAN_POINT('',(17.997044224765,21.158823075616,
    5.327321666684));
#309 = DIRECTION('',(-1.948844081718E-31,1.,-3.955050379072E-31));
#310 = DIRECTION('',(0.,3.955050379072E-31,1.));
#311 = DEFINITIONAL_REPRESENTATION('',(#312),#316);
#312 = LINE('',#313,#314);
#313 = CARTESIAN_POINT('',(-5.327321666684,-17.99704422476));
#314 = VECTOR('',#315,1.);
#315 = DIRECTION('',(1.,-7.707776524151E-62));
#316 = ( GEOMETRIC_REPRESENTATION_CONTEXT(2) 
PARAMETRIC_REPRESENTATION_CONTEXT() REPRESENTATION_CONTEXT('2D SPACE',''
  ) );
#317 = ORIENTED_EDGE('',*,*,#318,.F.);
#318 = EDGE_CURVE('',#319,#291,#321,.T.);
#319 = VERTEX_POINT('',#320);
#320 = CARTESIAN_POINT('',(0.,79.455898650451,8.717710563684));
#321 = SURFACE_CURVE('',#322,(#326,#333),.PCURVE_S1.);
#322 = LINE('',#323,#324);
#323 = CARTESIAN_POINT('',(0.,79.455898650451,8.717710563684));
#324 = VECTOR('',#325,1.);
#325 = DIRECTION('',(0.,-1.,-0.));
#326 = PCURVE('',#32,#327);
#327 = DEFINITIONAL_REPRESENTATION('',(#328),#332);
#328 = LINE('',#329,#330);
#329 = CARTESIAN_POINT('',(8.717710563684,-79.45589865045));
#330 = VECTOR('',#331,1.);
#331 = DIRECTION('',(0.,1.));
#332 = ( GEOMETRIC_REPRESENTATION_CONTEXT(2) 
PARAMETRIC_REPRESENTATION_CONTEXT() REPRESENTATION_CONTEXT('2D SPACE',''
  ) );
#333 = PCURVE('',#334,#339);
#334 = PLANE('',#335);
#335 = AXIS2_PLACEMENT_3D('',#336,#337,#338);
#336 = CARTESIAN_POINT('',(0.,79.455898650451,8.717710563684));
#337 = DIRECTION('',(-0.241062007609,-0.,0.970509715813));
#338 = DIRECTION('',(0.970509715813,0.,0.241062007609));
#339 = DEFINITIONAL_REPRESENTATION('',(#340),#344);
#340 = LINE('',#341,#342);
#341 = CARTESIAN_POINT('',(0.,0.));
#342 = VECTOR('',#343,1.);
#343 = DIRECTION('',(0.,-1.));
#344 = ( GEOMETRIC_REPRESENTATION_CONTEXT(2) 
PARAMETRIC_REPRESENTATION_CONTEXT() REPRESENTATION_CONTEXT('2D SPACE',''
  ) );
#345 = ORIENTED_EDGE('',*,*,#346,.T.);
#346 = EDGE_CURVE('',#319,#207,#347,.T.);
#347 = SURFACE_CURVE('',#348,(#352,#359),.PCURVE_S1.);
#348 = LINE('',#349,#350);
#349 = CARTESIAN_POINT('',(0.,79.455898650451,0.));
#350 = VECTOR('',#351,1.);
#351 = DIRECTION('',(0.,0.,1.));
#352 = PCURVE('',#32,#353);
#353 = DEFINITIONAL_REPRESENTATION('',(#354),#358);
#354 = LINE('',#355,#356);
#355 = CARTESIAN_POINT('',(0.,-79.45589865045));
#356 = VECTOR('',#357,1.);
#357 = DIRECTION('',(1.,0.));
#358 = ( GEOMETRIC_REPRESENTATION_CONTEXT(2) 
PARAMETRIC_REPRESENTATION_CONTEXT() REPRESENTATION_CONTEXT('2D SPACE',''
  ) );
#359 = PCURVE('',#360,#365);
#360 = PLANE('',#361);
#361 = AXIS2_PLACEMENT_3D('',#362,#363,#364);
#362 = CARTESIAN_POINT('',(0.,79.455898650451,0.));
#363 = DIRECTION('',(-0.,1.,0.));
#364 = DIRECTION('',(0.,0.,1.));
#365 = DEFINITIONAL_REPRESENTATION('',(#366),#370);
#366 = LINE('',#367,#368);
#367 = CARTESIAN_POINT('',(0.,0.));
#368 = VECTOR('',#369,1.);
#369 = DIRECTION('',(1.,0.));
#370 = ( GEOMETRIC_REPRESENTATION_CONTEXT(2) 
PARAMETRIC_REPRESENTATION_CONTEXT() REPRESENTATION_CONTEXT('2D SPACE',''
  ) );
#371 = FACE_BOUND('',#372,.F.);
#372 = EDGE_LOOP('',(#373,#401,#427,#453,#479,#505));
#373 = ORIENTED_EDGE('',*,*,#374,.F.);
#374 = EDGE_CURVE('',#375,#377,#379,.T.);
#375 = VERTEX_POINT('',#376);
#376 = CARTESIAN_POINT('',(0.,64.191171899734,22.984537861412));
#377 = VERTEX_POINT('',#378);
#378 = CARTESIAN_POINT('',(0.,63.978269765298,21.137742696061));
#379 = SURFACE_CURVE('',#380,(#384,#390),.PCURVE_S1.);
#380 = LINE('',#381,#382);
#381 = CARTESIAN_POINT('',(-3.552713678801E-15,62.46274352482,
    7.991484011099));
#382 = VECTOR('',#383,1.);
#383 = DIRECTION('',(0.,-0.114523450354,-0.993420545046));
#384 = PCURVE('',#32,#385);
#385 = DEFINITIONAL_REPRESENTATION('',(#386),#389);
#386 = B_SPLINE_CURVE_WITH_KNOTS('',1,(#387,#388),.UNSPECIFIED.,.F.,.F.,
  (2,2),(-15.09235330906,-13.23332676228),.PIECEWISE_BEZIER_KNOTS.);
#387 = CARTESIAN_POINT('',(22.984537861412,-64.19117189973));
#388 = CARTESIAN_POINT('',(21.137742696061,-63.97826976529));
#389 = ( GEOMETRIC_REPRESENTATION_CONTEXT(2) 
PARAMETRIC_REPRESENTATION_CONTEXT() REPRESENTATION_CONTEXT('2D SPACE',''
  ) );
#390 = PCURVE('',#391,#396);
#391 = PLANE('',#392);
#392 = AXIS2_PLACEMENT_3D('',#393,#394,#395);
#393 = CARTESIAN_POINT('',(35.99408844953,64.191171899734,
    22.984537861412));
#394 = DIRECTION('',(0.,-0.993420545046,0.114523450354));
#395 = DIRECTION('',(0.,-0.114523450354,-0.993420545046));
#396 = DEFINITIONAL_REPRESENTATION('',(#397),#400);
#397 = B_SPLINE_CURVE_WITH_KNOTS('',1,(#398,#399),.UNSPECIFIED.,.F.,.F.,
  (2,2),(-15.09235330906,-13.23332676228),.PIECEWISE_BEZIER_KNOTS.);
#398 = CARTESIAN_POINT('',(0.,-35.99408844953));
#399 = CARTESIAN_POINT('',(1.859026546775,-35.99408844953));
#400 = ( GEOMETRIC_REPRESENTATION_CONTEXT(2) 
PARAMETRIC_REPRESENTATION_CONTEXT() REPRESENTATION_CONTEXT('2D SPACE',''
  ) );
#401 = ORIENTED_EDGE('',*,*,#402,.F.);
#402 = EDGE_CURVE('',#403,#375,#405,.T.);
#403 = VERTEX_POINT('',#404);
#404 = CARTESIAN_POINT('',(0.,65.896994495732,23.723556787146));
#405 = SURFACE_CURVE('',#406,(#410,#416),.PCURVE_S1.);
#406 = LINE('',#407,#408);
#407 = CARTESIAN_POINT('',(0.,33.828540828668,9.830439041738));
#408 = VECTOR('',#409,1.);
#409 = DIRECTION('',(0.,-0.917589153828,-0.397530055187));
#410 = PCURVE('',#32,#411);
#411 = DEFINITIONAL_REPRESENTATION('',(#412),#415);
#412 = B_SPLINE_CURVE_WITH_KNOTS('',1,(#413,#414),.UNSPECIFIED.,.F.,.F.,
  (2,2),(-34.94859712899,-33.08957058221),.PIECEWISE_BEZIER_KNOTS.);
#413 = CARTESIAN_POINT('',(23.723556787146,-65.89699449573));
#414 = CARTESIAN_POINT('',(22.984537861412,-64.19117189973));
#415 = ( GEOMETRIC_REPRESENTATION_CONTEXT(2) 
PARAMETRIC_REPRESENTATION_CONTEXT() REPRESENTATION_CONTEXT('2D SPACE',''
  ) );
#416 = PCURVE('',#417,#422);
#417 = PLANE('',#418);
#418 = AXIS2_PLACEMENT_3D('',#419,#420,#421);
#419 = CARTESIAN_POINT('',(35.99408844953,65.896994495732,
    23.723556787146));
#420 = DIRECTION('',(0.,-0.397530055187,0.917589153828));
#421 = DIRECTION('',(0.,-0.917589153828,-0.397530055187));
#422 = DEFINITIONAL_REPRESENTATION('',(#423),#426);
#423 = B_SPLINE_CURVE_WITH_KNOTS('',1,(#424,#425),.UNSPECIFIED.,.F.,.F.,
  (2,2),(-34.94859712899,-33.08957058221),.PIECEWISE_BEZIER_KNOTS.);
#424 = CARTESIAN_POINT('',(0.,-35.99408844953));
#425 = CARTESIAN_POINT('',(1.859026546775,-35.99408844953));
#426 = ( GEOMETRIC_REPRESENTATION_CONTEXT(2) 
PARAMETRIC_REPRESENTATION_CONTEXT() REPRESENTATION_CONTEXT('2D SPACE',''
  ) );
#427 = ORIENTED_EDGE('',*,*,#428,.F.);
#428 = EDGE_CURVE('',#429,#403,#431,.T.);
#429 = VERTEX_POINT('',#430);
#430 = CARTESIAN_POINT('',(0.,67.389914957295,22.615780547529));
#431 = SURFACE_CURVE('',#432,(#436,#442),.PCURVE_S1.);
#432 = LINE('',#433,#434);
#433 = CARTESIAN_POINT('',(0.,51.070816430302,34.724871464037));
#434 = VECTOR('',#435,1.);
#435 = DIRECTION('',(0.,-0.803065703474,0.595890489858));
#436 = PCURVE('',#32,#437);
#437 = DEFINITIONAL_REPRESENTATION('',(#438),#441);
#438 = B_SPLINE_CURVE_WITH_KNOTS('',1,(#439,#440),.UNSPECIFIED.,.F.,.F.,
  (2,2),(-20.32100045662,-18.46197390984),.PIECEWISE_BEZIER_KNOTS.);
#439 = CARTESIAN_POINT('',(22.615780547529,-67.38991495729));
#440 = CARTESIAN_POINT('',(23.723556787146,-65.89699449573));
#441 = ( GEOMETRIC_REPRESENTATION_CONTEXT(2) 
PARAMETRIC_REPRESENTATION_CONTEXT() REPRESENTATION_CONTEXT('2D SPACE',''
  ) );
#442 = PCURVE('',#443,#448);
#443 = PLANE('',#444);
#444 = AXIS2_PLACEMENT_3D('',#445,#446,#447);
#445 = CARTESIAN_POINT('',(35.99408844953,67.389914957295,
    22.615780547529));
#446 = DIRECTION('',(0.,0.595890489858,0.803065703474));
#447 = DIRECTION('',(0.,-0.803065703474,0.595890489858));
#448 = DEFINITIONAL_REPRESENTATION('',(#449),#452);
#449 = B_SPLINE_CURVE_WITH_KNOTS('',1,(#450,#451),.UNSPECIFIED.,.F.,.F.,
  (2,2),(-20.32100045662,-18.46197390984),.PIECEWISE_BEZIER_KNOTS.);
#450 = CARTESIAN_POINT('',(0.,-35.99408844953));
#451 = CARTESIAN_POINT('',(1.859026546775,-35.99408844953));
#452 = ( GEOMETRIC_REPRESENTATION_CONTEXT(2) 
PARAMETRIC_REPRESENTATION_CONTEXT() REPRESENTATION_CONTEXT('2D SPACE',''
  ) );
#453 = ORIENTED_EDGE('',*,*,#454,.F.);
#454 = EDGE_CURVE('',#455,#429,#457,.T.);
#455 = VERTEX_POINT('',#456);
#456 = CARTESIAN_POINT('',(0.,67.177012822859,20.768985382177));
#457 = SURFACE_CURVE('',#458,(#462,#468),.PCURVE_S1.);
#458 = LINE('',#459,#460);
#459 = CARTESIAN_POINT('',(0.,65.555035515162,6.69932911454));
#460 = VECTOR('',#461,1.);
#461 = DIRECTION('',(0.,0.114523450354,0.993420545046));
#462 = PCURVE('',#32,#463);
#463 = DEFINITIONAL_REPRESENTATION('',(#464),#467);
#464 = B_SPLINE_CURVE_WITH_KNOTS('',1,(#465,#466),.UNSPECIFIED.,.F.,.F.,
  (2,2),(14.162840035676,16.021866582451),.PIECEWISE_BEZIER_KNOTS.);
#465 = CARTESIAN_POINT('',(20.768985382177,-67.17701282285));
#466 = CARTESIAN_POINT('',(22.615780547529,-67.38991495729));
#467 = ( GEOMETRIC_REPRESENTATION_CONTEXT(2) 
PARAMETRIC_REPRESENTATION_CONTEXT() REPRESENTATION_CONTEXT('2D SPACE',''
  ) );
#468 = PCURVE('',#469,#474);
#469 = PLANE('',#470);
#470 = AXIS2_PLACEMENT_3D('',#471,#472,#473);
#471 = CARTESIAN_POINT('',(35.99408844953,67.177012822859,
    20.768985382177));
#472 = DIRECTION('',(-0.,0.993420545046,-0.114523450354));
#473 = DIRECTION('',(0.,0.114523450354,0.993420545046));
#474 = DEFINITIONAL_REPRESENTATION('',(#475),#478);
#475 = B_SPLINE_CURVE_WITH_KNOTS('',1,(#476,#477),.UNSPECIFIED.,.F.,.F.,
  (2,2),(14.162840035676,16.021866582451),.PIECEWISE_BEZIER_KNOTS.);
#476 = CARTESIAN_POINT('',(0.,-35.99408844953));
#477 = CARTESIAN_POINT('',(1.859026546775,-35.99408844953));
#478 = ( GEOMETRIC_REPRESENTATION_CONTEXT(2) 
PARAMETRIC_REPRESENTATION_CONTEXT() REPRESENTATION_CONTEXT('2D SPACE',''
  ) );
#479 = ORIENTED_EDGE('',*,*,#480,.F.);
#480 = EDGE_CURVE('',#481,#455,#483,.T.);
#481 = VERTEX_POINT('',#482);
#482 = CARTESIAN_POINT('',(0.,65.47119022686,20.029966456443));
#483 = SURFACE_CURVE('',#484,(#488,#494),.PCURVE_S1.);
#484 = LINE('',#485,#486);
#485 = CARTESIAN_POINT('',(0.,34.255647857795,6.506358173902));
#486 = VECTOR('',#487,1.);
#487 = DIRECTION('',(0.,0.917589153828,0.397530055187));
#488 = PCURVE('',#32,#489);
#489 = DEFINITIONAL_REPRESENTATION('',(#490),#493);
#490 = B_SPLINE_CURVE_WITH_KNOTS('',1,(#491,#492),.UNSPECIFIED.,.F.,.F.,
  (2,2),(34.019083855603,35.878110402377),.PIECEWISE_BEZIER_KNOTS.);
#491 = CARTESIAN_POINT('',(20.029966456443,-65.47119022686));
#492 = CARTESIAN_POINT('',(20.768985382177,-67.17701282285));
#493 = ( GEOMETRIC_REPRESENTATION_CONTEXT(2) 
PARAMETRIC_REPRESENTATION_CONTEXT() REPRESENTATION_CONTEXT('2D SPACE',''
  ) );
#494 = PCURVE('',#495,#500);
#495 = PLANE('',#496);
#496 = AXIS2_PLACEMENT_3D('',#497,#498,#499);
#497 = CARTESIAN_POINT('',(35.99408844953,65.47119022686,20.029966456443
    ));
#498 = DIRECTION('',(-0.,0.397530055187,-0.917589153828));
#499 = DIRECTION('',(0.,0.917589153828,0.397530055187));
#500 = DEFINITIONAL_REPRESENTATION('',(#501),#504);
#501 = B_SPLINE_CURVE_WITH_KNOTS('',1,(#502,#503),.UNSPECIFIED.,.F.,.F.,
  (2,2),(34.019083855603,35.878110402377),.PIECEWISE_BEZIER_KNOTS.);
#502 = CARTESIAN_POINT('',(0.,-35.99408844953));
#503 = CARTESIAN_POINT('',(1.859026546775,-35.99408844953));
#504 = ( GEOMETRIC_REPRESENTATION_CONTEXT(2) 
PARAMETRIC_REPRESENTATION_CONTEXT() REPRESENTATION_CONTEXT('2D SPACE',''
  ) );
#505 = ORIENTED_EDGE('',*,*,#506,.F.);
#506 = EDGE_CURVE('',#377,#481,#507,.T.);
#507 = SURFACE_CURVE('',#508,(#512,#518),.PCURVE_S1.);
#508 = LINE('',#509,#510);
#509 = CARTESIAN_POINT('',(0.,48.405631469086,32.69294549276));
#510 = VECTOR('',#511,1.);
#511 = DIRECTION('',(-0.,0.803065703474,-0.595890489858));
#512 = PCURVE('',#32,#513);
#513 = DEFINITIONAL_REPRESENTATION('',(#514),#517);
#514 = B_SPLINE_CURVE_WITH_KNOTS('',1,(#515,#516),.UNSPECIFIED.,.F.,.F.,
  (2,2),(19.391487183233,21.250513730008),.PIECEWISE_BEZIER_KNOTS.);
#515 = CARTESIAN_POINT('',(21.137742696061,-63.97826976529));
#516 = CARTESIAN_POINT('',(20.029966456443,-65.47119022686));
#517 = ( GEOMETRIC_REPRESENTATION_CONTEXT(2) 
PARAMETRIC_REPRESENTATION_CONTEXT() REPRESENTATION_CONTEXT('2D SPACE',''
  ) );
#518 = PCURVE('',#519,#524);
#519 = PLANE('',#520);
#520 = AXIS2_PLACEMENT_3D('',#521,#522,#523);
#521 = CARTESIAN_POINT('',(35.99408844953,63.978269765298,
    21.137742696061));
#522 = DIRECTION('',(0.,-0.595890489858,-0.803065703474));
#523 = DIRECTION('',(0.,0.803065703474,-0.595890489858));
#524 = DEFINITIONAL_REPRESENTATION('',(#525),#528);
#525 = B_SPLINE_CURVE_WITH_KNOTS('',1,(#526,#527),.UNSPECIFIED.,.F.,.F.,
  (2,2),(19.391487183233,21.250513730008),.PIECEWISE_BEZIER_KNOTS.);
#526 = CARTESIAN_POINT('',(0.,-35.99408844953));
#527 = CARTESIAN_POINT('',(1.859026546775,-35.99408844953));
#528 = ( GEOMETRIC_REPRESENTATION_CONTEXT(2) 
PARAMETRIC_REPRESENTATION_CONTEXT() REPRESENTATION_CONTEXT('2D SPACE',''
  ) );
#529 = FACE_BOUND('',#530,.F.);
#530 = EDGE_LOOP('',(#531,#561,#589));
#531 = ORIENTED_EDGE('',*,*,#532,.T.);
#532 = EDGE_CURVE('',#533,#535,#537,.T.);
#533 = VERTEX_POINT('',#534);
#534 = CARTESIAN_POINT('',(0.,77.750297280372,26.81085042195));
#535 = VERTEX_POINT('',#536);
#536 = CARTESIAN_POINT('',(0.,76.078011913252,27.517534552964));
#537 = SURFACE_CURVE('',#538,(#542,#549),.PCURVE_S1.);
#538 = LINE('',#539,#540);
#539 = CARTESIAN_POINT('',(0.,77.750297280372,26.81085042195));
#540 = VECTOR('',#541,1.);
#541 = DIRECTION('',(0.,-0.921129492535,0.389256288301));
#542 = PCURVE('',#32,#543);
#543 = DEFINITIONAL_REPRESENTATION('',(#544),#548);
#544 = LINE('',#545,#546);
#545 = CARTESIAN_POINT('',(26.81085042195,-77.75029728037));
#546 = VECTOR('',#547,1.);
#547 = DIRECTION('',(0.389256288301,0.921129492535));
#548 = ( GEOMETRIC_REPRESENTATION_CONTEXT(2) 
PARAMETRIC_REPRESENTATION_CONTEXT() REPRESENTATION_CONTEXT('2D SPACE',''
  ) );
#549 = PCURVE('',#550,#555);
#550 = PLANE('',#551);
#551 = AXIS2_PLACEMENT_3D('',#552,#553,#554);
#552 = CARTESIAN_POINT('',(0.,77.750297280372,26.81085042195));
#553 = DIRECTION('',(0.,-0.389256288301,-0.921129492535));
#554 = DIRECTION('',(0.,-0.921129492535,0.389256288301));
#555 = DEFINITIONAL_REPRESENTATION('',(#556),#560);
#556 = LINE('',#557,#558);
#557 = CARTESIAN_POINT('',(0.,0.));
#558 = VECTOR('',#559,1.);
#559 = DIRECTION('',(1.,0.));
#560 = ( GEOMETRIC_REPRESENTATION_CONTEXT(2) 
PARAMETRIC_REPRESENTATION_CONTEXT() REPRESENTATION_CONTEXT('2D SPACE',''
  ) );
#561 = ORIENTED_EDGE('',*,*,#562,.T.);
#562 = EDGE_CURVE('',#535,#563,#565,.T.);
#563 = VERTEX_POINT('',#564);
#564 = CARTESIAN_POINT('',(0.,77.480077927342,28.46601396206));
#565 = SURFACE_CURVE('',#566,(#570,#577),.PCURVE_S1.);
#566 = LINE('',#567,#568);
#567 = CARTESIAN_POINT('',(0.,76.078011913252,27.517534552964));
#568 = VECTOR('',#569,1.);
#569 = DIRECTION('',(0.,0.828277110596,0.560318684378));
#570 = PCURVE('',#32,#571);
#571 = DEFINITIONAL_REPRESENTATION('',(#572),#576);
#572 = LINE('',#573,#574);
#573 = CARTESIAN_POINT('',(27.517534552964,-76.07801191325));
#574 = VECTOR('',#575,1.);
#575 = DIRECTION('',(0.560318684378,-0.828277110596));
#576 = ( GEOMETRIC_REPRESENTATION_CONTEXT(2) 
PARAMETRIC_REPRESENTATION_CONTEXT() REPRESENTATION_CONTEXT('2D SPACE',''
  ) );
#577 = PCURVE('',#578,#583);
#578 = PLANE('',#579);
#579 = AXIS2_PLACEMENT_3D('',#580,#581,#582);
#580 = CARTESIAN_POINT('',(0.,76.078011913252,27.517534552964));
#581 = DIRECTION('',(0.,-0.560318684378,0.828277110596));
#582 = DIRECTION('',(0.,0.828277110596,0.560318684378));
#583 = DEFINITIONAL_REPRESENTATION('',(#584),#588);
#584 = LINE('',#585,#586);
#585 = CARTESIAN_POINT('',(0.,0.));
#586 = VECTOR('',#587,1.);
#587 = DIRECTION('',(1.,0.));
#588 = ( GEOMETRIC_REPRESENTATION_CONTEXT(2) 
PARAMETRIC_REPRESENTATION_CONTEXT() REPRESENTATION_CONTEXT('2D SPACE',''
  ) );
#589 = ORIENTED_EDGE('',*,*,#590,.T.);
#590 = EDGE_CURVE('',#563,#533,#591,.T.);
#591 = SURFACE_CURVE('',#592,(#596,#603),.PCURVE_S1.);
#592 = LINE('',#593,#594);
#593 = CARTESIAN_POINT('',(0.,77.480077927342,28.46601396206));
#594 = VECTOR('',#595,1.);
#595 = DIRECTION('',(0.,0.161125260982,-0.986933964495));
#596 = PCURVE('',#32,#597);
#597 = DEFINITIONAL_REPRESENTATION('',(#598),#602);
#598 = LINE('',#599,#600);
#599 = CARTESIAN_POINT('',(28.46601396206,-77.48007792734));
#600 = VECTOR('',#601,1.);
#601 = DIRECTION('',(-0.986933964495,-0.161125260982));
#602 = ( GEOMETRIC_REPRESENTATION_CONTEXT(2) 
PARAMETRIC_REPRESENTATION_CONTEXT() REPRESENTATION_CONTEXT('2D SPACE',''
  ) );
#603 = PCURVE('',#604,#609);
#604 = PLANE('',#605);
#605 = AXIS2_PLACEMENT_3D('',#606,#607,#608);
#606 = CARTESIAN_POINT('',(0.,77.480077927342,28.46601396206));
#607 = DIRECTION('',(0.,0.986933964495,0.161125260982));
#608 = DIRECTION('',(0.,0.161125260982,-0.986933964495));
#609 = DEFINITIONAL_REPRESENTATION('',(#610),#614);
#610 = LINE('',#611,#612);
#611 = CARTESIAN_POINT('',(0.,0.));
#612 = VECTOR('',#613,1.);
#613 = DIRECTION('',(1.,0.));
#614 = ( GEOMETRIC_REPRESENTATION_CONTEXT(2) 
PARAMETRIC_REPRESENTATION_CONTEXT() REPRESENTATION_CONTEXT('2D SPACE',''
  ) );
#615 = FACE_BOUND('',#616,.F.);
#616 = EDGE_LOOP('',(#617));
#617 = ORIENTED_EDGE('',*,*,#618,.T.);
#618 = EDGE_CURVE('',#619,#619,#621,.T.);
#619 = VERTEX_POINT('',#620);
#620 = CARTESIAN_POINT('',(0.,47.500695719124,35.918662203048));
#621 = SURFACE_CURVE('',#622,(#627,#638),.PCURVE_S1.);
#622 = CIRCLE('',#623,2.816253277101);
#623 = AXIS2_PLACEMENT_3D('',#624,#625,#626);
#624 = CARTESIAN_POINT('',(0.,47.500695719124,38.734915480149));
#625 = DIRECTION('',(-1.,-0.,-0.));
#626 = DIRECTION('',(0.,0.,-1.));
#627 = PCURVE('',#32,#628);
#628 = DEFINITIONAL_REPRESENTATION('',(#629),#637);
#629 = ( BOUNDED_CURVE() B_SPLINE_CURVE(2,(#630,#631,#632,#633,#634,#635
,#636),.UNSPECIFIED.,.T.,.F.) B_SPLINE_CURVE_WITH_KNOTS((1,2,2,2,2,1),(
    -2.094395102393,0.,2.094395102393,4.188790204786,6.28318530718,
8.377580409573),.UNSPECIFIED.) CURVE() GEOMETRIC_REPRESENTATION_ITEM() 
RATIONAL_B_SPLINE_CURVE((1.,0.5,1.,0.5,1.,0.5,1.)) REPRESENTATION_ITEM(
  '') );
#630 = CARTESIAN_POINT('',(35.918662203048,-47.50069571912));
#631 = CARTESIAN_POINT('',(35.918662203048,-42.6228019562));
#632 = CARTESIAN_POINT('',(40.1430421187,-45.06174883766));
#633 = CARTESIAN_POINT('',(44.367422034351,-47.50069571912));
#634 = CARTESIAN_POINT('',(40.1430421187,-49.93964260058));
#635 = CARTESIAN_POINT('',(35.918662203048,-52.37858948204));
#636 = CARTESIAN_POINT('',(35.918662203048,-47.50069571912));
#637 = ( GEOMETRIC_REPRESENTATION_CONTEXT(2) 
PARAMETRIC_REPRESENTATION_CONTEXT() REPRESENTATION_CONTEXT('2D SPACE',''
  ) );
#638 = PCURVE('',#639,#644);
#639 = CYLINDRICAL_SURFACE('',#640,2.816253277101);
#640 = AXIS2_PLACEMENT_3D('',#641,#642,#643);
#641 = CARTESIAN_POINT('',(0.,47.500695719124,38.734915480149));
#642 = DIRECTION('',(-1.,-0.,-0.));
#643 = DIRECTION('',(0.,0.,-1.));
#644 = DEFINITIONAL_REPRESENTATION('',(#645),#649);
#645 = LINE('',#646,#647);
#646 = CARTESIAN_POINT('',(0.,0.));
#647 = VECTOR('',#648,1.);
#648 = DIRECTION('',(1.,0.));
#649 = ( GEOMETRIC_REPRESENTATION_CONTEXT(2) 
PARAMETRIC_REPRESENTATION_CONTEXT() REPRESENTATION_CONTEXT('2D SPACE',''
  ) );
#650 = ADVANCED_FACE('',(#651),#44,.F.);
#651 = FACE_BOUND('',#652,.F.);
#652 = EDGE_LOOP('',(#653,#683,#704,#705,#706,#707,#730,#756));
#653 = ORIENTED_EDGE('',*,*,#654,.F.);
#654 = EDGE_CURVE('',#655,#657,#659,.T.);
#655 = VERTEX_POINT('',#656);
#656 = CARTESIAN_POINT('',(7.071067811865E-02,74.745282242275,
    13.993401688572));
#657 = VERTEX_POINT('',#658);
#658 = CARTESIAN_POINT('',(1.E-01,74.716988521354,14.006694889625));
#659 = SURFACE_CURVE('',#660,(#664,#671),.PCURVE_S1.);
#660 = LINE('',#661,#662);
#661 = CARTESIAN_POINT('',(1.243455195873,73.612401589322,
    14.525661490341));
#662 = VECTOR('',#663,1.);
#663 = DIRECTION('',(0.68372030431,-0.660479322698,0.310312116687));
#664 = PCURVE('',#44,#665);
#665 = DEFINITIONAL_REPRESENTATION('',(#666),#670);
#666 = LINE('',#667,#668);
#667 = CARTESIAN_POINT('',(3.550490307871,-1.243455195873));
#668 = VECTOR('',#669,1.);
#669 = DIRECTION('',(-0.729744164399,-0.68372030431));
#670 = ( GEOMETRIC_REPRESENTATION_CONTEXT(2) 
PARAMETRIC_REPRESENTATION_CONTEXT() REPRESENTATION_CONTEXT('2D SPACE',''
  ) );
#671 = PCURVE('',#672,#677);
#672 = PLANE('',#673);
#673 = AXIS2_PLACEMENT_3D('',#674,#675,#676);
#674 = CARTESIAN_POINT('',(5.E-02,74.751957336212,13.970957206608));
#675 = DIRECTION('',(-0.707106781187,-0.494533722324,0.505407160104));
#676 = DIRECTION('',(1.942890293094E-16,-0.71475366034,-0.699376297161)
  );
#677 = DEFINITIONAL_REPRESENTATION('',(#678),#682);
#678 = LINE('',#679,#680);
#679 = CARTESIAN_POINT('',(0.426554613275,1.687800524089));
#680 = VECTOR('',#681,1.);
#681 = DIRECTION('',(0.255055074344,0.966926527225));
#682 = ( GEOMETRIC_REPRESENTATION_CONTEXT(2) 
PARAMETRIC_REPRESENTATION_CONTEXT() REPRESENTATION_CONTEXT('2D SPACE',''
  ) );
#683 = ORIENTED_EDGE('',*,*,#684,.F.);
#684 = EDGE_CURVE('',#24,#655,#685,.T.);
#685 = SURFACE_CURVE('',#686,(#690,#697),.PCURVE_S1.);
#686 = LINE('',#687,#688);
#687 = CARTESIAN_POINT('',(0.858588625854,72.907832881408,
    14.856688063907));
#688 = VECTOR('',#689,1.);
#689 = DIRECTION('',(0.361799032355,-0.843769523787,0.396427106685));
#690 = PCURVE('',#44,#691);
#691 = DEFINITIONAL_REPRESENTATION('',(#692),#696);
#692 = LINE('',#693,#694);
#693 = CARTESIAN_POINT('',(2.772033079388,-0.858588625854));
#694 = VECTOR('',#695,1.);
#695 = DIRECTION('',(-0.932256112979,-0.361799032355));
#696 = ( GEOMETRIC_REPRESENTATION_CONTEXT(2) 
PARAMETRIC_REPRESENTATION_CONTEXT() REPRESENTATION_CONTEXT('2D SPACE',''
  ) );
#697 = PCURVE('',#72,#698);
#698 = DEFINITIONAL_REPRESENTATION('',(#699),#703);
#699 = LINE('',#700,#701);
#700 = CARTESIAN_POINT('',(-0.735939544543,2.151212247958));
#701 = VECTOR('',#702,1.);
#702 = DIRECTION('',(-0.325835633642,0.945426432806));
#703 = ( GEOMETRIC_REPRESENTATION_CONTEXT(2) 
PARAMETRIC_REPRESENTATION_CONTEXT() REPRESENTATION_CONTEXT('2D SPACE',''
  ) );
#704 = ORIENTED_EDGE('',*,*,#21,.F.);
#705 = ORIENTED_EDGE('',*,*,#181,.F.);
#706 = ORIENTED_EDGE('',*,*,#158,.F.);
#707 = ORIENTED_EDGE('',*,*,#708,.T.);
#708 = EDGE_CURVE('',#136,#709,#711,.T.);
#709 = VERTEX_POINT('',#710);
#710 = CARTESIAN_POINT('',(35.99408844953,70.398911782631,
    16.035451107665));
#711 = SURFACE_CURVE('',#712,(#716,#723),.PCURVE_S1.);
#712 = LINE('',#713,#714);
#713 = CARTESIAN_POINT('',(0.,70.398911782631,16.035451107665));
#714 = VECTOR('',#715,1.);
#715 = DIRECTION('',(1.,0.,-0.));
#716 = PCURVE('',#44,#717);
#717 = DEFINITIONAL_REPRESENTATION('',(#718),#722);
#718 = LINE('',#719,#720);
#719 = CARTESIAN_POINT('',(0.,0.));
#720 = VECTOR('',#721,1.);
#721 = DIRECTION('',(0.,-1.));
#722 = ( GEOMETRIC_REPRESENTATION_CONTEXT(2) 
PARAMETRIC_REPRESENTATION_CONTEXT() REPRESENTATION_CONTEXT('2D SPACE',''
  ) );
#723 = PCURVE('',#100,#724);
#724 = DEFINITIONAL_REPRESENTATION('',(#725),#729);
#725 = LINE('',#726,#727);
#726 = CARTESIAN_POINT('',(5.055417743932,0.));
#727 = VECTOR('',#728,1.);
#728 = DIRECTION('',(0.,-1.));
#729 = ( GEOMETRIC_REPRESENTATION_CONTEXT(2) 
PARAMETRIC_REPRESENTATION_CONTEXT() REPRESENTATION_CONTEXT('2D SPACE',''
  ) );
#730 = ORIENTED_EDGE('',*,*,#731,.F.);
#731 = EDGE_CURVE('',#732,#709,#734,.T.);
#732 = VERTEX_POINT('',#733);
#733 = CARTESIAN_POINT('',(35.99408844953,74.716988521354,
    14.006694889625));
#734 = SURFACE_CURVE('',#735,(#739,#745),.PCURVE_S1.);
#735 = LINE('',#736,#737);
#736 = CARTESIAN_POINT('',(35.99408844953,44.650165046913,
    28.132950343461));
#737 = VECTOR('',#738,1.);
#738 = DIRECTION('',(0.,-0.905083390755,0.425234118785));
#739 = PCURVE('',#44,#740);
#740 = DEFINITIONAL_REPRESENTATION('',(#741),#744);
#741 = B_SPLINE_CURVE_WITH_KNOTS('',1,(#742,#743),.UNSPECIFIED.,.F.,.F.,
  (2,2),(-33.21994832913,-28.4490324303),.PIECEWISE_BEZIER_KNOTS.);
#742 = CARTESIAN_POINT('',(4.770915898833,-35.99408844953));
#743 = CARTESIAN_POINT('',(0.,-35.99408844953));
#744 = ( GEOMETRIC_REPRESENTATION_CONTEXT(2) 
PARAMETRIC_REPRESENTATION_CONTEXT() REPRESENTATION_CONTEXT('2D SPACE',''
  ) );
#745 = PCURVE('',#746,#751);
#746 = PLANE('',#747);
#747 = AXIS2_PLACEMENT_3D('',#748,#749,#750);
#748 = CARTESIAN_POINT('',(35.99408844953,0.,0.));
#749 = DIRECTION('',(1.,0.,-0.));
#750 = DIRECTION('',(0.,0.,1.));
#751 = DEFINITIONAL_REPRESENTATION('',(#752),#755);
#752 = B_SPLINE_CURVE_WITH_KNOTS('',1,(#753,#754),.UNSPECIFIED.,.F.,.F.,
  (2,2),(-33.21994832913,-28.4490324303),.PIECEWISE_BEZIER_KNOTS.);
#753 = CARTESIAN_POINT('',(14.006694889625,-74.71698852135));
#754 = CARTESIAN_POINT('',(16.035451107665,-70.39891178263));
#755 = ( GEOMETRIC_REPRESENTATION_CONTEXT(2) 
PARAMETRIC_REPRESENTATION_CONTEXT() REPRESENTATION_CONTEXT('2D SPACE',''
  ) );
#756 = ORIENTED_EDGE('',*,*,#757,.F.);
#757 = EDGE_CURVE('',#657,#732,#758,.T.);
#758 = SURFACE_CURVE('',#759,(#763,#770),.PCURVE_S1.);
#759 = LINE('',#760,#761);
#760 = CARTESIAN_POINT('',(0.,74.716988521354,14.006694889625));
#761 = VECTOR('',#762,1.);
#762 = DIRECTION('',(1.,0.,-0.));
#763 = PCURVE('',#44,#764);
#764 = DEFINITIONAL_REPRESENTATION('',(#765),#769);
#765 = LINE('',#766,#767);
#766 = CARTESIAN_POINT('',(4.770915898833,0.));
#767 = VECTOR('',#768,1.);
#768 = DIRECTION('',(0.,-1.));
#769 = ( GEOMETRIC_REPRESENTATION_CONTEXT(2) 
PARAMETRIC_REPRESENTATION_CONTEXT() REPRESENTATION_CONTEXT('2D SPACE',''
  ) );
#770 = PCURVE('',#771,#776);
#771 = PLANE('',#772);
#772 = AXIS2_PLACEMENT_3D('',#773,#774,#775);
#773 = CARTESIAN_POINT('',(0.,74.716988521354,14.006694889625));
#774 = DIRECTION('',(-0.,0.699376297161,-0.71475366034));
#775 = DIRECTION('',(0.,-0.71475366034,-0.699376297161));
#776 = DEFINITIONAL_REPRESENTATION('',(#777),#781);
#777 = LINE('',#778,#779);
#778 = CARTESIAN_POINT('',(0.,0.));
#779 = VECTOR('',#780,1.);
#780 = DIRECTION('',(0.,-1.));
#781 = ( GEOMETRIC_REPRESENTATION_CONTEXT(2) 
PARAMETRIC_REPRESENTATION_CONTEXT() REPRESENTATION_CONTEXT('2D SPACE',''
  ) );
#782 = ADVANCED_FACE('',(#783),#72,.F.);
#783 = FACE_BOUND('',#784,.T.);
#784 = EDGE_LOOP('',(#785,#786,#787,#810));
#785 = ORIENTED_EDGE('',*,*,#684,.F.);
#786 = ORIENTED_EDGE('',*,*,#56,.T.);
#787 = ORIENTED_EDGE('',*,*,#788,.T.);
#788 = EDGE_CURVE('',#57,#789,#791,.T.);
#789 = VERTEX_POINT('',#790);
#790 = CARTESIAN_POINT('',(7.071067811865E-02,71.84675265123,
    11.157231683323));
#791 = SURFACE_CURVE('',#792,(#796,#803),.PCURVE_S1.);
#792 = LINE('',#793,#794);
#793 = CARTESIAN_POINT('',(0.365443063272,71.617782756863,
    11.928701401103));
#794 = VECTOR('',#795,1.);
#795 = DIRECTION('',(0.343909212053,-0.267174087145,0.900191346894));
#796 = PCURVE('',#72,#797);
#797 = DEFINITIONAL_REPRESENTATION('',(#798),#802);
#798 = LINE('',#799,#800);
#799 = CARTESIAN_POINT('',(-3.705772063453,0.862560791233));
#800 = VECTOR('',#801,1.);
#801 = DIRECTION('',(0.438608834192,0.898678079497));
#802 = ( GEOMETRIC_REPRESENTATION_CONTEXT(2) 
PARAMETRIC_REPRESENTATION_CONTEXT() REPRESENTATION_CONTEXT('2D SPACE',''
  ) );
#803 = PCURVE('',#100,#804);
#804 = DEFINITIONAL_REPRESENTATION('',(#805),#809);
#805 = LINE('',#806,#807);
#806 = CARTESIAN_POINT('',(0.771606403061,-0.365443063272));
#807 = VECTOR('',#808,1.);
#808 = DIRECTION('',(0.939002904077,-0.343909212053));
#809 = ( GEOMETRIC_REPRESENTATION_CONTEXT(2) 
PARAMETRIC_REPRESENTATION_CONTEXT() REPRESENTATION_CONTEXT('2D SPACE',''
  ) );
#810 = ORIENTED_EDGE('',*,*,#811,.F.);
#811 = EDGE_CURVE('',#655,#789,#812,.T.);
#812 = SURFACE_CURVE('',#813,(#817,#824),.PCURVE_S1.);
#813 = LINE('',#814,#815);
#814 = CARTESIAN_POINT('',(7.071067811865E-02,74.764135954822,
    14.011849778313));
#815 = VECTOR('',#816,1.);
#816 = DIRECTION('',(0.,-0.71475366034,-0.699376297161));
#817 = PCURVE('',#72,#818);
#818 = DEFINITIONAL_REPRESENTATION('',(#819),#823);
#819 = LINE('',#820,#821);
#820 = CARTESIAN_POINT('',(7.105427357601E-15,9.238795325113E-02));
#821 = VECTOR('',#822,1.);
#822 = DIRECTION('',(-1.,0.));
#823 = ( GEOMETRIC_REPRESENTATION_CONTEXT(2) 
PARAMETRIC_REPRESENTATION_CONTEXT() REPRESENTATION_CONTEXT('2D SPACE',''
  ) );
#824 = PCURVE('',#672,#825);
#825 = DEFINITIONAL_REPRESENTATION('',(#826),#830);
#826 = LINE('',#827,#828);
#827 = CARTESIAN_POINT('',(-3.730400760904E-02,2.928932188134E-02));
#828 = VECTOR('',#829,1.);
#829 = DIRECTION('',(1.,0.));
#830 = ( GEOMETRIC_REPRESENTATION_CONTEXT(2) 
PARAMETRIC_REPRESENTATION_CONTEXT() REPRESENTATION_CONTEXT('2D SPACE',''
  ) );
#831 = ADVANCED_FACE('',(#832),#100,.F.);
#832 = FACE_BOUND('',#833,.F.);
#833 = EDGE_LOOP('',(#834,#857,#880,#901,#927,#950,#969,#970,#971,#972,
    #973));
#834 = ORIENTED_EDGE('',*,*,#835,.T.);
#835 = EDGE_CURVE('',#789,#836,#838,.T.);
#836 = VERTEX_POINT('',#837);
#837 = CARTESIAN_POINT('',(0.1,71.837327590514,11.188987600189));
#838 = SURFACE_CURVE('',#839,(#843,#850),.PCURVE_S1.);
#839 = LINE('',#840,#841);
#840 = CARTESIAN_POINT('',(0.523055806783,71.70119174274,11.647670975801
    ));
#841 = VECTOR('',#842,1.);
#842 = DIRECTION('',(0.662401043756,-0.213155158757,0.718185028754));
#843 = PCURVE('',#100,#844);
#844 = DEFINITIONAL_REPRESENTATION('',(#845),#849);
#845 = LINE('',#846,#847);
#846 = CARTESIAN_POINT('',(0.478459411144,-0.523055806783));
#847 = VECTOR('',#848,1.);
#848 = DIRECTION('',(0.7491494225,-0.662401043756));
#849 = ( GEOMETRIC_REPRESENTATION_CONTEXT(2) 
PARAMETRIC_REPRESENTATION_CONTEXT() REPRESENTATION_CONTEXT('2D SPACE',''
  ) );
#850 = PCURVE('',#672,#851);
#851 = DEFINITIONAL_REPRESENTATION('',(#852),#856);
#852 = LINE('',#853,#854);
#853 = CARTESIAN_POINT('',(3.80539719612,0.669001937711));
#854 = VECTOR('',#855,1.);
#855 = DIRECTION('',(-0.349928156145,0.936776539809));
#856 = ( GEOMETRIC_REPRESENTATION_CONTEXT(2) 
PARAMETRIC_REPRESENTATION_CONTEXT() REPRESENTATION_CONTEXT('2D SPACE',''
  ) );
#857 = ORIENTED_EDGE('',*,*,#858,.T.);
#858 = EDGE_CURVE('',#836,#859,#861,.T.);
#859 = VERTEX_POINT('',#860);
#860 = CARTESIAN_POINT('',(9.949300589434,71.837327590514,
    11.188987600189));
#861 = SURFACE_CURVE('',#862,(#866,#873),.PCURVE_S1.);
#862 = LINE('',#863,#864);
#863 = CARTESIAN_POINT('',(0.,71.837327590514,11.188987600189));
#864 = VECTOR('',#865,1.);
#865 = DIRECTION('',(1.,0.,-0.));
#866 = PCURVE('',#100,#867);
#867 = DEFINITIONAL_REPRESENTATION('',(#868),#872);
#868 = LINE('',#869,#870);
#869 = CARTESIAN_POINT('',(0.,0.));
#870 = VECTOR('',#871,1.);
#871 = DIRECTION('',(0.,-1.));
#872 = ( GEOMETRIC_REPRESENTATION_CONTEXT(2) 
PARAMETRIC_REPRESENTATION_CONTEXT() REPRESENTATION_CONTEXT('2D SPACE',''
  ) );
#873 = PCURVE('',#771,#874);
#874 = DEFINITIONAL_REPRESENTATION('',(#875),#879);
#875 = LINE('',#876,#877);
#876 = CARTESIAN_POINT('',(4.028885881425,0.));
#877 = VECTOR('',#878,1.);
#878 = DIRECTION('',(0.,-1.));
#879 = ( GEOMETRIC_REPRESENTATION_CONTEXT(2) 
PARAMETRIC_REPRESENTATION_CONTEXT() REPRESENTATION_CONTEXT('2D SPACE',''
  ) );
#880 = ORIENTED_EDGE('',*,*,#881,.T.);
#881 = EDGE_CURVE('',#859,#882,#884,.T.);
#882 = VERTEX_POINT('',#883);
#883 = CARTESIAN_POINT('',(17.997044224765,71.24404375587,
    13.187942588321));
#884 = SURFACE_CURVE('',#885,(#889,#895),.PCURVE_S1.);
#885 = LINE('',#886,#887);
#886 = CARTESIAN_POINT('',(7.512262197861E-02,72.565257111376,
    8.736370047228));
#887 = VECTOR('',#888,1.);
#888 = DIRECTION('',(0.968035241228,-7.136406004094E-02,0.240447380263)
  );
#889 = PCURVE('',#100,#890);
#890 = DEFINITIONAL_REPRESENTATION('',(#891),#894);
#891 = B_SPLINE_CURVE_WITH_KNOTS('',1,(#892,#893),.UNSPECIFIED.,.F.,.F.,
  (2,2),(10.200225722081,18.513707806806),.PIECEWISE_BEZIER_KNOTS.);
#892 = CARTESIAN_POINT('',(4.440892098501E-16,-9.949300589434));
#893 = CARTESIAN_POINT('',(2.085139504452,-17.99704422476));
#894 = ( GEOMETRIC_REPRESENTATION_CONTEXT(2) 
PARAMETRIC_REPRESENTATION_CONTEXT() REPRESENTATION_CONTEXT('2D SPACE',''
  ) );
#895 = PCURVE('',#334,#896);
#896 = DEFINITIONAL_REPRESENTATION('',(#897),#900);
#897 = B_SPLINE_CURVE_WITH_KNOTS('',1,(#898,#899),.UNSPECIFIED.,.F.,.F.,
  (2,2),(10.200225722081,18.513707806806),.PIECEWISE_BEZIER_KNOTS.);
#898 = CARTESIAN_POINT('',(10.251623891368,-7.618571059937));
#899 = CARTESIAN_POINT('',(18.543909382388,-8.211854894581));
#900 = ( GEOMETRIC_REPRESENTATION_CONTEXT(2) 
PARAMETRIC_REPRESENTATION_CONTEXT() REPRESENTATION_CONTEXT('2D SPACE',''
  ) );
#901 = ORIENTED_EDGE('',*,*,#902,.T.);
#902 = EDGE_CURVE('',#882,#903,#905,.T.);
#903 = VERTEX_POINT('',#904);
#904 = CARTESIAN_POINT('',(26.044787860096,71.837327590514,
    11.188987600189));
#905 = SURFACE_CURVE('',#906,(#910,#916),.PCURVE_S1.);
#906 = LINE('',#907,#908);
#907 = CARTESIAN_POINT('',(10.101381375462,70.661971395647,
    15.149122684556));
#908 = VECTOR('',#909,1.);
#909 = DIRECTION('',(0.968035241228,7.136406004094E-02,-0.240447380263)
  );
#910 = PCURVE('',#100,#911);
#911 = DEFINITIONAL_REPRESENTATION('',(#912),#915);
#912 = B_SPLINE_CURVE_WITH_KNOTS('',1,(#913,#914),.UNSPECIFIED.,.F.,.F.,
  (2,2),(8.156379554206,16.469861638931),.PIECEWISE_BEZIER_KNOTS.);
#913 = CARTESIAN_POINT('',(2.085139504452,-17.99704422476));
#914 = CARTESIAN_POINT('',(-8.881784197001E-16,-26.04478786009));
#915 = ( GEOMETRIC_REPRESENTATION_CONTEXT(2) 
PARAMETRIC_REPRESENTATION_CONTEXT() REPRESENTATION_CONTEXT('2D SPACE',''
  ) );
#916 = PCURVE('',#917,#922);
#917 = PLANE('',#918);
#918 = AXIS2_PLACEMENT_3D('',#919,#920,#921);
#919 = CARTESIAN_POINT('',(17.997044224765,79.455898650451,
    13.187942588321));
#920 = DIRECTION('',(0.241062007609,0.,0.970509715813));
#921 = DIRECTION('',(0.970509715813,0.,-0.241062007609));
#922 = DEFINITIONAL_REPRESENTATION('',(#923),#926);
#923 = B_SPLINE_CURVE_WITH_KNOTS('',1,(#924,#925),.UNSPECIFIED.,.F.,.F.,
  (2,2),(8.156379554206,16.469861638931),.PIECEWISE_BEZIER_KNOTS.);
#924 = CARTESIAN_POINT('',(1.7763568394E-15,-8.211854894581));
#925 = CARTESIAN_POINT('',(8.292285491021,-7.618571059937));
#926 = ( GEOMETRIC_REPRESENTATION_CONTEXT(2) 
PARAMETRIC_REPRESENTATION_CONTEXT() REPRESENTATION_CONTEXT('2D SPACE',''
  ) );
#927 = ORIENTED_EDGE('',*,*,#928,.T.);
#928 = EDGE_CURVE('',#903,#929,#931,.T.);
#929 = VERTEX_POINT('',#930);
#930 = CARTESIAN_POINT('',(35.99408844953,71.837327590514,
    11.188987600189));
#931 = SURFACE_CURVE('',#932,(#936,#943),.PCURVE_S1.);
#932 = LINE('',#933,#934);
#933 = CARTESIAN_POINT('',(0.,71.837327590514,11.188987600189));
#934 = VECTOR('',#935,1.);
#935 = DIRECTION('',(1.,0.,-0.));
#936 = PCURVE('',#100,#937);
#937 = DEFINITIONAL_REPRESENTATION('',(#938),#942);
#938 = LINE('',#939,#940);
#939 = CARTESIAN_POINT('',(0.,0.));
#940 = VECTOR('',#941,1.);
#941 = DIRECTION('',(0.,-1.));
#942 = ( GEOMETRIC_REPRESENTATION_CONTEXT(2) 
PARAMETRIC_REPRESENTATION_CONTEXT() REPRESENTATION_CONTEXT('2D SPACE',''
  ) );
#943 = PCURVE('',#771,#944);
#944 = DEFINITIONAL_REPRESENTATION('',(#945),#949);
#945 = LINE('',#946,#947);
#946 = CARTESIAN_POINT('',(4.028885881425,0.));
#947 = VECTOR('',#948,1.);
#948 = DIRECTION('',(0.,-1.));
#949 = ( GEOMETRIC_REPRESENTATION_CONTEXT(2) 
PARAMETRIC_REPRESENTATION_CONTEXT() REPRESENTATION_CONTEXT('2D SPACE',''
  ) );
#950 = ORIENTED_EDGE('',*,*,#951,.F.);
#951 = EDGE_CURVE('',#709,#929,#952,.T.);
#952 = SURFACE_CURVE('',#953,(#957,#963),.PCURVE_S1.);
#953 = LINE('',#954,#955);
#954 = CARTESIAN_POINT('',(35.99408844953,70.455463189163,
    15.844912094847));
#955 = VECTOR('',#956,1.);
#956 = DIRECTION('',(-0.,0.28452956427,-0.958667266082));
#957 = PCURVE('',#100,#958);
#958 = DEFINITIONAL_REPRESENTATION('',(#959),#962);
#959 = B_SPLINE_CURVE_WITH_KNOTS('',1,(#960,#961),.UNSPECIFIED.,.F.,.F.,
  (2,2),(-0.198754061559,4.856663682373),.PIECEWISE_BEZIER_KNOTS.);
#960 = CARTESIAN_POINT('',(5.055417743932,-35.99408844953));
#961 = CARTESIAN_POINT('',(0.,-35.99408844953));
#962 = ( GEOMETRIC_REPRESENTATION_CONTEXT(2) 
PARAMETRIC_REPRESENTATION_CONTEXT() REPRESENTATION_CONTEXT('2D SPACE',''
  ) );
#963 = PCURVE('',#746,#964);
#964 = DEFINITIONAL_REPRESENTATION('',(#965),#968);
#965 = B_SPLINE_CURVE_WITH_KNOTS('',1,(#966,#967),.UNSPECIFIED.,.F.,.F.,
  (2,2),(-0.198754061559,4.856663682373),.PIECEWISE_BEZIER_KNOTS.);
#966 = CARTESIAN_POINT('',(16.035451107665,-70.39891178263));
#967 = CARTESIAN_POINT('',(11.188987600189,-71.83732759051));
#968 = ( GEOMETRIC_REPRESENTATION_CONTEXT(2) 
PARAMETRIC_REPRESENTATION_CONTEXT() REPRESENTATION_CONTEXT('2D SPACE',''
  ) );
#969 = ORIENTED_EDGE('',*,*,#708,.F.);
#970 = ORIENTED_EDGE('',*,*,#135,.F.);
#971 = ORIENTED_EDGE('',*,*,#112,.T.);
#972 = ORIENTED_EDGE('',*,*,#84,.T.);
#973 = ORIENTED_EDGE('',*,*,#788,.T.);
#974 = ADVANCED_FACE('',(#975),#222,.T.);
#975 = FACE_BOUND('',#976,.T.);
#976 = EDGE_LOOP('',(#977,#978,#1001,#1024));
#977 = ORIENTED_EDGE('',*,*,#204,.F.);
#978 = ORIENTED_EDGE('',*,*,#979,.T.);
#979 = EDGE_CURVE('',#205,#980,#982,.T.);
#980 = VERTEX_POINT('',#981);
#981 = CARTESIAN_POINT('',(35.99408844953,0.,49.69260353559));
#982 = SURFACE_CURVE('',#983,(#987,#994),.PCURVE_S1.);
#983 = LINE('',#984,#985);
#984 = CARTESIAN_POINT('',(0.,0.,49.69260353559));
#985 = VECTOR('',#986,1.);
#986 = DIRECTION('',(1.,0.,-0.));
#987 = PCURVE('',#222,#988);
#988 = DEFINITIONAL_REPRESENTATION('',(#989),#993);
#989 = LINE('',#990,#991);
#990 = CARTESIAN_POINT('',(0.,0.));
#991 = VECTOR('',#992,1.);
#992 = DIRECTION('',(1.,0.));
#993 = ( GEOMETRIC_REPRESENTATION_CONTEXT(2) 
PARAMETRIC_REPRESENTATION_CONTEXT() REPRESENTATION_CONTEXT('2D SPACE',''
  ) );
#994 = PCURVE('',#250,#995);
#995 = DEFINITIONAL_REPRESENTATION('',(#996),#1000);
#996 = LINE('',#997,#998);
#997 = CARTESIAN_POINT('',(49.69260353559,0.));
#998 = VECTOR('',#999,1.);
#999 = DIRECTION('',(0.,1.));
#1000 = ( GEOMETRIC_REPRESENTATION_CONTEXT(2) 
PARAMETRIC_REPRESENTATION_CONTEXT() REPRESENTATION_CONTEXT('2D SPACE',''
  ) );
#1001 = ORIENTED_EDGE('',*,*,#1002,.T.);
#1002 = EDGE_CURVE('',#980,#1003,#1005,.T.);
#1003 = VERTEX_POINT('',#1004);
#1004 = CARTESIAN_POINT('',(35.99408844953,79.455898650451,
    49.69260353559));
#1005 = SURFACE_CURVE('',#1006,(#1010,#1017),.PCURVE_S1.);
#1006 = LINE('',#1007,#1008);
#1007 = CARTESIAN_POINT('',(35.99408844953,0.,49.69260353559));
#1008 = VECTOR('',#1009,1.);
#1009 = DIRECTION('',(-0.,1.,0.));
#1010 = PCURVE('',#222,#1011);
#1011 = DEFINITIONAL_REPRESENTATION('',(#1012),#1016);
#1012 = LINE('',#1013,#1014);
#1013 = CARTESIAN_POINT('',(35.99408844953,0.));
#1014 = VECTOR('',#1015,1.);
#1015 = DIRECTION('',(0.,1.));
#1016 = ( GEOMETRIC_REPRESENTATION_CONTEXT(2) 
PARAMETRIC_REPRESENTATION_CONTEXT() REPRESENTATION_CONTEXT('2D SPACE',''
  ) );
#1017 = PCURVE('',#746,#1018);
#1018 = DEFINITIONAL_REPRESENTATION('',(#1019),#1023);
#1019 = LINE('',#1020,#1021);
#1020 = CARTESIAN_POINT('',(49.69260353559,0.));
#1021 = VECTOR('',#1022,1.);
#1022 = DIRECTION('',(0.,-1.));
#1023 = ( GEOMETRIC_REPRESENTATION_CONTEXT(2) 
PARAMETRIC_REPRESENTATION_CONTEXT() REPRESENTATION_CONTEXT('2D SPACE',''
  ) );
#1024 = ORIENTED_EDGE('',*,*,#1025,.F.);
#1025 = EDGE_CURVE('',#207,#1003,#1026,.T.);
#1026 = SURFACE_CURVE('',#1027,(#1031,#1038),.PCURVE_S1.);
#1027 = LINE('',#1028,#1029);
#1028 = CARTESIAN_POINT('',(0.,79.455898650451,49.69260353559));
#1029 = VECTOR('',#1030,1.);
#1030 = DIRECTION('',(1.,0.,-0.));
#1031 = PCURVE('',#222,#1032);
#1032 = DEFINITIONAL_REPRESENTATION('',(#1033),#1037);
#1033 = LINE('',#1034,#1035);
#1034 = CARTESIAN_POINT('',(0.,79.455898650451));
#1035 = VECTOR('',#1036,1.);
#1036 = DIRECTION('',(1.,0.));
#1037 = ( GEOMETRIC_REPRESENTATION_CONTEXT(2) 
PARAMETRIC_REPRESENTATION_CONTEXT() REPRESENTATION_CONTEXT('2D SPACE',''
  ) );
#1038 = PCURVE('',#360,#1039);
#1039 = DEFINITIONAL_REPRESENTATION('',(#1040),#1044);
#1040 = LINE('',#1041,#1042);
#1041 = CARTESIAN_POINT('',(49.69260353559,0.));
#1042 = VECTOR('',#1043,1.);
#1043 = DIRECTION('',(0.,1.));
#1044 = ( GEOMETRIC_REPRESENTATION_CONTEXT(2) 
PARAMETRIC_REPRESENTATION_CONTEXT() REPRESENTATION_CONTEXT('2D SPACE',''
  ) );
#1045 = ADVANCED_FACE('',(#1046),#360,.T.);
#1046 = FACE_BOUND('',#1047,.T.);
#1047 = EDGE_LOOP('',(#1048,#1071,#1072,#1073,#1096));
#1048 = ORIENTED_EDGE('',*,*,#1049,.F.);
#1049 = EDGE_CURVE('',#319,#1050,#1052,.T.);
#1050 = VERTEX_POINT('',#1051);
#1051 = CARTESIAN_POINT('',(17.997044224765,79.455898650451,
    13.187942588321));
#1052 = SURFACE_CURVE('',#1053,(#1057,#1064),.PCURVE_S1.);
#1053 = LINE('',#1054,#1055);
#1054 = CARTESIAN_POINT('',(0.,79.455898650451,8.717710563684));
#1055 = VECTOR('',#1056,1.);
#1056 = DIRECTION('',(0.970509715813,0.,0.241062007609));
#1057 = PCURVE('',#360,#1058);
#1058 = DEFINITIONAL_REPRESENTATION('',(#1059),#1063);
#1059 = LINE('',#1060,#1061);
#1060 = CARTESIAN_POINT('',(8.717710563684,0.));
#1061 = VECTOR('',#1062,1.);
#1062 = DIRECTION('',(0.241062007609,0.970509715813));
#1063 = ( GEOMETRIC_REPRESENTATION_CONTEXT(2) 
PARAMETRIC_REPRESENTATION_CONTEXT() REPRESENTATION_CONTEXT('2D SPACE',''
  ) );
#1064 = PCURVE('',#334,#1065);
#1065 = DEFINITIONAL_REPRESENTATION('',(#1066),#1070);
#1066 = LINE('',#1067,#1068);
#1067 = CARTESIAN_POINT('',(0.,0.));
#1068 = VECTOR('',#1069,1.);
#1069 = DIRECTION('',(1.,0.));
#1070 = ( GEOMETRIC_REPRESENTATION_CONTEXT(2) 
PARAMETRIC_REPRESENTATION_CONTEXT() REPRESENTATION_CONTEXT('2D SPACE',''
  ) );
#1071 = ORIENTED_EDGE('',*,*,#346,.T.);
#1072 = ORIENTED_EDGE('',*,*,#1025,.T.);
#1073 = ORIENTED_EDGE('',*,*,#1074,.F.);
#1074 = EDGE_CURVE('',#1075,#1003,#1077,.T.);
#1075 = VERTEX_POINT('',#1076);
#1076 = CARTESIAN_POINT('',(35.99408844953,79.455898650451,
    8.717710563684));
#1077 = SURFACE_CURVE('',#1078,(#1082,#1089),.PCURVE_S1.);
#1078 = LINE('',#1079,#1080);
#1079 = CARTESIAN_POINT('',(35.99408844953,79.455898650451,0.));
#1080 = VECTOR('',#1081,1.);
#1081 = DIRECTION('',(0.,0.,1.));
#1082 = PCURVE('',#360,#1083);
#1083 = DEFINITIONAL_REPRESENTATION('',(#1084),#1088);
#1084 = LINE('',#1085,#1086);
#1085 = CARTESIAN_POINT('',(0.,35.99408844953));
#1086 = VECTOR('',#1087,1.);
#1087 = DIRECTION('',(1.,0.));
#1088 = ( GEOMETRIC_REPRESENTATION_CONTEXT(2) 
PARAMETRIC_REPRESENTATION_CONTEXT() REPRESENTATION_CONTEXT('2D SPACE',''
  ) );
#1089 = PCURVE('',#746,#1090);
#1090 = DEFINITIONAL_REPRESENTATION('',(#1091),#1095);
#1091 = LINE('',#1092,#1093);
#1092 = CARTESIAN_POINT('',(0.,-79.45589865045));
#1093 = VECTOR('',#1094,1.);
#1094 = DIRECTION('',(1.,0.));
#1095 = ( GEOMETRIC_REPRESENTATION_CONTEXT(2) 
PARAMETRIC_REPRESENTATION_CONTEXT() REPRESENTATION_CONTEXT('2D SPACE',''
  ) );
#1096 = ORIENTED_EDGE('',*,*,#1097,.F.);
#1097 = EDGE_CURVE('',#1050,#1075,#1098,.T.);
#1098 = SURFACE_CURVE('',#1099,(#1103,#1110),.PCURVE_S1.);
#1099 = LINE('',#1100,#1101);
#1100 = CARTESIAN_POINT('',(17.997044224765,79.455898650451,
    13.187942588321));
#1101 = VECTOR('',#1102,1.);
#1102 = DIRECTION('',(0.970509715813,0.,-0.241062007609));
#1103 = PCURVE('',#360,#1104);
#1104 = DEFINITIONAL_REPRESENTATION('',(#1105),#1109);
#1105 = LINE('',#1106,#1107);
#1106 = CARTESIAN_POINT('',(13.187942588321,17.997044224765));
#1107 = VECTOR('',#1108,1.);
#1108 = DIRECTION('',(-0.241062007609,0.970509715813));
#1109 = ( GEOMETRIC_REPRESENTATION_CONTEXT(2) 
PARAMETRIC_REPRESENTATION_CONTEXT() REPRESENTATION_CONTEXT('2D SPACE',''
  ) );
#1110 = PCURVE('',#917,#1111);
#1111 = DEFINITIONAL_REPRESENTATION('',(#1112),#1116);
#1112 = LINE('',#1113,#1114);
#1113 = CARTESIAN_POINT('',(0.,0.));
#1114 = VECTOR('',#1115,1.);
#1115 = DIRECTION('',(1.,0.));
#1116 = ( GEOMETRIC_REPRESENTATION_CONTEXT(2) 
PARAMETRIC_REPRESENTATION_CONTEXT() REPRESENTATION_CONTEXT('2D SPACE',''
  ) );
#1117 = ADVANCED_FACE('',(#1118),#250,.F.);
#1118 = FACE_BOUND('',#1119,.F.);
#1119 = EDGE_LOOP('',(#1120,#1143,#1144,#1145));
#1120 = ORIENTED_EDGE('',*,*,#1121,.F.);
#1121 = EDGE_CURVE('',#235,#1122,#1124,.T.);
#1122 = VERTEX_POINT('',#1123);
#1123 = CARTESIAN_POINT('',(35.99408844953,0.,0.));
#1124 = SURFACE_CURVE('',#1125,(#1129,#1136),.PCURVE_S1.);
#1125 = LINE('',#1126,#1127);
#1126 = CARTESIAN_POINT('',(0.,0.,0.));
#1127 = VECTOR('',#1128,1.);
#1128 = DIRECTION('',(1.,0.,-0.));
#1129 = PCURVE('',#250,#1130);
#1130 = DEFINITIONAL_REPRESENTATION('',(#1131),#1135);
#1131 = LINE('',#1132,#1133);
#1132 = CARTESIAN_POINT('',(0.,0.));
#1133 = VECTOR('',#1134,1.);
#1134 = DIRECTION('',(0.,1.));
#1135 = ( GEOMETRIC_REPRESENTATION_CONTEXT(2) 
PARAMETRIC_REPRESENTATION_CONTEXT() REPRESENTATION_CONTEXT('2D SPACE',''
  ) );
#1136 = PCURVE('',#278,#1137);
#1137 = DEFINITIONAL_REPRESENTATION('',(#1138),#1142);
#1138 = LINE('',#1139,#1140);
#1139 = CARTESIAN_POINT('',(0.,0.));
#1140 = VECTOR('',#1141,1.);
#1141 = DIRECTION('',(1.,0.));
#1142 = ( GEOMETRIC_REPRESENTATION_CONTEXT(2) 
PARAMETRIC_REPRESENTATION_CONTEXT() REPRESENTATION_CONTEXT('2D SPACE',''
  ) );
#1143 = ORIENTED_EDGE('',*,*,#234,.T.);
#1144 = ORIENTED_EDGE('',*,*,#979,.T.);
#1145 = ORIENTED_EDGE('',*,*,#1146,.F.);
#1146 = EDGE_CURVE('',#1122,#980,#1147,.T.);
#1147 = SURFACE_CURVE('',#1148,(#1152,#1159),.PCURVE_S1.);
#1148 = LINE('',#1149,#1150);
#1149 = CARTESIAN_POINT('',(35.99408844953,0.,0.));
#1150 = VECTOR('',#1151,1.);
#1151 = DIRECTION('',(0.,0.,1.));
#1152 = PCURVE('',#250,#1153);
#1153 = DEFINITIONAL_REPRESENTATION('',(#1154),#1158);
#1154 = LINE('',#1155,#1156);
#1155 = CARTESIAN_POINT('',(0.,35.99408844953));
#1156 = VECTOR('',#1157,1.);
#1157 = DIRECTION('',(1.,0.));
#1158 = ( GEOMETRIC_REPRESENTATION_CONTEXT(2) 
PARAMETRIC_REPRESENTATION_CONTEXT() REPRESENTATION_CONTEXT('2D SPACE',''
  ) );
#1159 = PCURVE('',#746,#1160);
#1160 = DEFINITIONAL_REPRESENTATION('',(#1161),#1165);
#1161 = LINE('',#1162,#1163);
#1162 = CARTESIAN_POINT('',(0.,0.));
#1163 = VECTOR('',#1164,1.);
#1164 = DIRECTION('',(1.,0.));
#1165 = ( GEOMETRIC_REPRESENTATION_CONTEXT(2) 
PARAMETRIC_REPRESENTATION_CONTEXT() REPRESENTATION_CONTEXT('2D SPACE',''
  ) );
#1166 = ADVANCED_FACE('',(#1167),#334,.F.);
#1167 = FACE_BOUND('',#1168,.F.);
#1168 = EDGE_LOOP('',(#1169,#1170,#1171,#1194,#1215,#1216,#1237));
#1169 = ORIENTED_EDGE('',*,*,#1049,.F.);
#1170 = ORIENTED_EDGE('',*,*,#318,.T.);
#1171 = ORIENTED_EDGE('',*,*,#1172,.T.);
#1172 = EDGE_CURVE('',#291,#1173,#1175,.T.);
#1173 = VERTEX_POINT('',#1174);
#1174 = CARTESIAN_POINT('',(17.997044224765,21.158823075616,
    13.187942588321));
#1175 = SURFACE_CURVE('',#1176,(#1180,#1187),.PCURVE_S1.);
#1176 = LINE('',#1177,#1178);
#1177 = CARTESIAN_POINT('',(0.,21.158823075616,8.717710563684));
#1178 = VECTOR('',#1179,1.);
#1179 = DIRECTION('',(0.970509715813,0.,0.241062007609));
#1180 = PCURVE('',#334,#1181);
#1181 = DEFINITIONAL_REPRESENTATION('',(#1182),#1186);
#1182 = LINE('',#1183,#1184);
#1183 = CARTESIAN_POINT('',(0.,-58.29707557483));
#1184 = VECTOR('',#1185,1.);
#1185 = DIRECTION('',(1.,0.));
#1186 = ( GEOMETRIC_REPRESENTATION_CONTEXT(2) 
PARAMETRIC_REPRESENTATION_CONTEXT() REPRESENTATION_CONTEXT('2D SPACE',''
  ) );
#1187 = PCURVE('',#306,#1188);
#1188 = DEFINITIONAL_REPRESENTATION('',(#1189),#1193);
#1189 = LINE('',#1190,#1191);
#1190 = CARTESIAN_POINT('',(3.390388897,-17.99704422476));
#1191 = VECTOR('',#1192,1.);
#1192 = DIRECTION('',(0.241062007609,0.970509715813));
#1193 = ( GEOMETRIC_REPRESENTATION_CONTEXT(2) 
PARAMETRIC_REPRESENTATION_CONTEXT() REPRESENTATION_CONTEXT('2D SPACE',''
  ) );
#1194 = ORIENTED_EDGE('',*,*,#1195,.F.);
#1195 = EDGE_CURVE('',#882,#1173,#1196,.T.);
#1196 = SURFACE_CURVE('',#1197,(#1201,#1208),.PCURVE_S1.);
#1197 = LINE('',#1198,#1199);
#1198 = CARTESIAN_POINT('',(17.997044224765,79.455898650451,
    13.187942588321));
#1199 = VECTOR('',#1200,1.);
#1200 = DIRECTION('',(0.,-1.,-0.));
#1201 = PCURVE('',#334,#1202);
#1202 = DEFINITIONAL_REPRESENTATION('',(#1203),#1207);
#1203 = LINE('',#1204,#1205);
#1204 = CARTESIAN_POINT('',(18.543909382388,0.));
#1205 = VECTOR('',#1206,1.);
#1206 = DIRECTION('',(0.,-1.));
#1207 = ( GEOMETRIC_REPRESENTATION_CONTEXT(2) 
PARAMETRIC_REPRESENTATION_CONTEXT() REPRESENTATION_CONTEXT('2D SPACE',''
  ) );
#1208 = PCURVE('',#917,#1209);
#1209 = DEFINITIONAL_REPRESENTATION('',(#1210),#1214);
#1210 = LINE('',#1211,#1212);
#1211 = CARTESIAN_POINT('',(0.,0.));
#1212 = VECTOR('',#1213,1.);
#1213 = DIRECTION('',(0.,-1.));
#1214 = ( GEOMETRIC_REPRESENTATION_CONTEXT(2) 
PARAMETRIC_REPRESENTATION_CONTEXT() REPRESENTATION_CONTEXT('2D SPACE',''
  ) );
#1215 = ORIENTED_EDGE('',*,*,#881,.F.);
#1216 = ORIENTED_EDGE('',*,*,#1217,.F.);
#1217 = EDGE_CURVE('',#1218,#859,#1220,.T.);
#1218 = VERTEX_POINT('',#1219);
#1219 = CARTESIAN_POINT('',(17.997044224765,73.880234106535,
    13.187942588321));
#1220 = SURFACE_CURVE('',#1221,(#1225,#1231),.PCURVE_S1.);
#1221 = LINE('',#1222,#1223);
#1222 = CARTESIAN_POINT('',(2.335829750159,69.904660511159,
    9.297900333896));
#1223 = VECTOR('',#1224,1.);
#1224 = DIRECTION('',(-0.9423337659,-0.239209880167,-0.234063467623));
#1225 = PCURVE('',#334,#1226);
#1226 = DEFINITIONAL_REPRESENTATION('',(#1227),#1230);
#1227 = B_SPLINE_CURVE_WITH_KNOTS('',1,(#1228,#1229),.UNSPECIFIED.,.F.,
  .F.,(2,2),(-16.61960447703,-8.079378151122),.PIECEWISE_BEZIER_KNOTS.);
#1228 = CARTESIAN_POINT('',(18.543909382388,-5.575664543916));
#1229 = CARTESIAN_POINT('',(10.251623891368,-7.618571059937));
#1230 = ( GEOMETRIC_REPRESENTATION_CONTEXT(2) 
PARAMETRIC_REPRESENTATION_CONTEXT() REPRESENTATION_CONTEXT('2D SPACE',''
  ) );
#1231 = PCURVE('',#771,#1232);
#1232 = DEFINITIONAL_REPRESENTATION('',(#1233),#1236);
#1233 = B_SPLINE_CURVE_WITH_KNOTS('',1,(#1234,#1235),.UNSPECIFIED.,.F.,
  .F.,(2,2),(-16.61960447703,-8.079378151122),.PIECEWISE_BEZIER_KNOTS.);
#1234 = CARTESIAN_POINT('',(1.170689233576,-17.99704422476));
#1235 = CARTESIAN_POINT('',(4.028885881425,-9.949300589434));
#1236 = ( GEOMETRIC_REPRESENTATION_CONTEXT(2) 
PARAMETRIC_REPRESENTATION_CONTEXT() REPRESENTATION_CONTEXT('2D SPACE',''
  ) );
#1237 = ORIENTED_EDGE('',*,*,#1238,.F.);
#1238 = EDGE_CURVE('',#1050,#1218,#1239,.T.);
#1239 = SURFACE_CURVE('',#1240,(#1244,#1251),.PCURVE_S1.);
#1240 = LINE('',#1241,#1242);
#1241 = CARTESIAN_POINT('',(17.997044224765,79.455898650451,
    13.187942588321));
#1242 = VECTOR('',#1243,1.);
#1243 = DIRECTION('',(0.,-1.,-0.));
#1244 = PCURVE('',#334,#1245);
#1245 = DEFINITIONAL_REPRESENTATION('',(#1246),#1250);
#1246 = LINE('',#1247,#1248);
#1247 = CARTESIAN_POINT('',(18.543909382388,0.));
#1248 = VECTOR('',#1249,1.);
#1249 = DIRECTION('',(0.,-1.));
#1250 = ( GEOMETRIC_REPRESENTATION_CONTEXT(2) 
PARAMETRIC_REPRESENTATION_CONTEXT() REPRESENTATION_CONTEXT('2D SPACE',''
  ) );
#1251 = PCURVE('',#917,#1252);
#1252 = DEFINITIONAL_REPRESENTATION('',(#1253),#1257);
#1253 = LINE('',#1254,#1255);
#1254 = CARTESIAN_POINT('',(0.,0.));
#1255 = VECTOR('',#1256,1.);
#1256 = DIRECTION('',(0.,-1.));
#1257 = ( GEOMETRIC_REPRESENTATION_CONTEXT(2) 
PARAMETRIC_REPRESENTATION_CONTEXT() REPRESENTATION_CONTEXT('2D SPACE',''
  ) );
#1258 = ADVANCED_FACE('',(#1259),#278,.F.);
#1259 = FACE_BOUND('',#1260,.F.);
#1260 = EDGE_LOOP('',(#1261,#1262,#1263,#1286));
#1261 = ORIENTED_EDGE('',*,*,#262,.F.);
#1262 = ORIENTED_EDGE('',*,*,#1121,.T.);
#1263 = ORIENTED_EDGE('',*,*,#1264,.T.);
#1264 = EDGE_CURVE('',#1122,#1265,#1267,.T.);
#1265 = VERTEX_POINT('',#1266);
#1266 = CARTESIAN_POINT('',(35.99408844953,21.158823075616,0.));
#1267 = SURFACE_CURVE('',#1268,(#1272,#1279),.PCURVE_S1.);
#1268 = LINE('',#1269,#1270);
#1269 = CARTESIAN_POINT('',(35.99408844953,0.,0.));
#1270 = VECTOR('',#1271,1.);
#1271 = DIRECTION('',(-0.,1.,0.));
#1272 = PCURVE('',#278,#1273);
#1273 = DEFINITIONAL_REPRESENTATION('',(#1274),#1278);
#1274 = LINE('',#1275,#1276);
#1275 = CARTESIAN_POINT('',(35.99408844953,0.));
#1276 = VECTOR('',#1277,1.);
#1277 = DIRECTION('',(0.,1.));
#1278 = ( GEOMETRIC_REPRESENTATION_CONTEXT(2) 
PARAMETRIC_REPRESENTATION_CONTEXT() REPRESENTATION_CONTEXT('2D SPACE',''
  ) );
#1279 = PCURVE('',#746,#1280);
#1280 = DEFINITIONAL_REPRESENTATION('',(#1281),#1285);
#1281 = LINE('',#1282,#1283);
#1282 = CARTESIAN_POINT('',(0.,0.));
#1283 = VECTOR('',#1284,1.);
#1284 = DIRECTION('',(0.,-1.));
#1285 = ( GEOMETRIC_REPRESENTATION_CONTEXT(2) 
PARAMETRIC_REPRESENTATION_CONTEXT() REPRESENTATION_CONTEXT('2D SPACE',''
  ) );
#1286 = ORIENTED_EDGE('',*,*,#1287,.T.);
#1287 = EDGE_CURVE('',#1265,#263,#1288,.T.);
#1288 = SURFACE_CURVE('',#1289,(#1293,#1300),.PCURVE_S1.);
#1289 = LINE('',#1290,#1291);
#1290 = CARTESIAN_POINT('',(35.99408844953,21.158823075616,0.));
#1291 = VECTOR('',#1292,1.);
#1292 = DIRECTION('',(-1.,0.,0.));
#1293 = PCURVE('',#278,#1294);
#1294 = DEFINITIONAL_REPRESENTATION('',(#1295),#1299);
#1295 = LINE('',#1296,#1297);
#1296 = CARTESIAN_POINT('',(35.99408844953,21.158823075616));
#1297 = VECTOR('',#1298,1.);
#1298 = DIRECTION('',(-1.,0.));
#1299 = ( GEOMETRIC_REPRESENTATION_CONTEXT(2) 
PARAMETRIC_REPRESENTATION_CONTEXT() REPRESENTATION_CONTEXT('2D SPACE',''
  ) );
#1300 = PCURVE('',#306,#1301);
#1301 = DEFINITIONAL_REPRESENTATION('',(#1302),#1306);
#1302 = LINE('',#1303,#1304);
#1303 = CARTESIAN_POINT('',(-5.327321666684,17.997044224765));
#1304 = VECTOR('',#1305,1.);
#1305 = DIRECTION('',(0.,-1.));
#1306 = ( GEOMETRIC_REPRESENTATION_CONTEXT(2) 
PARAMETRIC_REPRESENTATION_CONTEXT() REPRESENTATION_CONTEXT('2D SPACE',''
  ) );
#1307 = ADVANCED_FACE('',(#1308),#306,.T.);
#1308 = FACE_BOUND('',#1309,.T.);
#1309 = EDGE_LOOP('',(#1310,#1333,#1334,#1335,#1336));
#1310 = ORIENTED_EDGE('',*,*,#1311,.T.);
#1311 = EDGE_CURVE('',#1312,#1265,#1314,.T.);
#1312 = VERTEX_POINT('',#1313);
#1313 = CARTESIAN_POINT('',(35.99408844953,21.158823075616,
    8.717710563684));
#1314 = SURFACE_CURVE('',#1315,(#1319,#1326),.PCURVE_S1.);
#1315 = LINE('',#1316,#1317);
#1316 = CARTESIAN_POINT('',(35.99408844953,21.158823075616,
    8.717710563684));
#1317 = VECTOR('',#1318,1.);
#1318 = DIRECTION('',(0.,0.,-1.));
#1319 = PCURVE('',#306,#1320);
#1320 = DEFINITIONAL_REPRESENTATION('',(#1321),#1325);
#1321 = LINE('',#1322,#1323);
#1322 = CARTESIAN_POINT('',(3.390388897,17.997044224765));
#1323 = VECTOR('',#1324,1.);
#1324 = DIRECTION('',(-1.,7.707776524151E-62));
#1325 = ( GEOMETRIC_REPRESENTATION_CONTEXT(2) 
PARAMETRIC_REPRESENTATION_CONTEXT() REPRESENTATION_CONTEXT('2D SPACE',''
  ) );
#1326 = PCURVE('',#746,#1327);
#1327 = DEFINITIONAL_REPRESENTATION('',(#1328),#1332);
#1328 = LINE('',#1329,#1330);
#1329 = CARTESIAN_POINT('',(8.717710563684,-21.15882307561));
#1330 = VECTOR('',#1331,1.);
#1331 = DIRECTION('',(-1.,0.));
#1332 = ( GEOMETRIC_REPRESENTATION_CONTEXT(2) 
PARAMETRIC_REPRESENTATION_CONTEXT() REPRESENTATION_CONTEXT('2D SPACE',''
  ) );
#1333 = ORIENTED_EDGE('',*,*,#1287,.T.);
#1334 = ORIENTED_EDGE('',*,*,#290,.T.);
#1335 = ORIENTED_EDGE('',*,*,#1172,.T.);
#1336 = ORIENTED_EDGE('',*,*,#1337,.T.);
#1337 = EDGE_CURVE('',#1173,#1312,#1338,.T.);
#1338 = SURFACE_CURVE('',#1339,(#1343,#1350),.PCURVE_S1.);
#1339 = LINE('',#1340,#1341);
#1340 = CARTESIAN_POINT('',(17.997044224765,21.158823075616,
    13.187942588321));
#1341 = VECTOR('',#1342,1.);
#1342 = DIRECTION('',(0.970509715813,0.,-0.241062007609));
#1343 = PCURVE('',#306,#1344);
#1344 = DEFINITIONAL_REPRESENTATION('',(#1345),#1349);
#1345 = LINE('',#1346,#1347);
#1346 = CARTESIAN_POINT('',(7.860620921636,-3.552713678801E-15));
#1347 = VECTOR('',#1348,1.);
#1348 = DIRECTION('',(-0.241062007609,0.970509715813));
#1349 = ( GEOMETRIC_REPRESENTATION_CONTEXT(2) 
PARAMETRIC_REPRESENTATION_CONTEXT() REPRESENTATION_CONTEXT('2D SPACE',''
  ) );
#1350 = PCURVE('',#917,#1351);
#1351 = DEFINITIONAL_REPRESENTATION('',(#1352),#1356);
#1352 = LINE('',#1353,#1354);
#1353 = CARTESIAN_POINT('',(0.,-58.29707557483));
#1354 = VECTOR('',#1355,1.);
#1355 = DIRECTION('',(1.,0.));
#1356 = ( GEOMETRIC_REPRESENTATION_CONTEXT(2) 
PARAMETRIC_REPRESENTATION_CONTEXT() REPRESENTATION_CONTEXT('2D SPACE',''
  ) );
#1357 = ADVANCED_FACE('',(#1358),#391,.F.);
#1358 = FACE_BOUND('',#1359,.F.);
#1359 = EDGE_LOOP('',(#1360,#1385,#1406,#1407));
#1360 = ORIENTED_EDGE('',*,*,#1361,.F.);
#1361 = EDGE_CURVE('',#1362,#1364,#1366,.T.);
#1362 = VERTEX_POINT('',#1363);
#1363 = CARTESIAN_POINT('',(35.99408844953,64.191171899734,
    22.984537861412));
#1364 = VERTEX_POINT('',#1365);
#1365 = CARTESIAN_POINT('',(35.99408844953,63.978269765298,
    21.137742696061));
#1366 = SURFACE_CURVE('',#1367,(#1371,#1378),.PCURVE_S1.);
#1367 = LINE('',#1368,#1369);
#1368 = CARTESIAN_POINT('',(35.99408844953,64.191171899734,
    22.984537861412));
#1369 = VECTOR('',#1370,1.);
#1370 = DIRECTION('',(0.,-0.114523450354,-0.993420545046));
#1371 = PCURVE('',#391,#1372);
#1372 = DEFINITIONAL_REPRESENTATION('',(#1373),#1377);
#1373 = LINE('',#1374,#1375);
#1374 = CARTESIAN_POINT('',(0.,0.));
#1375 = VECTOR('',#1376,1.);
#1376 = DIRECTION('',(1.,0.));
#1377 = ( GEOMETRIC_REPRESENTATION_CONTEXT(2) 
PARAMETRIC_REPRESENTATION_CONTEXT() REPRESENTATION_CONTEXT('2D SPACE',''
  ) );
#1378 = PCURVE('',#746,#1379);
#1379 = DEFINITIONAL_REPRESENTATION('',(#1380),#1384);
#1380 = LINE('',#1381,#1382);
#1381 = CARTESIAN_POINT('',(22.984537861412,-64.19117189973));
#1382 = VECTOR('',#1383,1.);
#1383 = DIRECTION('',(-0.993420545046,0.114523450354));
#1384 = ( GEOMETRIC_REPRESENTATION_CONTEXT(2) 
PARAMETRIC_REPRESENTATION_CONTEXT() REPRESENTATION_CONTEXT('2D SPACE',''
  ) );
#1385 = ORIENTED_EDGE('',*,*,#1386,.T.);
#1386 = EDGE_CURVE('',#1362,#375,#1387,.T.);
#1387 = SURFACE_CURVE('',#1388,(#1392,#1399),.PCURVE_S1.);
#1388 = LINE('',#1389,#1390);
#1389 = CARTESIAN_POINT('',(35.99408844953,64.191171899734,
    22.984537861412));
#1390 = VECTOR('',#1391,1.);
#1391 = DIRECTION('',(-1.,-0.,0.));
#1392 = PCURVE('',#391,#1393);
#1393 = DEFINITIONAL_REPRESENTATION('',(#1394),#1398);
#1394 = LINE('',#1395,#1396);
#1395 = CARTESIAN_POINT('',(0.,0.));
#1396 = VECTOR('',#1397,1.);
#1397 = DIRECTION('',(-0.,-1.));
#1398 = ( GEOMETRIC_REPRESENTATION_CONTEXT(2) 
PARAMETRIC_REPRESENTATION_CONTEXT() REPRESENTATION_CONTEXT('2D SPACE',''
  ) );
#1399 = PCURVE('',#417,#1400);
#1400 = DEFINITIONAL_REPRESENTATION('',(#1401),#1405);
#1401 = LINE('',#1402,#1403);
#1402 = CARTESIAN_POINT('',(1.859026546775,0.));
#1403 = VECTOR('',#1404,1.);
#1404 = DIRECTION('',(-0.,-1.));
#1405 = ( GEOMETRIC_REPRESENTATION_CONTEXT(2) 
PARAMETRIC_REPRESENTATION_CONTEXT() REPRESENTATION_CONTEXT('2D SPACE',''
  ) );
#1406 = ORIENTED_EDGE('',*,*,#374,.T.);
#1407 = ORIENTED_EDGE('',*,*,#1408,.F.);
#1408 = EDGE_CURVE('',#1364,#377,#1409,.T.);
#1409 = SURFACE_CURVE('',#1410,(#1414,#1421),.PCURVE_S1.);
#1410 = LINE('',#1411,#1412);
#1411 = CARTESIAN_POINT('',(35.99408844953,63.978269765298,
    21.137742696061));
#1412 = VECTOR('',#1413,1.);
#1413 = DIRECTION('',(-1.,-0.,0.));
#1414 = PCURVE('',#391,#1415);
#1415 = DEFINITIONAL_REPRESENTATION('',(#1416),#1420);
#1416 = LINE('',#1417,#1418);
#1417 = CARTESIAN_POINT('',(1.859026546775,0.));
#1418 = VECTOR('',#1419,1.);
#1419 = DIRECTION('',(-0.,-1.));
#1420 = ( GEOMETRIC_REPRESENTATION_CONTEXT(2) 
PARAMETRIC_REPRESENTATION_CONTEXT() REPRESENTATION_CONTEXT('2D SPACE',''
  ) );
#1421 = PCURVE('',#519,#1422);
#1422 = DEFINITIONAL_REPRESENTATION('',(#1423),#1427);
#1423 = LINE('',#1424,#1425);
#1424 = CARTESIAN_POINT('',(0.,0.));
#1425 = VECTOR('',#1426,1.);
#1426 = DIRECTION('',(0.,-1.));
#1427 = ( GEOMETRIC_REPRESENTATION_CONTEXT(2) 
PARAMETRIC_REPRESENTATION_CONTEXT() REPRESENTATION_CONTEXT('2D SPACE',''
  ) );
#1428 = ADVANCED_FACE('',(#1429),#417,.F.);
#1429 = FACE_BOUND('',#1430,.F.);
#1430 = EDGE_LOOP('',(#1431,#1454,#1475,#1476));
#1431 = ORIENTED_EDGE('',*,*,#1432,.F.);
#1432 = EDGE_CURVE('',#1433,#1362,#1435,.T.);
#1433 = VERTEX_POINT('',#1434);
#1434 = CARTESIAN_POINT('',(35.99408844953,65.896994495732,
    23.723556787146));
#1435 = SURFACE_CURVE('',#1436,(#1440,#1447),.PCURVE_S1.);
#1436 = LINE('',#1437,#1438);
#1437 = CARTESIAN_POINT('',(35.99408844953,65.896994495732,
    23.723556787146));
#1438 = VECTOR('',#1439,1.);
#1439 = DIRECTION('',(0.,-0.917589153828,-0.397530055187));
#1440 = PCURVE('',#417,#1441);
#1441 = DEFINITIONAL_REPRESENTATION('',(#1442),#1446);
#1442 = LINE('',#1443,#1444);
#1443 = CARTESIAN_POINT('',(0.,0.));
#1444 = VECTOR('',#1445,1.);
#1445 = DIRECTION('',(1.,0.));
#1446 = ( GEOMETRIC_REPRESENTATION_CONTEXT(2) 
PARAMETRIC_REPRESENTATION_CONTEXT() REPRESENTATION_CONTEXT('2D SPACE',''
  ) );
#1447 = PCURVE('',#746,#1448);
#1448 = DEFINITIONAL_REPRESENTATION('',(#1449),#1453);
#1449 = LINE('',#1450,#1451);
#1450 = CARTESIAN_POINT('',(23.723556787146,-65.89699449573));
#1451 = VECTOR('',#1452,1.);
#1452 = DIRECTION('',(-0.397530055187,0.917589153828));
#1453 = ( GEOMETRIC_REPRESENTATION_CONTEXT(2) 
PARAMETRIC_REPRESENTATION_CONTEXT() REPRESENTATION_CONTEXT('2D SPACE',''
  ) );
#1454 = ORIENTED_EDGE('',*,*,#1455,.T.);
#1455 = EDGE_CURVE('',#1433,#403,#1456,.T.);
#1456 = SURFACE_CURVE('',#1457,(#1461,#1468),.PCURVE_S1.);
#1457 = LINE('',#1458,#1459);
#1458 = CARTESIAN_POINT('',(35.99408844953,65.896994495732,
    23.723556787146));
#1459 = VECTOR('',#1460,1.);
#1460 = DIRECTION('',(-1.,-0.,0.));
#1461 = PCURVE('',#417,#1462);
#1462 = DEFINITIONAL_REPRESENTATION('',(#1463),#1467);
#1463 = LINE('',#1464,#1465);
#1464 = CARTESIAN_POINT('',(0.,0.));
#1465 = VECTOR('',#1466,1.);
#1466 = DIRECTION('',(-0.,-1.));
#1467 = ( GEOMETRIC_REPRESENTATION_CONTEXT(2) 
PARAMETRIC_REPRESENTATION_CONTEXT() REPRESENTATION_CONTEXT('2D SPACE',''
  ) );
#1468 = PCURVE('',#443,#1469);
#1469 = DEFINITIONAL_REPRESENTATION('',(#1470),#1474);
#1470 = LINE('',#1471,#1472);
#1471 = CARTESIAN_POINT('',(1.859026546775,0.));
#1472 = VECTOR('',#1473,1.);
#1473 = DIRECTION('',(0.,-1.));
#1474 = ( GEOMETRIC_REPRESENTATION_CONTEXT(2) 
PARAMETRIC_REPRESENTATION_CONTEXT() REPRESENTATION_CONTEXT('2D SPACE',''
  ) );
#1475 = ORIENTED_EDGE('',*,*,#402,.T.);
#1476 = ORIENTED_EDGE('',*,*,#1386,.F.);
#1477 = ADVANCED_FACE('',(#1478),#519,.F.);
#1478 = FACE_BOUND('',#1479,.F.);
#1479 = EDGE_LOOP('',(#1480,#1503,#1504,#1505));
#1480 = ORIENTED_EDGE('',*,*,#1481,.F.);
#1481 = EDGE_CURVE('',#1364,#1482,#1484,.T.);
#1482 = VERTEX_POINT('',#1483);
#1483 = CARTESIAN_POINT('',(35.99408844953,65.47119022686,
    20.029966456443));
#1484 = SURFACE_CURVE('',#1485,(#1489,#1496),.PCURVE_S1.);
#1485 = LINE('',#1486,#1487);
#1486 = CARTESIAN_POINT('',(35.99408844953,63.978269765298,
    21.137742696061));
#1487 = VECTOR('',#1488,1.);
#1488 = DIRECTION('',(0.,0.803065703474,-0.595890489858));
#1489 = PCURVE('',#519,#1490);
#1490 = DEFINITIONAL_REPRESENTATION('',(#1491),#1495);
#1491 = LINE('',#1492,#1493);
#1492 = CARTESIAN_POINT('',(0.,0.));
#1493 = VECTOR('',#1494,1.);
#1494 = DIRECTION('',(1.,0.));
#1495 = ( GEOMETRIC_REPRESENTATION_CONTEXT(2) 
PARAMETRIC_REPRESENTATION_CONTEXT() REPRESENTATION_CONTEXT('2D SPACE',''
  ) );
#1496 = PCURVE('',#746,#1497);
#1497 = DEFINITIONAL_REPRESENTATION('',(#1498),#1502);
#1498 = LINE('',#1499,#1500);
#1499 = CARTESIAN_POINT('',(21.137742696061,-63.97826976529));
#1500 = VECTOR('',#1501,1.);
#1501 = DIRECTION('',(-0.595890489858,-0.803065703474));
#1502 = ( GEOMETRIC_REPRESENTATION_CONTEXT(2) 
PARAMETRIC_REPRESENTATION_CONTEXT() REPRESENTATION_CONTEXT('2D SPACE',''
  ) );
#1503 = ORIENTED_EDGE('',*,*,#1408,.T.);
#1504 = ORIENTED_EDGE('',*,*,#506,.T.);
#1505 = ORIENTED_EDGE('',*,*,#1506,.F.);
#1506 = EDGE_CURVE('',#1482,#481,#1507,.T.);
#1507 = SURFACE_CURVE('',#1508,(#1512,#1519),.PCURVE_S1.);
#1508 = LINE('',#1509,#1510);
#1509 = CARTESIAN_POINT('',(35.99408844953,65.47119022686,
    20.029966456443));
#1510 = VECTOR('',#1511,1.);
#1511 = DIRECTION('',(-1.,-0.,0.));
#1512 = PCURVE('',#519,#1513);
#1513 = DEFINITIONAL_REPRESENTATION('',(#1514),#1518);
#1514 = LINE('',#1515,#1516);
#1515 = CARTESIAN_POINT('',(1.859026546775,0.));
#1516 = VECTOR('',#1517,1.);
#1517 = DIRECTION('',(0.,-1.));
#1518 = ( GEOMETRIC_REPRESENTATION_CONTEXT(2) 
PARAMETRIC_REPRESENTATION_CONTEXT() REPRESENTATION_CONTEXT('2D SPACE',''
  ) );
#1519 = PCURVE('',#495,#1520);
#1520 = DEFINITIONAL_REPRESENTATION('',(#1521),#1525);
#1521 = LINE('',#1522,#1523);
#1522 = CARTESIAN_POINT('',(0.,0.));
#1523 = VECTOR('',#1524,1.);
#1524 = DIRECTION('',(0.,-1.));
#1525 = ( GEOMETRIC_REPRESENTATION_CONTEXT(2) 
PARAMETRIC_REPRESENTATION_CONTEXT() REPRESENTATION_CONTEXT('2D SPACE',''
  ) );
#1526 = ADVANCED_FACE('',(#1527),#443,.F.);
#1527 = FACE_BOUND('',#1528,.F.);
#1528 = EDGE_LOOP('',(#1529,#1552,#1573,#1574));
#1529 = ORIENTED_EDGE('',*,*,#1530,.F.);
#1530 = EDGE_CURVE('',#1531,#1433,#1533,.T.);
#1531 = VERTEX_POINT('',#1532);
#1532 = CARTESIAN_POINT('',(35.99408844953,67.389914957295,
    22.615780547529));
#1533 = SURFACE_CURVE('',#1534,(#1538,#1545),.PCURVE_S1.);
#1534 = LINE('',#1535,#1536);
#1535 = CARTESIAN_POINT('',(35.99408844953,67.389914957295,
    22.615780547529));
#1536 = VECTOR('',#1537,1.);
#1537 = DIRECTION('',(0.,-0.803065703474,0.595890489858));
#1538 = PCURVE('',#443,#1539);
#1539 = DEFINITIONAL_REPRESENTATION('',(#1540),#1544);
#1540 = LINE('',#1541,#1542);
#1541 = CARTESIAN_POINT('',(0.,0.));
#1542 = VECTOR('',#1543,1.);
#1543 = DIRECTION('',(1.,0.));
#1544 = ( GEOMETRIC_REPRESENTATION_CONTEXT(2) 
PARAMETRIC_REPRESENTATION_CONTEXT() REPRESENTATION_CONTEXT('2D SPACE',''
  ) );
#1545 = PCURVE('',#746,#1546);
#1546 = DEFINITIONAL_REPRESENTATION('',(#1547),#1551);
#1547 = LINE('',#1548,#1549);
#1548 = CARTESIAN_POINT('',(22.615780547529,-67.38991495729));
#1549 = VECTOR('',#1550,1.);
#1550 = DIRECTION('',(0.595890489858,0.803065703474));
#1551 = ( GEOMETRIC_REPRESENTATION_CONTEXT(2) 
PARAMETRIC_REPRESENTATION_CONTEXT() REPRESENTATION_CONTEXT('2D SPACE',''
  ) );
#1552 = ORIENTED_EDGE('',*,*,#1553,.T.);
#1553 = EDGE_CURVE('',#1531,#429,#1554,.T.);
#1554 = SURFACE_CURVE('',#1555,(#1559,#1566),.PCURVE_S1.);
#1555 = LINE('',#1556,#1557);
#1556 = CARTESIAN_POINT('',(35.99408844953,67.389914957295,
    22.615780547529));
#1557 = VECTOR('',#1558,1.);
#1558 = DIRECTION('',(-1.,-0.,0.));
#1559 = PCURVE('',#443,#1560);
#1560 = DEFINITIONAL_REPRESENTATION('',(#1561),#1565);
#1561 = LINE('',#1562,#1563);
#1562 = CARTESIAN_POINT('',(0.,0.));
#1563 = VECTOR('',#1564,1.);
#1564 = DIRECTION('',(0.,-1.));
#1565 = ( GEOMETRIC_REPRESENTATION_CONTEXT(2) 
PARAMETRIC_REPRESENTATION_CONTEXT() REPRESENTATION_CONTEXT('2D SPACE',''
  ) );
#1566 = PCURVE('',#469,#1567);
#1567 = DEFINITIONAL_REPRESENTATION('',(#1568),#1572);
#1568 = LINE('',#1569,#1570);
#1569 = CARTESIAN_POINT('',(1.859026546775,0.));
#1570 = VECTOR('',#1571,1.);
#1571 = DIRECTION('',(0.,-1.));
#1572 = ( GEOMETRIC_REPRESENTATION_CONTEXT(2) 
PARAMETRIC_REPRESENTATION_CONTEXT() REPRESENTATION_CONTEXT('2D SPACE',''
  ) );
#1573 = ORIENTED_EDGE('',*,*,#428,.T.);
#1574 = ORIENTED_EDGE('',*,*,#1455,.F.);
#1575 = ADVANCED_FACE('',(#1576),#495,.F.);
#1576 = FACE_BOUND('',#1577,.F.);
#1577 = EDGE_LOOP('',(#1578,#1601,#1602,#1603));
#1578 = ORIENTED_EDGE('',*,*,#1579,.F.);
#1579 = EDGE_CURVE('',#1482,#1580,#1582,.T.);
#1580 = VERTEX_POINT('',#1581);
#1581 = CARTESIAN_POINT('',(35.99408844953,67.177012822859,
    20.768985382177));
#1582 = SURFACE_CURVE('',#1583,(#1587,#1594),.PCURVE_S1.);
#1583 = LINE('',#1584,#1585);
#1584 = CARTESIAN_POINT('',(35.99408844953,65.47119022686,
    20.029966456443));
#1585 = VECTOR('',#1586,1.);
#1586 = DIRECTION('',(0.,0.917589153828,0.397530055187));
#1587 = PCURVE('',#495,#1588);
#1588 = DEFINITIONAL_REPRESENTATION('',(#1589),#1593);
#1589 = LINE('',#1590,#1591);
#1590 = CARTESIAN_POINT('',(0.,0.));
#1591 = VECTOR('',#1592,1.);
#1592 = DIRECTION('',(1.,0.));
#1593 = ( GEOMETRIC_REPRESENTATION_CONTEXT(2) 
PARAMETRIC_REPRESENTATION_CONTEXT() REPRESENTATION_CONTEXT('2D SPACE',''
  ) );
#1594 = PCURVE('',#746,#1595);
#1595 = DEFINITIONAL_REPRESENTATION('',(#1596),#1600);
#1596 = LINE('',#1597,#1598);
#1597 = CARTESIAN_POINT('',(20.029966456443,-65.47119022686));
#1598 = VECTOR('',#1599,1.);
#1599 = DIRECTION('',(0.397530055187,-0.917589153828));
#1600 = ( GEOMETRIC_REPRESENTATION_CONTEXT(2) 
PARAMETRIC_REPRESENTATION_CONTEXT() REPRESENTATION_CONTEXT('2D SPACE',''
  ) );
#1601 = ORIENTED_EDGE('',*,*,#1506,.T.);
#1602 = ORIENTED_EDGE('',*,*,#480,.T.);
#1603 = ORIENTED_EDGE('',*,*,#1604,.F.);
#1604 = EDGE_CURVE('',#1580,#455,#1605,.T.);
#1605 = SURFACE_CURVE('',#1606,(#1610,#1617),.PCURVE_S1.);
#1606 = LINE('',#1607,#1608);
#1607 = CARTESIAN_POINT('',(35.99408844953,67.177012822859,
    20.768985382177));
#1608 = VECTOR('',#1609,1.);
#1609 = DIRECTION('',(-1.,-0.,0.));
#1610 = PCURVE('',#495,#1611);
#1611 = DEFINITIONAL_REPRESENTATION('',(#1612),#1616);
#1612 = LINE('',#1613,#1614);
#1613 = CARTESIAN_POINT('',(1.859026546775,0.));
#1614 = VECTOR('',#1615,1.);
#1615 = DIRECTION('',(0.,-1.));
#1616 = ( GEOMETRIC_REPRESENTATION_CONTEXT(2) 
PARAMETRIC_REPRESENTATION_CONTEXT() REPRESENTATION_CONTEXT('2D SPACE',''
  ) );
#1617 = PCURVE('',#469,#1618);
#1618 = DEFINITIONAL_REPRESENTATION('',(#1619),#1623);
#1619 = LINE('',#1620,#1621);
#1620 = CARTESIAN_POINT('',(0.,0.));
#1621 = VECTOR('',#1622,1.);
#1622 = DIRECTION('',(0.,-1.));
#1623 = ( GEOMETRIC_REPRESENTATION_CONTEXT(2) 
PARAMETRIC_REPRESENTATION_CONTEXT() REPRESENTATION_CONTEXT('2D SPACE',''
  ) );
#1624 = ADVANCED_FACE('',(#1625),#469,.F.);
#1625 = FACE_BOUND('',#1626,.F.);
#1626 = EDGE_LOOP('',(#1627,#1648,#1649,#1650));
#1627 = ORIENTED_EDGE('',*,*,#1628,.F.);
#1628 = EDGE_CURVE('',#1580,#1531,#1629,.T.);
#1629 = SURFACE_CURVE('',#1630,(#1634,#1641),.PCURVE_S1.);
#1630 = LINE('',#1631,#1632);
#1631 = CARTESIAN_POINT('',(35.99408844953,67.177012822859,
    20.768985382177));
#1632 = VECTOR('',#1633,1.);
#1633 = DIRECTION('',(0.,0.114523450354,0.993420545046));
#1634 = PCURVE('',#469,#1635);
#1635 = DEFINITIONAL_REPRESENTATION('',(#1636),#1640);
#1636 = LINE('',#1637,#1638);
#1637 = CARTESIAN_POINT('',(0.,0.));
#1638 = VECTOR('',#1639,1.);
#1639 = DIRECTION('',(1.,0.));
#1640 = ( GEOMETRIC_REPRESENTATION_CONTEXT(2) 
PARAMETRIC_REPRESENTATION_CONTEXT() REPRESENTATION_CONTEXT('2D SPACE',''
  ) );
#1641 = PCURVE('',#746,#1642);
#1642 = DEFINITIONAL_REPRESENTATION('',(#1643),#1647);
#1643 = LINE('',#1644,#1645);
#1644 = CARTESIAN_POINT('',(20.768985382177,-67.17701282285));
#1645 = VECTOR('',#1646,1.);
#1646 = DIRECTION('',(0.993420545046,-0.114523450354));
#1647 = ( GEOMETRIC_REPRESENTATION_CONTEXT(2) 
PARAMETRIC_REPRESENTATION_CONTEXT() REPRESENTATION_CONTEXT('2D SPACE',''
  ) );
#1648 = ORIENTED_EDGE('',*,*,#1604,.T.);
#1649 = ORIENTED_EDGE('',*,*,#454,.T.);
#1650 = ORIENTED_EDGE('',*,*,#1553,.F.);
#1651 = ADVANCED_FACE('',(#1652),#550,.F.);
#1652 = FACE_BOUND('',#1653,.F.);
#1653 = EDGE_LOOP('',(#1654,#1655,#1678,#1699));
#1654 = ORIENTED_EDGE('',*,*,#532,.F.);
#1655 = ORIENTED_EDGE('',*,*,#1656,.T.);
#1656 = EDGE_CURVE('',#533,#1657,#1659,.T.);
#1657 = VERTEX_POINT('',#1658);
#1658 = CARTESIAN_POINT('',(35.99408844953,77.750297280372,
    26.81085042195));
#1659 = SURFACE_CURVE('',#1660,(#1664,#1671),.PCURVE_S1.);
#1660 = LINE('',#1661,#1662);
#1661 = CARTESIAN_POINT('',(0.,77.750297280372,26.81085042195));
#1662 = VECTOR('',#1663,1.);
#1663 = DIRECTION('',(1.,0.,-0.));
#1664 = PCURVE('',#550,#1665);
#1665 = DEFINITIONAL_REPRESENTATION('',(#1666),#1670);
#1666 = LINE('',#1667,#1668);
#1667 = CARTESIAN_POINT('',(0.,0.));
#1668 = VECTOR('',#1669,1.);
#1669 = DIRECTION('',(0.,-1.));
#1670 = ( GEOMETRIC_REPRESENTATION_CONTEXT(2) 
PARAMETRIC_REPRESENTATION_CONTEXT() REPRESENTATION_CONTEXT('2D SPACE',''
  ) );
#1671 = PCURVE('',#604,#1672);
#1672 = DEFINITIONAL_REPRESENTATION('',(#1673),#1677);
#1673 = LINE('',#1674,#1675);
#1674 = CARTESIAN_POINT('',(1.677076278307,0.));
#1675 = VECTOR('',#1676,1.);
#1676 = DIRECTION('',(0.,-1.));
#1677 = ( GEOMETRIC_REPRESENTATION_CONTEXT(2) 
PARAMETRIC_REPRESENTATION_CONTEXT() REPRESENTATION_CONTEXT('2D SPACE',''
  ) );
#1678 = ORIENTED_EDGE('',*,*,#1679,.F.);
#1679 = EDGE_CURVE('',#1680,#1657,#1682,.T.);
#1680 = VERTEX_POINT('',#1681);
#1681 = CARTESIAN_POINT('',(35.99408844953,76.078011913252,
    27.517534552964));
#1682 = SURFACE_CURVE('',#1683,(#1687,#1693),.PCURVE_S1.);
#1683 = LINE('',#1684,#1685);
#1684 = CARTESIAN_POINT('',(35.99408844953,49.572117199126,
    38.718550564411));
#1685 = VECTOR('',#1686,1.);
#1686 = DIRECTION('',(-0.,0.921129492535,-0.389256288301));
#1687 = PCURVE('',#550,#1688);
#1688 = DEFINITIONAL_REPRESENTATION('',(#1689),#1692);
#1689 = B_SPLINE_CURVE_WITH_KNOTS('',1,(#1690,#1691),.UNSPECIFIED.,.F.,
  .F.,(2,2),(28.77542726503,30.590899878458),.PIECEWISE_BEZIER_KNOTS.);
#1690 = CARTESIAN_POINT('',(1.815472613429,-35.99408844953));
#1691 = CARTESIAN_POINT('',(0.,-35.99408844953));
#1692 = ( GEOMETRIC_REPRESENTATION_CONTEXT(2) 
PARAMETRIC_REPRESENTATION_CONTEXT() REPRESENTATION_CONTEXT('2D SPACE',''
  ) );
#1693 = PCURVE('',#746,#1694);
#1694 = DEFINITIONAL_REPRESENTATION('',(#1695),#1698);
#1695 = B_SPLINE_CURVE_WITH_KNOTS('',1,(#1696,#1697),.UNSPECIFIED.,.F.,
  .F.,(2,2),(28.77542726503,30.590899878458),.PIECEWISE_BEZIER_KNOTS.);
#1696 = CARTESIAN_POINT('',(27.517534552964,-76.07801191325));
#1697 = CARTESIAN_POINT('',(26.81085042195,-77.75029728037));
#1698 = ( GEOMETRIC_REPRESENTATION_CONTEXT(2) 
PARAMETRIC_REPRESENTATION_CONTEXT() REPRESENTATION_CONTEXT('2D SPACE',''
  ) );
#1699 = ORIENTED_EDGE('',*,*,#1700,.F.);
#1700 = EDGE_CURVE('',#535,#1680,#1701,.T.);
#1701 = SURFACE_CURVE('',#1702,(#1706,#1713),.PCURVE_S1.);
#1702 = LINE('',#1703,#1704);
#1703 = CARTESIAN_POINT('',(0.,76.078011913252,27.517534552964));
#1704 = VECTOR('',#1705,1.);
#1705 = DIRECTION('',(1.,0.,-0.));
#1706 = PCURVE('',#550,#1707);
#1707 = DEFINITIONAL_REPRESENTATION('',(#1708),#1712);
#1708 = LINE('',#1709,#1710);
#1709 = CARTESIAN_POINT('',(1.815472613429,0.));
#1710 = VECTOR('',#1711,1.);
#1711 = DIRECTION('',(0.,-1.));
#1712 = ( GEOMETRIC_REPRESENTATION_CONTEXT(2) 
PARAMETRIC_REPRESENTATION_CONTEXT() REPRESENTATION_CONTEXT('2D SPACE',''
  ) );
#1713 = PCURVE('',#578,#1714);
#1714 = DEFINITIONAL_REPRESENTATION('',(#1715),#1719);
#1715 = LINE('',#1716,#1717);
#1716 = CARTESIAN_POINT('',(0.,0.));
#1717 = VECTOR('',#1718,1.);
#1718 = DIRECTION('',(0.,-1.));
#1719 = ( GEOMETRIC_REPRESENTATION_CONTEXT(2) 
PARAMETRIC_REPRESENTATION_CONTEXT() REPRESENTATION_CONTEXT('2D SPACE',''
  ) );
#1720 = ADVANCED_FACE('',(#1721),#604,.F.);
#1721 = FACE_BOUND('',#1722,.F.);
#1722 = EDGE_LOOP('',(#1723,#1724,#1747,#1766));
#1723 = ORIENTED_EDGE('',*,*,#590,.F.);
#1724 = ORIENTED_EDGE('',*,*,#1725,.T.);
#1725 = EDGE_CURVE('',#563,#1726,#1728,.T.);
#1726 = VERTEX_POINT('',#1727);
#1727 = CARTESIAN_POINT('',(35.99408844953,77.480077927342,
    28.46601396206));
#1728 = SURFACE_CURVE('',#1729,(#1733,#1740),.PCURVE_S1.);
#1729 = LINE('',#1730,#1731);
#1730 = CARTESIAN_POINT('',(0.,77.480077927342,28.46601396206));
#1731 = VECTOR('',#1732,1.);
#1732 = DIRECTION('',(1.,0.,-0.));
#1733 = PCURVE('',#604,#1734);
#1734 = DEFINITIONAL_REPRESENTATION('',(#1735),#1739);
#1735 = LINE('',#1736,#1737);
#1736 = CARTESIAN_POINT('',(0.,0.));
#1737 = VECTOR('',#1738,1.);
#1738 = DIRECTION('',(0.,-1.));
#1739 = ( GEOMETRIC_REPRESENTATION_CONTEXT(2) 
PARAMETRIC_REPRESENTATION_CONTEXT() REPRESENTATION_CONTEXT('2D SPACE',''
  ) );
#1740 = PCURVE('',#578,#1741);
#1741 = DEFINITIONAL_REPRESENTATION('',(#1742),#1746);
#1742 = LINE('',#1743,#1744);
#1743 = CARTESIAN_POINT('',(1.692749921679,0.));
#1744 = VECTOR('',#1745,1.);
#1745 = DIRECTION('',(0.,-1.));
#1746 = ( GEOMETRIC_REPRESENTATION_CONTEXT(2) 
PARAMETRIC_REPRESENTATION_CONTEXT() REPRESENTATION_CONTEXT('2D SPACE',''
  ) );
#1747 = ORIENTED_EDGE('',*,*,#1748,.F.);
#1748 = EDGE_CURVE('',#1657,#1726,#1749,.T.);
#1749 = SURFACE_CURVE('',#1750,(#1754,#1760),.PCURVE_S1.);
#1750 = LINE('',#1751,#1752);
#1751 = CARTESIAN_POINT('',(35.99408844953,78.737666892204,
    20.762955762309));
#1752 = VECTOR('',#1753,1.);
#1753 = DIRECTION('',(0.,-0.161125260982,0.986933964495));
#1754 = PCURVE('',#604,#1755);
#1755 = DEFINITIONAL_REPRESENTATION('',(#1756),#1759);
#1756 = B_SPLINE_CURVE_WITH_KNOTS('',1,(#1757,#1758),.UNSPECIFIED.,.F.,
  .F.,(2,2),(6.127962839679,7.805039117986),.PIECEWISE_BEZIER_KNOTS.);
#1757 = CARTESIAN_POINT('',(1.677076278307,-35.99408844953));
#1758 = CARTESIAN_POINT('',(0.,-35.99408844953));
#1759 = ( GEOMETRIC_REPRESENTATION_CONTEXT(2) 
PARAMETRIC_REPRESENTATION_CONTEXT() REPRESENTATION_CONTEXT('2D SPACE',''
  ) );
#1760 = PCURVE('',#746,#1761);
#1761 = DEFINITIONAL_REPRESENTATION('',(#1762),#1765);
#1762 = B_SPLINE_CURVE_WITH_KNOTS('',1,(#1763,#1764),.UNSPECIFIED.,.F.,
  .F.,(2,2),(6.127962839679,7.805039117986),.PIECEWISE_BEZIER_KNOTS.);
#1763 = CARTESIAN_POINT('',(26.81085042195,-77.75029728037));
#1764 = CARTESIAN_POINT('',(28.46601396206,-77.48007792734));
#1765 = ( GEOMETRIC_REPRESENTATION_CONTEXT(2) 
PARAMETRIC_REPRESENTATION_CONTEXT() REPRESENTATION_CONTEXT('2D SPACE',''
  ) );
#1766 = ORIENTED_EDGE('',*,*,#1656,.F.);
#1767 = ADVANCED_FACE('',(#1768),#578,.F.);
#1768 = FACE_BOUND('',#1769,.F.);
#1769 = EDGE_LOOP('',(#1770,#1771,#1772,#1791));
#1770 = ORIENTED_EDGE('',*,*,#562,.F.);
#1771 = ORIENTED_EDGE('',*,*,#1700,.T.);
#1772 = ORIENTED_EDGE('',*,*,#1773,.F.);
#1773 = EDGE_CURVE('',#1726,#1680,#1774,.T.);
#1774 = SURFACE_CURVE('',#1775,(#1779,#1785),.PCURVE_S1.);
#1775 = LINE('',#1776,#1777);
#1776 = CARTESIAN_POINT('',(35.99408844953,43.596187144239,
    5.544002883523));
#1777 = VECTOR('',#1778,1.);
#1778 = DIRECTION('',(0.,-0.828277110596,-0.560318684378));
#1779 = PCURVE('',#578,#1780);
#1780 = DEFINITIONAL_REPRESENTATION('',(#1781),#1784);
#1781 = B_SPLINE_CURVE_WITH_KNOTS('',1,(#1782,#1783),.UNSPECIFIED.,.F.,
  .F.,(2,2),(-40.90888224439,-39.21613232271),.PIECEWISE_BEZIER_KNOTS.);
#1782 = CARTESIAN_POINT('',(1.692749921679,-35.99408844953));
#1783 = CARTESIAN_POINT('',(0.,-35.99408844953));
#1784 = ( GEOMETRIC_REPRESENTATION_CONTEXT(2) 
PARAMETRIC_REPRESENTATION_CONTEXT() REPRESENTATION_CONTEXT('2D SPACE',''
  ) );
#1785 = PCURVE('',#746,#1786);
#1786 = DEFINITIONAL_REPRESENTATION('',(#1787),#1790);
#1787 = B_SPLINE_CURVE_WITH_KNOTS('',1,(#1788,#1789),.UNSPECIFIED.,.F.,
  .F.,(2,2),(-40.90888224439,-39.21613232271),.PIECEWISE_BEZIER_KNOTS.);
#1788 = CARTESIAN_POINT('',(28.46601396206,-77.48007792734));
#1789 = CARTESIAN_POINT('',(27.517534552964,-76.07801191325));
#1790 = ( GEOMETRIC_REPRESENTATION_CONTEXT(2) 
PARAMETRIC_REPRESENTATION_CONTEXT() REPRESENTATION_CONTEXT('2D SPACE',''
  ) );
#1791 = ORIENTED_EDGE('',*,*,#1725,.F.);
#1792 = ADVANCED_FACE('',(#1793),#639,.F.);
#1793 = FACE_BOUND('',#1794,.F.);
#1794 = EDGE_LOOP('',(#1795,#1818,#1845,#1846));
#1795 = ORIENTED_EDGE('',*,*,#1796,.T.);
#1796 = EDGE_CURVE('',#619,#1797,#1799,.T.);
#1797 = VERTEX_POINT('',#1798);
#1798 = CARTESIAN_POINT('',(5.141606549905,47.500695719124,
    35.918662203048));
#1799 = SEAM_CURVE('',#1800,(#1804,#1811),.PCURVE_S1.);
#1800 = LINE('',#1801,#1802);
#1801 = CARTESIAN_POINT('',(0.,47.500695719124,35.918662203048));
#1802 = VECTOR('',#1803,1.);
#1803 = DIRECTION('',(1.,0.,-0.));
#1804 = PCURVE('',#639,#1805);
#1805 = DEFINITIONAL_REPRESENTATION('',(#1806),#1810);
#1806 = LINE('',#1807,#1808);
#1807 = CARTESIAN_POINT('',(0.,0.));
#1808 = VECTOR('',#1809,1.);
#1809 = DIRECTION('',(0.,-1.));
#1810 = ( GEOMETRIC_REPRESENTATION_CONTEXT(2) 
PARAMETRIC_REPRESENTATION_CONTEXT() REPRESENTATION_CONTEXT('2D SPACE',''
  ) );
#1811 = PCURVE('',#639,#1812);
#1812 = DEFINITIONAL_REPRESENTATION('',(#1813),#1817);
#1813 = LINE('',#1814,#1815);
#1814 = CARTESIAN_POINT('',(6.28318530718,0.));
#1815 = VECTOR('',#1816,1.);
#1816 = DIRECTION('',(0.,-1.));
#1817 = ( GEOMETRIC_REPRESENTATION_CONTEXT(2) 
PARAMETRIC_REPRESENTATION_CONTEXT() REPRESENTATION_CONTEXT('2D SPACE',''
  ) );
#1818 = ORIENTED_EDGE('',*,*,#1819,.T.);
#1819 = EDGE_CURVE('',#1797,#1797,#1820,.T.);
#1820 = SURFACE_CURVE('',#1821,(#1826,#1833),.PCURVE_S1.);
#1821 = CIRCLE('',#1822,2.816253277101);
#1822 = AXIS2_PLACEMENT_3D('',#1823,#1824,#1825);
#1823 = CARTESIAN_POINT('',(5.141606549905,47.500695719124,
    38.734915480149));
#1824 = DIRECTION('',(-1.,-0.,-0.));
#1825 = DIRECTION('',(0.,0.,-1.));
#1826 = PCURVE('',#639,#1827);
#1827 = DEFINITIONAL_REPRESENTATION('',(#1828),#1832);
#1828 = LINE('',#1829,#1830);
#1829 = CARTESIAN_POINT('',(0.,-5.141606549905));
#1830 = VECTOR('',#1831,1.);
#1831 = DIRECTION('',(1.,0.));
#1832 = ( GEOMETRIC_REPRESENTATION_CONTEXT(2) 
PARAMETRIC_REPRESENTATION_CONTEXT() REPRESENTATION_CONTEXT('2D SPACE',''
  ) );
#1833 = PCURVE('',#1834,#1839);
#1834 = PLANE('',#1835);
#1835 = AXIS2_PLACEMENT_3D('',#1836,#1837,#1838);
#1836 = CARTESIAN_POINT('',(5.141606549905,47.500695719124,
    38.734915480149));
#1837 = DIRECTION('',(-1.,-0.,-0.));
#1838 = DIRECTION('',(0.,0.,-1.));
#1839 = DEFINITIONAL_REPRESENTATION('',(#1840),#1844);
#1840 = CIRCLE('',#1841,2.816253277101);
#1841 = AXIS2_PLACEMENT_2D('',#1842,#1843);
#1842 = CARTESIAN_POINT('',(7.105427357601E-15,0.));
#1843 = DIRECTION('',(1.,0.));
#1844 = ( GEOMETRIC_REPRESENTATION_CONTEXT(2) 
PARAMETRIC_REPRESENTATION_CONTEXT() REPRESENTATION_CONTEXT('2D SPACE',''
  ) );
#1845 = ORIENTED_EDGE('',*,*,#1796,.F.);
#1846 = ORIENTED_EDGE('',*,*,#618,.F.);
#1847 = ADVANCED_FACE('',(#1848),#672,.T.);
#1848 = FACE_BOUND('',#1849,.T.);
#1849 = EDGE_LOOP('',(#1850,#1851,#1852,#1853));
#1850 = ORIENTED_EDGE('',*,*,#654,.F.);
#1851 = ORIENTED_EDGE('',*,*,#811,.T.);
#1852 = ORIENTED_EDGE('',*,*,#835,.T.);
#1853 = ORIENTED_EDGE('',*,*,#1854,.F.);
#1854 = EDGE_CURVE('',#657,#836,#1855,.T.);
#1855 = SURFACE_CURVE('',#1856,(#1860,#1867),.PCURVE_S1.);
#1856 = LINE('',#1857,#1858);
#1857 = CARTESIAN_POINT('',(0.1,74.716988521354,14.006694889625));
#1858 = VECTOR('',#1859,1.);
#1859 = DIRECTION('',(0.,-0.71475366034,-0.699376297161));
#1860 = PCURVE('',#672,#1861);
#1861 = DEFINITIONAL_REPRESENTATION('',(#1862),#1866);
#1862 = LINE('',#1863,#1864);
#1863 = CARTESIAN_POINT('',(0.,7.071067811865E-02));
#1864 = VECTOR('',#1865,1.);
#1865 = DIRECTION('',(1.,0.));
#1866 = ( GEOMETRIC_REPRESENTATION_CONTEXT(2) 
PARAMETRIC_REPRESENTATION_CONTEXT() REPRESENTATION_CONTEXT('2D SPACE',''
  ) );
#1867 = PCURVE('',#771,#1868);
#1868 = DEFINITIONAL_REPRESENTATION('',(#1869),#1873);
#1869 = LINE('',#1870,#1871);
#1870 = CARTESIAN_POINT('',(-7.105427357601E-15,-0.1));
#1871 = VECTOR('',#1872,1.);
#1872 = DIRECTION('',(1.,0.));
#1873 = ( GEOMETRIC_REPRESENTATION_CONTEXT(2) 
PARAMETRIC_REPRESENTATION_CONTEXT() REPRESENTATION_CONTEXT('2D SPACE',''
  ) );
#1874 = ADVANCED_FACE('',(#1875),#771,.F.);
#1875 = FACE_BOUND('',#1876,.F.);
#1876 = EDGE_LOOP('',(#1877,#1878,#1879,#1880,#1899,#1900,#1919));
#1877 = ORIENTED_EDGE('',*,*,#858,.F.);
#1878 = ORIENTED_EDGE('',*,*,#1854,.F.);
#1879 = ORIENTED_EDGE('',*,*,#757,.T.);
#1880 = ORIENTED_EDGE('',*,*,#1881,.F.);
#1881 = EDGE_CURVE('',#929,#732,#1882,.T.);
#1882 = SURFACE_CURVE('',#1883,(#1887,#1893),.PCURVE_S1.);
#1883 = LINE('',#1884,#1885);
#1884 = CARTESIAN_POINT('',(35.99408844953,52.130704437476,
    -8.093663045868));
#1885 = VECTOR('',#1886,1.);
#1886 = DIRECTION('',(0.,0.71475366034,0.699376297161));
#1887 = PCURVE('',#771,#1888);
#1888 = DEFINITIONAL_REPRESENTATION('',(#1889),#1892);
#1889 = B_SPLINE_CURVE_WITH_KNOTS('',1,(#1890,#1891),.UNSPECIFIED.,.F.,
  .F.,(2,2),(27.571209839862,31.600095721288),.PIECEWISE_BEZIER_KNOTS.);
#1890 = CARTESIAN_POINT('',(4.028885881425,-35.99408844953));
#1891 = CARTESIAN_POINT('',(0.,-35.99408844953));
#1892 = ( GEOMETRIC_REPRESENTATION_CONTEXT(2) 
PARAMETRIC_REPRESENTATION_CONTEXT() REPRESENTATION_CONTEXT('2D SPACE',''
  ) );
#1893 = PCURVE('',#746,#1894);
#1894 = DEFINITIONAL_REPRESENTATION('',(#1895),#1898);
#1895 = B_SPLINE_CURVE_WITH_KNOTS('',1,(#1896,#1897),.UNSPECIFIED.,.F.,
  .F.,(2,2),(27.571209839862,31.600095721288),.PIECEWISE_BEZIER_KNOTS.);
#1896 = CARTESIAN_POINT('',(11.188987600189,-71.83732759051));
#1897 = CARTESIAN_POINT('',(14.006694889625,-74.71698852135));
#1898 = ( GEOMETRIC_REPRESENTATION_CONTEXT(2) 
PARAMETRIC_REPRESENTATION_CONTEXT() REPRESENTATION_CONTEXT('2D SPACE',''
  ) );
#1899 = ORIENTED_EDGE('',*,*,#928,.F.);
#1900 = ORIENTED_EDGE('',*,*,#1901,.T.);
#1901 = EDGE_CURVE('',#903,#1218,#1902,.T.);
#1902 = SURFACE_CURVE('',#1903,(#1907,#1913),.PCURVE_S1.);
#1903 = LINE('',#1904,#1905);
#1904 = CARTESIAN_POINT('',(9.193396354284,76.115025672262,
    15.374654370141));
#1905 = VECTOR('',#1906,1.);
#1906 = DIRECTION('',(-0.9423337659,0.239209880167,0.234063467623));
#1907 = PCURVE('',#771,#1908);
#1908 = DEFINITIONAL_REPRESENTATION('',(#1909),#1912);
#1909 = B_SPLINE_CURVE_WITH_KNOTS('',1,(#1910,#1911),.UNSPECIFIED.,.F.,
  .F.,(2,2),(-17.88261454233,-9.342388216426),.PIECEWISE_BEZIER_KNOTS.);
#1910 = CARTESIAN_POINT('',(4.028885881425,-26.04478786009));
#1911 = CARTESIAN_POINT('',(1.170689233576,-17.99704422476));
#1912 = ( GEOMETRIC_REPRESENTATION_CONTEXT(2) 
PARAMETRIC_REPRESENTATION_CONTEXT() REPRESENTATION_CONTEXT('2D SPACE',''
  ) );
#1913 = PCURVE('',#917,#1914);
#1914 = DEFINITIONAL_REPRESENTATION('',(#1915),#1918);
#1915 = B_SPLINE_CURVE_WITH_KNOTS('',1,(#1916,#1917),.UNSPECIFIED.,.F.,
  .F.,(2,2),(-17.88261454233,-9.342388216426),.PIECEWISE_BEZIER_KNOTS.);
#1916 = CARTESIAN_POINT('',(8.292285491021,-7.618571059937));
#1917 = CARTESIAN_POINT('',(0.,-5.575664543916));
#1918 = ( GEOMETRIC_REPRESENTATION_CONTEXT(2) 
PARAMETRIC_REPRESENTATION_CONTEXT() REPRESENTATION_CONTEXT('2D SPACE',''
  ) );
#1919 = ORIENTED_EDGE('',*,*,#1217,.T.);
#1920 = ADVANCED_FACE('',(#1921,#1949,#1954,#1959),#746,.T.);
#1921 = FACE_BOUND('',#1922,.T.);
#1922 = EDGE_LOOP('',(#1923,#1924,#1925,#1926,#1927,#1948));
#1923 = ORIENTED_EDGE('',*,*,#1002,.F.);
#1924 = ORIENTED_EDGE('',*,*,#1146,.F.);
#1925 = ORIENTED_EDGE('',*,*,#1264,.T.);
#1926 = ORIENTED_EDGE('',*,*,#1311,.F.);
#1927 = ORIENTED_EDGE('',*,*,#1928,.F.);
#1928 = EDGE_CURVE('',#1075,#1312,#1929,.T.);
#1929 = SURFACE_CURVE('',#1930,(#1934,#1941),.PCURVE_S1.);
#1930 = LINE('',#1931,#1932);
#1931 = CARTESIAN_POINT('',(35.99408844953,79.455898650451,
    8.717710563684));
#1932 = VECTOR('',#1933,1.);
#1933 = DIRECTION('',(0.,-1.,-0.));
#1934 = PCURVE('',#746,#1935);
#1935 = DEFINITIONAL_REPRESENTATION('',(#1936),#1940);
#1936 = LINE('',#1937,#1938);
#1937 = CARTESIAN_POINT('',(8.717710563684,-79.45589865045));
#1938 = VECTOR('',#1939,1.);
#1939 = DIRECTION('',(0.,1.));
#1940 = ( GEOMETRIC_REPRESENTATION_CONTEXT(2) 
PARAMETRIC_REPRESENTATION_CONTEXT() REPRESENTATION_CONTEXT('2D SPACE',''
  ) );
#1941 = PCURVE('',#917,#1942);
#1942 = DEFINITIONAL_REPRESENTATION('',(#1943),#1947);
#1943 = LINE('',#1944,#1945);
#1944 = CARTESIAN_POINT('',(18.543909382388,0.));
#1945 = VECTOR('',#1946,1.);
#1946 = DIRECTION('',(0.,-1.));
#1947 = ( GEOMETRIC_REPRESENTATION_CONTEXT(2) 
PARAMETRIC_REPRESENTATION_CONTEXT() REPRESENTATION_CONTEXT('2D SPACE',''
  ) );
#1948 = ORIENTED_EDGE('',*,*,#1074,.T.);
#1949 = FACE_BOUND('',#1950,.T.);
#1950 = EDGE_LOOP('',(#1951,#1952,#1953));
#1951 = ORIENTED_EDGE('',*,*,#951,.F.);
#1952 = ORIENTED_EDGE('',*,*,#731,.F.);
#1953 = ORIENTED_EDGE('',*,*,#1881,.F.);
#1954 = FACE_BOUND('',#1955,.T.);
#1955 = EDGE_LOOP('',(#1956,#1957,#1958));
#1956 = ORIENTED_EDGE('',*,*,#1773,.F.);
#1957 = ORIENTED_EDGE('',*,*,#1748,.F.);
#1958 = ORIENTED_EDGE('',*,*,#1679,.F.);
#1959 = FACE_BOUND('',#1960,.T.);
#1960 = EDGE_LOOP('',(#1961,#1962,#1963,#1964,#1965,#1966));
#1961 = ORIENTED_EDGE('',*,*,#1361,.F.);
#1962 = ORIENTED_EDGE('',*,*,#1432,.F.);
#1963 = ORIENTED_EDGE('',*,*,#1530,.F.);
#1964 = ORIENTED_EDGE('',*,*,#1628,.F.);
#1965 = ORIENTED_EDGE('',*,*,#1579,.F.);
#1966 = ORIENTED_EDGE('',*,*,#1481,.F.);
#1967 = ADVANCED_FACE('',(#1968),#917,.F.);
#1968 = FACE_BOUND('',#1969,.F.);
#1969 = EDGE_LOOP('',(#1970,#1971,#1972,#1973,#1974,#1975,#1976));
#1970 = ORIENTED_EDGE('',*,*,#1097,.F.);
#1971 = ORIENTED_EDGE('',*,*,#1238,.T.);
#1972 = ORIENTED_EDGE('',*,*,#1901,.F.);
#1973 = ORIENTED_EDGE('',*,*,#902,.F.);
#1974 = ORIENTED_EDGE('',*,*,#1195,.T.);
#1975 = ORIENTED_EDGE('',*,*,#1337,.T.);
#1976 = ORIENTED_EDGE('',*,*,#1928,.F.);
#1977 = ADVANCED_FACE('',(#1978,#1981),#1834,.T.);
#1978 = FACE_BOUND('',#1979,.T.);
#1979 = EDGE_LOOP('',(#1980));
#1980 = ORIENTED_EDGE('',*,*,#1819,.T.);
#1981 = FACE_BOUND('',#1982,.T.);
#1982 = EDGE_LOOP('',(#1983));
#1983 = ORIENTED_EDGE('',*,*,#1984,.T.);
#1984 = EDGE_CURVE('',#1985,#1985,#1987,.T.);
#1985 = VERTEX_POINT('',#1986);
#1986 = CARTESIAN_POINT('',(5.141606549905,47.500695719124,
    39.797068833569));
#1987 = SURFACE_CURVE('',#1988,(#1993,#2004),.PCURVE_S1.);
#1988 = CIRCLE('',#1989,1.06215335342);
#1989 = AXIS2_PLACEMENT_3D('',#1990,#1991,#1992);
#1990 = CARTESIAN_POINT('',(5.141606549905,47.500695719124,
    38.734915480149));
#1991 = DIRECTION('',(1.,0.,0.));
#1992 = DIRECTION('',(-0.,0.,1.));
#1993 = PCURVE('',#1834,#1994);
#1994 = DEFINITIONAL_REPRESENTATION('',(#1995),#2003);
#1995 = ( BOUNDED_CURVE() B_SPLINE_CURVE(2,(#1996,#1997,#1998,#1999,
#2000,#2001,#2002),.UNSPECIFIED.,.T.,.F.) B_SPLINE_CURVE_WITH_KNOTS((1,2
    ,2,2,2,1),(-2.094395102393,0.,2.094395102393,4.188790204786,
6.28318530718,8.377580409573),.UNSPECIFIED.) CURVE() 
GEOMETRIC_REPRESENTATION_ITEM() RATIONAL_B_SPLINE_CURVE((1.,0.5,1.,0.5,
1.,0.5,1.)) REPRESENTATION_ITEM('') );
#1996 = CARTESIAN_POINT('',(-1.06215335342,0.));
#1997 = CARTESIAN_POINT('',(-1.06215335342,1.839703573553));
#1998 = CARTESIAN_POINT('',(0.53107667671,0.919851786777));
#1999 = CARTESIAN_POINT('',(2.12430670684,2.601525408939E-16));
#2000 = CARTESIAN_POINT('',(0.53107667671,-0.919851786777));
#2001 = CARTESIAN_POINT('',(-1.06215335342,-1.839703573553));
#2002 = CARTESIAN_POINT('',(-1.06215335342,0.));
#2003 = ( GEOMETRIC_REPRESENTATION_CONTEXT(2) 
PARAMETRIC_REPRESENTATION_CONTEXT() REPRESENTATION_CONTEXT('2D SPACE',''
  ) );
#2004 = PCURVE('',#2005,#2010);
#2005 = CYLINDRICAL_SURFACE('',#2006,1.06215335342);
#2006 = AXIS2_PLACEMENT_3D('',#2007,#2008,#2009);
#2007 = CARTESIAN_POINT('',(0.,47.500695719124,38.734915480149));
#2008 = DIRECTION('',(-1.,-0.,-0.));
#2009 = DIRECTION('',(-0.,0.,1.));
#2010 = DEFINITIONAL_REPRESENTATION('',(#2011),#2015);
#2011 = LINE('',#2012,#2013);
#2012 = CARTESIAN_POINT('',(-0.,-5.141606549905));
#2013 = VECTOR('',#2014,1.);
#2014 = DIRECTION('',(-1.,0.));
#2015 = ( GEOMETRIC_REPRESENTATION_CONTEXT(2) 
PARAMETRIC_REPRESENTATION_CONTEXT() REPRESENTATION_CONTEXT('2D SPACE',''
  ) );
#2016 = ADVANCED_FACE('',(#2017),#2005,.T.);
#2017 = FACE_BOUND('',#2018,.F.);
#2018 = EDGE_LOOP('',(#2019,#2042,#2043,#2044));
#2019 = ORIENTED_EDGE('',*,*,#2020,.T.);
#2020 = EDGE_CURVE('',#2021,#1985,#2023,.T.);
#2021 = VERTEX_POINT('',#2022);
#2022 = CARTESIAN_POINT('',(0.,47.500695719124,39.797068833569));
#2023 = SEAM_CURVE('',#2024,(#2028,#2035),.PCURVE_S1.);
#2024 = LINE('',#2025,#2026);
#2025 = CARTESIAN_POINT('',(0.,47.500695719124,39.797068833569));
#2026 = VECTOR('',#2027,1.);
#2027 = DIRECTION('',(1.,0.,-0.));
#2028 = PCURVE('',#2005,#2029);
#2029 = DEFINITIONAL_REPRESENTATION('',(#2030),#2034);
#2030 = LINE('',#2031,#2032);
#2031 = CARTESIAN_POINT('',(-0.,0.));
#2032 = VECTOR('',#2033,1.);
#2033 = DIRECTION('',(-0.,-1.));
#2034 = ( GEOMETRIC_REPRESENTATION_CONTEXT(2) 
PARAMETRIC_REPRESENTATION_CONTEXT() REPRESENTATION_CONTEXT('2D SPACE',''
  ) );
#2035 = PCURVE('',#2005,#2036);
#2036 = DEFINITIONAL_REPRESENTATION('',(#2037),#2041);
#2037 = LINE('',#2038,#2039);
#2038 = CARTESIAN_POINT('',(-6.28318530718,0.));
#2039 = VECTOR('',#2040,1.);
#2040 = DIRECTION('',(-0.,-1.));
#2041 = ( GEOMETRIC_REPRESENTATION_CONTEXT(2) 
PARAMETRIC_REPRESENTATION_CONTEXT() REPRESENTATION_CONTEXT('2D SPACE',''
  ) );
#2042 = ORIENTED_EDGE('',*,*,#1984,.T.);
#2043 = ORIENTED_EDGE('',*,*,#2020,.F.);
#2044 = ORIENTED_EDGE('',*,*,#2045,.F.);
#2045 = EDGE_CURVE('',#2021,#2021,#2046,.T.);
#2046 = SURFACE_CURVE('',#2047,(#2052,#2059),.PCURVE_S1.);
#2047 = CIRCLE('',#2048,1.06215335342);
#2048 = AXIS2_PLACEMENT_3D('',#2049,#2050,#2051);
#2049 = CARTESIAN_POINT('',(0.,47.500695719124,38.734915480149));
#2050 = DIRECTION('',(1.,0.,0.));
#2051 = DIRECTION('',(-0.,0.,1.));
#2052 = PCURVE('',#2005,#2053);
#2053 = DEFINITIONAL_REPRESENTATION('',(#2054),#2058);
#2054 = LINE('',#2055,#2056);
#2055 = CARTESIAN_POINT('',(-0.,0.));
#2056 = VECTOR('',#2057,1.);
#2057 = DIRECTION('',(-1.,0.));
#2058 = ( GEOMETRIC_REPRESENTATION_CONTEXT(2) 
PARAMETRIC_REPRESENTATION_CONTEXT() REPRESENTATION_CONTEXT('2D SPACE',''
  ) );
#2059 = PCURVE('',#2060,#2065);
#2060 = PLANE('',#2061);
#2061 = AXIS2_PLACEMENT_3D('',#2062,#2063,#2064);
#2062 = CARTESIAN_POINT('',(0.,0.,0.));
#2063 = DIRECTION('',(1.,0.,-0.));
#2064 = DIRECTION('',(0.,0.,1.));
#2065 = DEFINITIONAL_REPRESENTATION('',(#2066),#2070);
#2066 = CIRCLE('',#2067,1.06215335342);
#2067 = AXIS2_PLACEMENT_2D('',#2068,#2069);
#2068 = CARTESIAN_POINT('',(38.734915480149,-47.50069571912));
#2069 = DIRECTION('',(1.,0.));
#2070 = ( GEOMETRIC_REPRESENTATION_CONTEXT(2) 
PARAMETRIC_REPRESENTATION_CONTEXT() REPRESENTATION_CONTEXT('2D SPACE',''
  ) );
#2071 = ADVANCED_FACE('',(#2072),#2060,.F.);
#2072 = FACE_BOUND('',#2073,.F.);
#2073 = EDGE_LOOP('',(#2074));
#2074 = ORIENTED_EDGE('',*,*,#2045,.T.);
#2075 = ( GEOMETRIC_REPRESENTATION_CONTEXT(3) 
GLOBAL_UNCERTAINTY_ASSIGNED_CONTEXT((#2079)) 
GLOBAL_UNIT_ASSIGNED_CONTEXT((#2076,#2077,#2078)) REPRESENTATION_CONTEXT
('Context #1','3D Context with UNIT and UNCERTAINTY') );
#2076 = ( LENGTH_UNIT() NAMED_UNIT(*) SI_UNIT(.MILLI.,.METRE.) );
#2077 = ( NAMED_UNIT(*) PLANE_ANGLE_UNIT() SI_UNIT($,.RADIAN.) );
#2078 = ( NAMED_UNIT(*) SI_UNIT($,.STERADIAN.) SOLID_ANGLE_UNIT() );
#2079 = UNCERTAINTY_MEASURE_WITH_UNIT(LENGTH_MEASURE(1.E-05),#2076,
  'distance_accuracy_value','confusion accuracy');
#2080 = PRODUCT_RELATED_PRODUCT_CATEGORY('part',$,(#7));
ENDSEC;
END-ISO-10303-21;
