ISO-10303-21;
HEADER;
FILE_DESCRIPTION(('Open CASCADE Model'),'2;1');
FILE_NAME('Open CASCADE Shape Model','2026-05-11T10:24:09',('Author'),(
    'Open CASCADE'),'Open CASCADE STEP processor 7.8','Open CASCADE 7.8'
  ,'Unknown');
FILE_SCHEMA(('AUTOMOTIVE_DESIGN { 1 0 10303 214 1 1 1 1 }'));
ENDSEC;
DATA;
#1 = APPLICATION_PROTOCOL_DEFINITION('international standard',
  'automotive_design',2000,#2);
#2 = APPLICATION_CONTEXT(
  'core data for automotive mechanical design processes');
#3 = SHAPE_DEFINITION_REPRESENTATION(#4,#10);
#4 = PRODUCT_DEFINITION_SHAPE('','',#5);
#5 = PRODUCT_DEFINITION('design','',#6,#9);
#6 = PRODUCT_DEFINITION_FORMATION('','',#7);
#7 = PRODUCT('Open CASCADE STEP translator 7.8 140',
  'Open CASCADE STEP translator 7.8 140','',(#8));
#8 = PRODUCT_CONTEXT('',#2,'mechanical');
#9 = PRODUCT_DEFINITION_CONTEXT('part definition',#2,'design');
#10 = ADVANCED_BREP_SHAPE_REPRESENTATION('',(#11,#15),#2903);
#11 = AXIS2_PLACEMENT_3D('',#12,#13,#14);
#12 = CARTESIAN_POINT('',(0.,0.,0.));
#13 = DIRECTION('',(0.,0.,1.));
#14 = DIRECTION('',(1.,0.,-0.));
#15 = MANIFOLD_SOLID_BREP('',#16);
#16 = CLOSED_SHELL('',(#17,#810,#919,#975,#1024,#1097,#1146,#1173,#1248,
    #1300,#1349,#1426,#1475,#1524,#1628,#1756,#1963,#2034,#2083,#2132,
    #2181,#2230,#2257,#2304,#2375,#2424,#2473,#2500,#2527,#2536,#2700,
    #2707,#2734,#2740,#2789,#2816,#2842,#2869,#2896));
#17 = ADVANCED_FACE('',(#18,#238,#496,#666,#696),#32,.T.);
#18 = FACE_BOUND('',#19,.T.);
#19 = EDGE_LOOP('',(#20,#55,#78,#106,#134,#162,#190,#213));
#20 = ORIENTED_EDGE('',*,*,#21,.F.);
#21 = EDGE_CURVE('',#22,#24,#26,.T.);
#22 = VERTEX_POINT('',#23);
#23 = CARTESIAN_POINT('',(-4.389885494874E-02,0.433022821117,
    0.255660404398));
#24 = VERTEX_POINT('',#25);
#25 = CARTESIAN_POINT('',(-4.426544802591E-02,0.430058405461,
    0.255660404398));
#26 = SURFACE_CURVE('',#27,(#31,#43),.PCURVE_S1.);
#27 = LINE('',#28,#29);
#28 = CARTESIAN_POINT('',(-0.134330811633,-0.298245511144,0.255660404398
    ));
#29 = VECTOR('',#30,1.);
#30 = DIRECTION('',(-0.122729646427,-0.992440141212,0.));
#31 = PCURVE('',#32,#37);
#32 = PLANE('',#33);
#33 = AXIS2_PLACEMENT_3D('',#34,#35,#36);
#34 = CARTESIAN_POINT('',(-0.962380304582,-0.999999959671,0.255660404398
    ));
#35 = DIRECTION('',(0.,0.,1.));
#36 = DIRECTION('',(1.,0.,-0.));
#37 = DEFINITIONAL_REPRESENTATION('',(#38),#42);
#38 = LINE('',#39,#40);
#39 = CARTESIAN_POINT('',(0.828049492949,0.701754448526));
#40 = VECTOR('',#41,1.);
#41 = DIRECTION('',(-0.122729646427,-0.992440141212));
#42 = ( GEOMETRIC_REPRESENTATION_CONTEXT(2) 
PARAMETRIC_REPRESENTATION_CONTEXT() REPRESENTATION_CONTEXT('2D SPACE',''
  ) );
#43 = PCURVE('',#44,#49);
#44 = PLANE('',#45);
#45 = AXIS2_PLACEMENT_3D('',#46,#47,#48);
#46 = CARTESIAN_POINT('',(-3.63832870228E-02,0.493796656216,
    0.255660404398));
#47 = DIRECTION('',(-0.992440141212,0.122729646427,0.));
#48 = DIRECTION('',(-0.122729646427,-0.992440141212,0.));
#49 = DEFINITIONAL_REPRESENTATION('',(#50),#54);
#50 = LINE('',#51,#52);
#51 = CARTESIAN_POINT('',(0.798075505485,0.));
#52 = VECTOR('',#53,1.);
#53 = DIRECTION('',(1.,0.));
#54 = ( GEOMETRIC_REPRESENTATION_CONTEXT(2) 
PARAMETRIC_REPRESENTATION_CONTEXT() REPRESENTATION_CONTEXT('2D SPACE',''
  ) );
#55 = ORIENTED_EDGE('',*,*,#56,.F.);
#56 = EDGE_CURVE('',#57,#22,#59,.T.);
#57 = VERTEX_POINT('',#58);
#58 = CARTESIAN_POINT('',(-3.63832870228E-02,0.493796656216,
    0.255660404398));
#59 = SURFACE_CURVE('',#60,(#64,#71),.PCURVE_S1.);
#60 = LINE('',#61,#62);
#61 = CARTESIAN_POINT('',(-3.63832870228E-02,0.493796656216,
    0.255660404398));
#62 = VECTOR('',#63,1.);
#63 = DIRECTION('',(-0.122729646427,-0.992440141212,0.));
#64 = PCURVE('',#32,#65);
#65 = DEFINITIONAL_REPRESENTATION('',(#66),#70);
#66 = LINE('',#67,#68);
#67 = CARTESIAN_POINT('',(0.925997017559,1.493796615887));
#68 = VECTOR('',#69,1.);
#69 = DIRECTION('',(-0.122729646427,-0.992440141212));
#70 = ( GEOMETRIC_REPRESENTATION_CONTEXT(2) 
PARAMETRIC_REPRESENTATION_CONTEXT() REPRESENTATION_CONTEXT('2D SPACE',''
  ) );
#71 = PCURVE('',#44,#72);
#72 = DEFINITIONAL_REPRESENTATION('',(#73),#77);
#73 = LINE('',#74,#75);
#74 = CARTESIAN_POINT('',(0.,0.));
#75 = VECTOR('',#76,1.);
#76 = DIRECTION('',(1.,0.));
#77 = ( GEOMETRIC_REPRESENTATION_CONTEXT(2) 
PARAMETRIC_REPRESENTATION_CONTEXT() REPRESENTATION_CONTEXT('2D SPACE',''
  ) );
#78 = ORIENTED_EDGE('',*,*,#79,.F.);
#79 = EDGE_CURVE('',#80,#57,#82,.T.);
#80 = VERTEX_POINT('',#81);
#81 = CARTESIAN_POINT('',(2.000618202152E-02,0.517674901018,
    0.255660404398));
#82 = SURFACE_CURVE('',#83,(#87,#94),.PCURVE_S1.);
#83 = LINE('',#84,#85);
#84 = CARTESIAN_POINT('',(2.000618202152E-02,0.517674901018,
    0.255660404398));
#85 = VECTOR('',#86,1.);
#86 = DIRECTION('',(-0.920843197238,-0.389933079003,0.));
#87 = PCURVE('',#32,#88);
#88 = DEFINITIONAL_REPRESENTATION('',(#89),#93);
#89 = LINE('',#90,#91);
#90 = CARTESIAN_POINT('',(0.982386486604,1.517674860688));
#91 = VECTOR('',#92,1.);
#92 = DIRECTION('',(-0.920843197238,-0.389933079003));
#93 = ( GEOMETRIC_REPRESENTATION_CONTEXT(2) 
PARAMETRIC_REPRESENTATION_CONTEXT() REPRESENTATION_CONTEXT('2D SPACE',''
  ) );
#94 = PCURVE('',#95,#100);
#95 = PLANE('',#96);
#96 = AXIS2_PLACEMENT_3D('',#97,#98,#99);
#97 = CARTESIAN_POINT('',(2.000618202152E-02,0.517674901018,
    0.255660404398));
#98 = DIRECTION('',(-0.389933079003,0.920843197238,0.));
#99 = DIRECTION('',(-0.920843197238,-0.389933079003,0.));
#100 = DEFINITIONAL_REPRESENTATION('',(#101),#105);
#101 = LINE('',#102,#103);
#102 = CARTESIAN_POINT('',(0.,0.));
#103 = VECTOR('',#104,1.);
#104 = DIRECTION('',(1.,0.));
#105 = ( GEOMETRIC_REPRESENTATION_CONTEXT(2) 
PARAMETRIC_REPRESENTATION_CONTEXT() REPRESENTATION_CONTEXT('2D SPACE',''
  ) );
#106 = ORIENTED_EDGE('',*,*,#107,.F.);
#107 = EDGE_CURVE('',#108,#80,#110,.T.);
#108 = VERTEX_POINT('',#109);
#109 = CARTESIAN_POINT('',(6.888008313987E-02,0.480779310721,
    0.255660404398));
#110 = SURFACE_CURVE('',#111,(#115,#122),.PCURVE_S1.);
#111 = LINE('',#112,#113);
#112 = CARTESIAN_POINT('',(6.888008313987E-02,0.480779310721,
    0.255660404398));
#113 = VECTOR('',#114,1.);
#114 = DIRECTION('',(-0.798113550811,0.602507062209,0.));
#115 = PCURVE('',#32,#116);
#116 = DEFINITIONAL_REPRESENTATION('',(#117),#121);
#117 = LINE('',#118,#119);
#118 = CARTESIAN_POINT('',(1.031260387722,1.480779270391));
#119 = VECTOR('',#120,1.);
#120 = DIRECTION('',(-0.798113550811,0.602507062209));
#121 = ( GEOMETRIC_REPRESENTATION_CONTEXT(2) 
PARAMETRIC_REPRESENTATION_CONTEXT() REPRESENTATION_CONTEXT('2D SPACE',''
  ) );
#122 = PCURVE('',#123,#128);
#123 = PLANE('',#124);
#124 = AXIS2_PLACEMENT_3D('',#125,#126,#127);
#125 = CARTESIAN_POINT('',(6.888008313987E-02,0.480779310721,
    0.255660404398));
#126 = DIRECTION('',(0.602507062209,0.798113550811,-0.));
#127 = DIRECTION('',(-0.798113550811,0.602507062209,0.));
#128 = DEFINITIONAL_REPRESENTATION('',(#129),#133);
#129 = LINE('',#130,#131);
#130 = CARTESIAN_POINT('',(0.,0.));
#131 = VECTOR('',#132,1.);
#132 = DIRECTION('',(1.,0.));
#133 = ( GEOMETRIC_REPRESENTATION_CONTEXT(2) 
PARAMETRIC_REPRESENTATION_CONTEXT() REPRESENTATION_CONTEXT('2D SPACE',''
  ) );
#134 = ORIENTED_EDGE('',*,*,#135,.F.);
#135 = EDGE_CURVE('',#136,#108,#138,.T.);
#136 = VERTEX_POINT('',#137);
#137 = CARTESIAN_POINT('',(6.136451521393E-02,0.420005475621,
    0.255660404398));
#138 = SURFACE_CURVE('',#139,(#143,#150),.PCURVE_S1.);
#139 = LINE('',#140,#141);
#140 = CARTESIAN_POINT('',(6.136451521393E-02,0.420005475621,
    0.255660404398));
#141 = VECTOR('',#142,1.);
#142 = DIRECTION('',(0.122729646427,0.992440141212,0.));
#143 = PCURVE('',#32,#144);
#144 = DEFINITIONAL_REPRESENTATION('',(#145),#149);
#145 = LINE('',#146,#147);
#146 = CARTESIAN_POINT('',(1.023744819796,1.420005435292));
#147 = VECTOR('',#148,1.);
#148 = DIRECTION('',(0.122729646427,0.992440141212));
#149 = ( GEOMETRIC_REPRESENTATION_CONTEXT(2) 
PARAMETRIC_REPRESENTATION_CONTEXT() REPRESENTATION_CONTEXT('2D SPACE',''
  ) );
#150 = PCURVE('',#151,#156);
#151 = PLANE('',#152);
#152 = AXIS2_PLACEMENT_3D('',#153,#154,#155);
#153 = CARTESIAN_POINT('',(6.136451521393E-02,0.420005475621,
    0.255660404398));
#154 = DIRECTION('',(0.992440141212,-0.122729646427,0.));
#155 = DIRECTION('',(0.122729646427,0.992440141212,0.));
#156 = DEFINITIONAL_REPRESENTATION('',(#157),#161);
#157 = LINE('',#158,#159);
#158 = CARTESIAN_POINT('',(0.,0.));
#159 = VECTOR('',#160,1.);
#160 = DIRECTION('',(1.,0.));
#161 = ( GEOMETRIC_REPRESENTATION_CONTEXT(2) 
PARAMETRIC_REPRESENTATION_CONTEXT() REPRESENTATION_CONTEXT('2D SPACE',''
  ) );
#162 = ORIENTED_EDGE('',*,*,#163,.F.);
#163 = EDGE_CURVE('',#164,#136,#166,.T.);
#164 = VERTEX_POINT('',#165);
#165 = CARTESIAN_POINT('',(4.975046169611E-03,0.39612723082,
    0.255660404398));
#166 = SURFACE_CURVE('',#167,(#171,#178),.PCURVE_S1.);
#167 = LINE('',#168,#169);
#168 = CARTESIAN_POINT('',(4.975046169611E-03,0.39612723082,
    0.255660404398));
#169 = VECTOR('',#170,1.);
#170 = DIRECTION('',(0.920843197238,0.389933079003,0.));
#171 = PCURVE('',#32,#172);
#172 = DEFINITIONAL_REPRESENTATION('',(#173),#177);
#173 = LINE('',#174,#175);
#174 = CARTESIAN_POINT('',(0.967355350752,1.39612719049));
#175 = VECTOR('',#176,1.);
#176 = DIRECTION('',(0.920843197238,0.389933079003));
#177 = ( GEOMETRIC_REPRESENTATION_CONTEXT(2) 
PARAMETRIC_REPRESENTATION_CONTEXT() REPRESENTATION_CONTEXT('2D SPACE',''
  ) );
#178 = PCURVE('',#179,#184);
#179 = PLANE('',#180);
#180 = AXIS2_PLACEMENT_3D('',#181,#182,#183);
#181 = CARTESIAN_POINT('',(4.975046169611E-03,0.39612723082,
    0.255660404398));
#182 = DIRECTION('',(0.389933079003,-0.920843197238,0.));
#183 = DIRECTION('',(0.920843197238,0.389933079003,0.));
#184 = DEFINITIONAL_REPRESENTATION('',(#185),#189);
#185 = LINE('',#186,#187);
#186 = CARTESIAN_POINT('',(0.,0.));
#187 = VECTOR('',#188,1.);
#188 = DIRECTION('',(1.,0.));
#189 = ( GEOMETRIC_REPRESENTATION_CONTEXT(2) 
PARAMETRIC_REPRESENTATION_CONTEXT() REPRESENTATION_CONTEXT('2D SPACE',''
  ) );
#190 = ORIENTED_EDGE('',*,*,#191,.T.);
#191 = EDGE_CURVE('',#164,#192,#194,.T.);
#192 = VERTEX_POINT('',#193);
#193 = CARTESIAN_POINT('',(2.224490365987E-03,0.394962501909,
    0.255660404398));
#194 = SURFACE_CURVE('',#195,(#199,#206),.PCURVE_S1.);
#195 = LINE('',#196,#197);
#196 = CARTESIAN_POINT('',(-0.655812256552,0.116315392834,0.255660404398
    ));
#197 = VECTOR('',#198,1.);
#198 = DIRECTION('',(-0.920843197238,-0.389933079003,0.));
#199 = PCURVE('',#32,#200);
#200 = DEFINITIONAL_REPRESENTATION('',(#201),#205);
#201 = LINE('',#202,#203);
#202 = CARTESIAN_POINT('',(0.30656804803,1.116315352504));
#203 = VECTOR('',#204,1.);
#204 = DIRECTION('',(-0.920843197238,-0.389933079003));
#205 = ( GEOMETRIC_REPRESENTATION_CONTEXT(2) 
PARAMETRIC_REPRESENTATION_CONTEXT() REPRESENTATION_CONTEXT('2D SPACE',''
  ) );
#206 = PCURVE('',#179,#207);
#207 = DEFINITIONAL_REPRESENTATION('',(#208),#212);
#208 = LINE('',#209,#210);
#209 = CARTESIAN_POINT('',(-0.717589384059,0.));
#210 = VECTOR('',#211,1.);
#211 = DIRECTION('',(-1.,0.));
#212 = ( GEOMETRIC_REPRESENTATION_CONTEXT(2) 
PARAMETRIC_REPRESENTATION_CONTEXT() REPRESENTATION_CONTEXT('2D SPACE',''
  ) );
#213 = ORIENTED_EDGE('',*,*,#214,.F.);
#214 = EDGE_CURVE('',#24,#192,#215,.T.);
#215 = SURFACE_CURVE('',#216,(#220,#227),.PCURVE_S1.);
#216 = LINE('',#217,#218);
#217 = CARTESIAN_POINT('',(-4.545742938914E-02,0.430958248834,
    0.255660404398));
#218 = VECTOR('',#219,1.);
#219 = DIRECTION('',(0.798113550811,-0.602507062209,0.));
#220 = PCURVE('',#32,#221);
#221 = DEFINITIONAL_REPRESENTATION('',(#222),#226);
#222 = LINE('',#223,#224);
#223 = CARTESIAN_POINT('',(0.916922875193,1.430958208505));
#224 = VECTOR('',#225,1.);
#225 = DIRECTION('',(0.798113550811,-0.602507062209));
#226 = ( GEOMETRIC_REPRESENTATION_CONTEXT(2) 
PARAMETRIC_REPRESENTATION_CONTEXT() REPRESENTATION_CONTEXT('2D SPACE',''
  ) );
#227 = PCURVE('',#228,#233);
#228 = CYLINDRICAL_SURFACE('',#229,2.58681522285E-03);
#229 = AXIS2_PLACEMENT_3D('',#230,#231,#232);
#230 = CARTESIAN_POINT('',(-4.545742938914E-02,0.430958248834,
    0.253073589175));
#231 = DIRECTION('',(0.798113550811,-0.602507062209,0.));
#232 = DIRECTION('',(0.,0.,1.));
#233 = DEFINITIONAL_REPRESENTATION('',(#234),#237);
#234 = B_SPLINE_CURVE_WITH_KNOTS('',1,(#235,#236),.UNSPECIFIED.,.F.,.F.,
  (2,2),(1.493498465249E-03,5.974327801684E-02),
  .PIECEWISE_BEZIER_KNOTS.);
#235 = CARTESIAN_POINT('',(6.28318530718,1.493498465249E-03));
#236 = CARTESIAN_POINT('',(6.28318530718,5.974327801684E-02));
#237 = ( GEOMETRIC_REPRESENTATION_CONTEXT(2) 
PARAMETRIC_REPRESENTATION_CONTEXT() REPRESENTATION_CONTEXT('2D SPACE',''
  ) );
#238 = FACE_BOUND('',#239,.T.);
#239 = EDGE_LOOP('',(#240,#270,#302,#330,#358,#386,#414,#442,#470));
#240 = ORIENTED_EDGE('',*,*,#241,.F.);
#241 = EDGE_CURVE('',#242,#244,#246,.T.);
#242 = VERTEX_POINT('',#243);
#243 = CARTESIAN_POINT('',(-0.853038927856,-6.499921810443E-02,
    0.255660404398));
#244 = VERTEX_POINT('',#245);
#245 = CARTESIAN_POINT('',(-0.853038927856,3.046990655984E-02,
    0.255660404398));
#246 = SURFACE_CURVE('',#247,(#251,#258),.PCURVE_S1.);
#247 = LINE('',#248,#249);
#248 = CARTESIAN_POINT('',(-0.853038927856,-0.112469504618,
    0.255660404398));
#249 = VECTOR('',#250,1.);
#250 = DIRECTION('',(0.,1.,0.));
#251 = PCURVE('',#32,#252);
#252 = DEFINITIONAL_REPRESENTATION('',(#253),#257);
#253 = LINE('',#254,#255);
#254 = CARTESIAN_POINT('',(0.109341376726,0.887530455052));
#255 = VECTOR('',#256,1.);
#256 = DIRECTION('',(0.,1.));
#257 = ( GEOMETRIC_REPRESENTATION_CONTEXT(2) 
PARAMETRIC_REPRESENTATION_CONTEXT() REPRESENTATION_CONTEXT('2D SPACE',''
  ) );
#258 = PCURVE('',#259,#264);
#259 = PLANE('',#260);
#260 = AXIS2_PLACEMENT_3D('',#261,#262,#263);
#261 = CARTESIAN_POINT('',(-0.853038927856,-5.313187019393E-02,
    1.036295776113E-02));
#262 = DIRECTION('',(-1.,-0.,-0.));
#263 = DIRECTION('',(0.,0.,-1.));
#264 = DEFINITIONAL_REPRESENTATION('',(#265),#269);
#265 = LINE('',#266,#267);
#266 = CARTESIAN_POINT('',(-0.245297446637,5.933763442455E-02));
#267 = VECTOR('',#268,1.);
#268 = DIRECTION('',(0.,-1.));
#269 = ( GEOMETRIC_REPRESENTATION_CONTEXT(2) 
PARAMETRIC_REPRESENTATION_CONTEXT() REPRESENTATION_CONTEXT('2D SPACE',''
  ) );
#270 = ORIENTED_EDGE('',*,*,#271,.F.);
#271 = EDGE_CURVE('',#272,#242,#274,.T.);
#272 = VERTEX_POINT('',#273);
#273 = CARTESIAN_POINT('',(-0.805568641342,-0.112469504618,
    0.255660404398));
#274 = SURFACE_CURVE('',#275,(#280,#291),.PCURVE_S1.);
#275 = CIRCLE('',#276,4.747028651405E-02);
#276 = AXIS2_PLACEMENT_3D('',#277,#278,#279);
#277 = CARTESIAN_POINT('',(-0.805568641342,-6.499921810443E-02,
    0.255660404398));
#278 = DIRECTION('',(-0.,-0.,-1.));
#279 = DIRECTION('',(0.,-1.,0.));
#280 = PCURVE('',#32,#281);
#281 = DEFINITIONAL_REPRESENTATION('',(#282),#290);
#282 = ( BOUNDED_CURVE() B_SPLINE_CURVE(2,(#283,#284,#285,#286,#287,#288
,#289),.UNSPECIFIED.,.T.,.F.) B_SPLINE_CURVE_WITH_KNOTS((1,2,2,2,2,1),(
    -2.094395102393,0.,2.094395102393,4.188790204786,6.28318530718,
8.377580409573),.UNSPECIFIED.) CURVE() GEOMETRIC_REPRESENTATION_ITEM() 
RATIONAL_B_SPLINE_CURVE((1.,0.5,1.,0.5,1.,0.5,1.)) REPRESENTATION_ITEM(
  '') );
#283 = CARTESIAN_POINT('',(0.15681166324,0.887530455052));
#284 = CARTESIAN_POINT('',(7.45907151483E-02,0.887530455052));
#285 = CARTESIAN_POINT('',(0.115701189194,0.958735884823));
#286 = CARTESIAN_POINT('',(0.15681166324,1.029941314594));
#287 = CARTESIAN_POINT('',(0.197922137287,0.958735884823));
#288 = CARTESIAN_POINT('',(0.239032611333,0.887530455052));
#289 = CARTESIAN_POINT('',(0.15681166324,0.887530455052));
#290 = ( GEOMETRIC_REPRESENTATION_CONTEXT(2) 
PARAMETRIC_REPRESENTATION_CONTEXT() REPRESENTATION_CONTEXT('2D SPACE',''
  ) );
#291 = PCURVE('',#292,#297);
#292 = CYLINDRICAL_SURFACE('',#293,4.747028651405E-02);
#293 = AXIS2_PLACEMENT_3D('',#294,#295,#296);
#294 = CARTESIAN_POINT('',(-0.805568641342,-6.499921810443E-02,
    -0.255660404398));
#295 = DIRECTION('',(0.,0.,1.));
#296 = DIRECTION('',(0.,-1.,0.));
#297 = DEFINITIONAL_REPRESENTATION('',(#298),#301);
#298 = B_SPLINE_CURVE_WITH_KNOTS('',1,(#299,#300),.UNSPECIFIED.,.F.,.F.,
  (2,2),(0.,1.570796326795),.PIECEWISE_BEZIER_KNOTS.);
#299 = CARTESIAN_POINT('',(6.28318530718,0.511320808796));
#300 = CARTESIAN_POINT('',(4.712388980385,0.511320808796));
#301 = ( GEOMETRIC_REPRESENTATION_CONTEXT(2) 
PARAMETRIC_REPRESENTATION_CONTEXT() REPRESENTATION_CONTEXT('2D SPACE',''
  ) );
#302 = ORIENTED_EDGE('',*,*,#303,.F.);
#303 = EDGE_CURVE('',#304,#272,#306,.T.);
#304 = VERTEX_POINT('',#305);
#305 = CARTESIAN_POINT('',(-0.636169103491,-0.112469504618,
    0.255660404398));
#306 = SURFACE_CURVE('',#307,(#311,#318),.PCURVE_S1.);
#307 = LINE('',#308,#309);
#308 = CARTESIAN_POINT('',(-0.636169103491,-0.112469504618,
    0.255660404398));
#309 = VECTOR('',#310,1.);
#310 = DIRECTION('',(-1.,0.,0.));
#311 = PCURVE('',#32,#312);
#312 = DEFINITIONAL_REPRESENTATION('',(#313),#317);
#313 = LINE('',#314,#315);
#314 = CARTESIAN_POINT('',(0.326211201091,0.887530455052));
#315 = VECTOR('',#316,1.);
#316 = DIRECTION('',(-1.,0.));
#317 = ( GEOMETRIC_REPRESENTATION_CONTEXT(2) 
PARAMETRIC_REPRESENTATION_CONTEXT() REPRESENTATION_CONTEXT('2D SPACE',''
  ) );
#318 = PCURVE('',#319,#324);
#319 = PLANE('',#320);
#320 = AXIS2_PLACEMENT_3D('',#321,#322,#323);
#321 = CARTESIAN_POINT('',(-0.729472269716,-0.112469504618,
    -3.122405431119E-14));
#322 = DIRECTION('',(-0.,-1.,-0.));
#323 = DIRECTION('',(0.,0.,-1.));
#324 = DEFINITIONAL_REPRESENTATION('',(#325),#329);
#325 = LINE('',#326,#327);
#326 = CARTESIAN_POINT('',(-0.255660404398,9.33031662255E-02));
#327 = VECTOR('',#328,1.);
#328 = DIRECTION('',(0.,-1.));
#329 = ( GEOMETRIC_REPRESENTATION_CONTEXT(2) 
PARAMETRIC_REPRESENTATION_CONTEXT() REPRESENTATION_CONTEXT('2D SPACE',''
  ) );
#330 = ORIENTED_EDGE('',*,*,#331,.F.);
#331 = EDGE_CURVE('',#332,#304,#334,.T.);
#332 = VERTEX_POINT('',#333);
#333 = CARTESIAN_POINT('',(-0.636169103491,-0.999999959671,
    0.255660404398));
#334 = SURFACE_CURVE('',#335,(#339,#346),.PCURVE_S1.);
#335 = LINE('',#336,#337);
#336 = CARTESIAN_POINT('',(-0.636169103491,-0.999999959671,
    0.255660404398));
#337 = VECTOR('',#338,1.);
#338 = DIRECTION('',(-0.,1.,0.));
#339 = PCURVE('',#32,#340);
#340 = DEFINITIONAL_REPRESENTATION('',(#341),#345);
#341 = LINE('',#342,#343);
#342 = CARTESIAN_POINT('',(0.326211201091,0.));
#343 = VECTOR('',#344,1.);
#344 = DIRECTION('',(0.,1.));
#345 = ( GEOMETRIC_REPRESENTATION_CONTEXT(2) 
PARAMETRIC_REPRESENTATION_CONTEXT() REPRESENTATION_CONTEXT('2D SPACE',''
  ) );
#346 = PCURVE('',#347,#352);
#347 = PLANE('',#348);
#348 = AXIS2_PLACEMENT_3D('',#349,#350,#351);
#349 = CARTESIAN_POINT('',(-0.373571950296,-0.999999959671,
    -3.122405431119E-14));
#350 = DIRECTION('',(0.697579848929,0.,0.716507051164));
#351 = DIRECTION('',(-0.716507051164,0.,0.697579848929));
#352 = DEFINITIONAL_REPRESENTATION('',(#353),#357);
#353 = LINE('',#354,#355);
#354 = CARTESIAN_POINT('',(0.366496258156,0.));
#355 = VECTOR('',#356,1.);
#356 = DIRECTION('',(0.,-1.));
#357 = ( GEOMETRIC_REPRESENTATION_CONTEXT(2) 
PARAMETRIC_REPRESENTATION_CONTEXT() REPRESENTATION_CONTEXT('2D SPACE',''
  ) );
#358 = ORIENTED_EDGE('',*,*,#359,.T.);
#359 = EDGE_CURVE('',#332,#360,#362,.T.);
#360 = VERTEX_POINT('',#361);
#361 = CARTESIAN_POINT('',(0.962380304582,-0.999999959671,0.255660404398
    ));
#362 = SURFACE_CURVE('',#363,(#367,#374),.PCURVE_S1.);
#363 = LINE('',#364,#365);
#364 = CARTESIAN_POINT('',(-0.962380304582,-0.999999959671,
    0.255660404398));
#365 = VECTOR('',#366,1.);
#366 = DIRECTION('',(1.,0.,-0.));
#367 = PCURVE('',#32,#368);
#368 = DEFINITIONAL_REPRESENTATION('',(#369),#373);
#369 = LINE('',#370,#371);
#370 = CARTESIAN_POINT('',(0.,0.));
#371 = VECTOR('',#372,1.);
#372 = DIRECTION('',(1.,0.));
#373 = ( GEOMETRIC_REPRESENTATION_CONTEXT(2) 
PARAMETRIC_REPRESENTATION_CONTEXT() REPRESENTATION_CONTEXT('2D SPACE',''
  ) );
#374 = PCURVE('',#375,#380);
#375 = PLANE('',#376);
#376 = AXIS2_PLACEMENT_3D('',#377,#378,#379);
#377 = CARTESIAN_POINT('',(-0.962380304582,-0.999999959671,
    -0.255660404398));
#378 = DIRECTION('',(-0.,1.,0.));
#379 = DIRECTION('',(0.,0.,1.));
#380 = DEFINITIONAL_REPRESENTATION('',(#381),#385);
#381 = LINE('',#382,#383);
#382 = CARTESIAN_POINT('',(0.511320808796,0.));
#383 = VECTOR('',#384,1.);
#384 = DIRECTION('',(0.,1.));
#385 = ( GEOMETRIC_REPRESENTATION_CONTEXT(2) 
PARAMETRIC_REPRESENTATION_CONTEXT() REPRESENTATION_CONTEXT('2D SPACE',''
  ) );
#386 = ORIENTED_EDGE('',*,*,#387,.T.);
#387 = EDGE_CURVE('',#360,#388,#390,.T.);
#388 = VERTEX_POINT('',#389);
#389 = CARTESIAN_POINT('',(0.962380304582,0.99999995967,0.255660404398)
  );
#390 = SURFACE_CURVE('',#391,(#395,#402),.PCURVE_S1.);
#391 = LINE('',#392,#393);
#392 = CARTESIAN_POINT('',(0.962380304582,-0.999999959671,0.255660404398
    ));
#393 = VECTOR('',#394,1.);
#394 = DIRECTION('',(-0.,1.,0.));
#395 = PCURVE('',#32,#396);
#396 = DEFINITIONAL_REPRESENTATION('',(#397),#401);
#397 = LINE('',#398,#399);
#398 = CARTESIAN_POINT('',(1.924760609164,0.));
#399 = VECTOR('',#400,1.);
#400 = DIRECTION('',(0.,1.));
#401 = ( GEOMETRIC_REPRESENTATION_CONTEXT(2) 
PARAMETRIC_REPRESENTATION_CONTEXT() REPRESENTATION_CONTEXT('2D SPACE',''
  ) );
#402 = PCURVE('',#403,#408);
#403 = PLANE('',#404);
#404 = AXIS2_PLACEMENT_3D('',#405,#406,#407);
#405 = CARTESIAN_POINT('',(0.962380304582,-0.999999959671,
    -0.255660404398));
#406 = DIRECTION('',(1.,0.,-0.));
#407 = DIRECTION('',(0.,0.,1.));
#408 = DEFINITIONAL_REPRESENTATION('',(#409),#413);
#409 = LINE('',#410,#411);
#410 = CARTESIAN_POINT('',(0.511320808796,0.));
#411 = VECTOR('',#412,1.);
#412 = DIRECTION('',(0.,-1.));
#413 = ( GEOMETRIC_REPRESENTATION_CONTEXT(2) 
PARAMETRIC_REPRESENTATION_CONTEXT() REPRESENTATION_CONTEXT('2D SPACE',''
  ) );
#414 = ORIENTED_EDGE('',*,*,#415,.F.);
#415 = EDGE_CURVE('',#416,#388,#418,.T.);
#416 = VERTEX_POINT('',#417);
#417 = CARTESIAN_POINT('',(-0.962380304582,0.99999995967,0.255660404398)
  );
#418 = SURFACE_CURVE('',#419,(#423,#430),.PCURVE_S1.);
#419 = LINE('',#420,#421);
#420 = CARTESIAN_POINT('',(-0.962380304582,0.99999995967,0.255660404398)
  );
#421 = VECTOR('',#422,1.);
#422 = DIRECTION('',(1.,0.,-0.));
#423 = PCURVE('',#32,#424);
#424 = DEFINITIONAL_REPRESENTATION('',(#425),#429);
#425 = LINE('',#426,#427);
#426 = CARTESIAN_POINT('',(0.,1.999999919341));
#427 = VECTOR('',#428,1.);
#428 = DIRECTION('',(1.,0.));
#429 = ( GEOMETRIC_REPRESENTATION_CONTEXT(2) 
PARAMETRIC_REPRESENTATION_CONTEXT() REPRESENTATION_CONTEXT('2D SPACE',''
  ) );
#430 = PCURVE('',#431,#436);
#431 = PLANE('',#432);
#432 = AXIS2_PLACEMENT_3D('',#433,#434,#435);
#433 = CARTESIAN_POINT('',(-0.962380304582,0.99999995967,-0.255660404398
    ));
#434 = DIRECTION('',(-0.,1.,0.));
#435 = DIRECTION('',(0.,0.,1.));
#436 = DEFINITIONAL_REPRESENTATION('',(#437),#441);
#437 = LINE('',#438,#439);
#438 = CARTESIAN_POINT('',(0.511320808796,0.));
#439 = VECTOR('',#440,1.);
#440 = DIRECTION('',(0.,1.));
#441 = ( GEOMETRIC_REPRESENTATION_CONTEXT(2) 
PARAMETRIC_REPRESENTATION_CONTEXT() REPRESENTATION_CONTEXT('2D SPACE',''
  ) );
#442 = ORIENTED_EDGE('',*,*,#443,.F.);
#443 = EDGE_CURVE('',#444,#416,#446,.T.);
#444 = VERTEX_POINT('',#445);
#445 = CARTESIAN_POINT('',(-0.962380304582,3.046990655984E-02,
    0.255660404398));
#446 = SURFACE_CURVE('',#447,(#451,#458),.PCURVE_S1.);
#447 = LINE('',#448,#449);
#448 = CARTESIAN_POINT('',(-0.962380304582,-0.999999959671,
    0.255660404398));
#449 = VECTOR('',#450,1.);
#450 = DIRECTION('',(-0.,1.,0.));
#451 = PCURVE('',#32,#452);
#452 = DEFINITIONAL_REPRESENTATION('',(#453),#457);
#453 = LINE('',#454,#455);
#454 = CARTESIAN_POINT('',(0.,0.));
#455 = VECTOR('',#456,1.);
#456 = DIRECTION('',(0.,1.));
#457 = ( GEOMETRIC_REPRESENTATION_CONTEXT(2) 
PARAMETRIC_REPRESENTATION_CONTEXT() REPRESENTATION_CONTEXT('2D SPACE',''
  ) );
#458 = PCURVE('',#459,#464);
#459 = PLANE('',#460);
#460 = AXIS2_PLACEMENT_3D('',#461,#462,#463);
#461 = CARTESIAN_POINT('',(-0.962380304582,-0.999999959671,
    -0.255660404398));
#462 = DIRECTION('',(1.,0.,-0.));
#463 = DIRECTION('',(0.,0.,1.));
#464 = DEFINITIONAL_REPRESENTATION('',(#465),#469);
#465 = LINE('',#466,#467);
#466 = CARTESIAN_POINT('',(0.511320808796,0.));
#467 = VECTOR('',#468,1.);
#468 = DIRECTION('',(0.,-1.));
#469 = ( GEOMETRIC_REPRESENTATION_CONTEXT(2) 
PARAMETRIC_REPRESENTATION_CONTEXT() REPRESENTATION_CONTEXT('2D SPACE',''
  ) );
#470 = ORIENTED_EDGE('',*,*,#471,.T.);
#471 = EDGE_CURVE('',#444,#244,#472,.T.);
#472 = SURFACE_CURVE('',#473,(#477,#484),.PCURVE_S1.);
#473 = LINE('',#474,#475);
#474 = CARTESIAN_POINT('',(-0.962380304582,3.046990655984E-02,
    0.255660404398));
#475 = VECTOR('',#476,1.);
#476 = DIRECTION('',(1.,0.,-0.));
#477 = PCURVE('',#32,#478);
#478 = DEFINITIONAL_REPRESENTATION('',(#479),#483);
#479 = LINE('',#480,#481);
#480 = CARTESIAN_POINT('',(0.,1.03046986623));
#481 = VECTOR('',#482,1.);
#482 = DIRECTION('',(1.,0.));
#483 = ( GEOMETRIC_REPRESENTATION_CONTEXT(2) 
PARAMETRIC_REPRESENTATION_CONTEXT() REPRESENTATION_CONTEXT('2D SPACE',''
  ) );
#484 = PCURVE('',#485,#490);
#485 = PLANE('',#486);
#486 = AXIS2_PLACEMENT_3D('',#487,#488,#489);
#487 = CARTESIAN_POINT('',(-0.962380304582,3.046990655984E-02,
    0.255660404398));
#488 = DIRECTION('',(-0.,0.99504864125,-9.938914199911E-02));
#489 = DIRECTION('',(0.,-9.938914199911E-02,-0.99504864125));
#490 = DEFINITIONAL_REPRESENTATION('',(#491),#495);
#491 = LINE('',#492,#493);
#492 = CARTESIAN_POINT('',(0.,0.));
#493 = VECTOR('',#494,1.);
#494 = DIRECTION('',(0.,-1.));
#495 = ( GEOMETRIC_REPRESENTATION_CONTEXT(2) 
PARAMETRIC_REPRESENTATION_CONTEXT() REPRESENTATION_CONTEXT('2D SPACE',''
  ) );
#496 = FACE_BOUND('',#497,.T.);
#497 = EDGE_LOOP('',(#498,#528,#556,#584,#612,#640));
#498 = ORIENTED_EDGE('',*,*,#499,.F.);
#499 = EDGE_CURVE('',#500,#502,#504,.T.);
#500 = VERTEX_POINT('',#501);
#501 = CARTESIAN_POINT('',(-0.906775872027,0.254705245102,0.255660404398
    ));
#502 = VERTEX_POINT('',#503);
#503 = CARTESIAN_POINT('',(-0.921634315836,0.238143432115,0.255660404398
    ));
#504 = SURFACE_CURVE('',#505,(#509,#516),.PCURVE_S1.);
#505 = LINE('',#506,#507);
#506 = CARTESIAN_POINT('',(-1.238441313632,-0.114982259771,
    0.255660404398));
#507 = VECTOR('',#508,1.);
#508 = DIRECTION('',(-0.667792191105,-0.74434776113,0.));
#509 = PCURVE('',#32,#510);
#510 = DEFINITIONAL_REPRESENTATION('',(#511),#515);
#511 = LINE('',#512,#513);
#512 = CARTESIAN_POINT('',(-0.27606100905,0.8850176999));
#513 = VECTOR('',#514,1.);
#514 = DIRECTION('',(-0.667792191105,-0.74434776113));
#515 = ( GEOMETRIC_REPRESENTATION_CONTEXT(2) 
PARAMETRIC_REPRESENTATION_CONTEXT() REPRESENTATION_CONTEXT('2D SPACE',''
  ) );
#516 = PCURVE('',#517,#522);
#517 = PLANE('',#518);
#518 = AXIS2_PLACEMENT_3D('',#519,#520,#521);
#519 = CARTESIAN_POINT('',(-0.921634315836,0.238143432115,
    -0.255660404398));
#520 = DIRECTION('',(-0.74434776113,0.667792191105,0.));
#521 = DIRECTION('',(0.667792191105,0.74434776113,0.));
#522 = DEFINITIONAL_REPRESENTATION('',(#523),#527);
#523 = LINE('',#524,#525);
#524 = CARTESIAN_POINT('',(-0.474409557368,-0.511320808796));
#525 = VECTOR('',#526,1.);
#526 = DIRECTION('',(-1.,-0.));
#527 = ( GEOMETRIC_REPRESENTATION_CONTEXT(2) 
PARAMETRIC_REPRESENTATION_CONTEXT() REPRESENTATION_CONTEXT('2D SPACE',''
  ) );
#528 = ORIENTED_EDGE('',*,*,#529,.F.);
#529 = EDGE_CURVE('',#530,#500,#532,.T.);
#530 = VERTEX_POINT('',#531);
#531 = CARTESIAN_POINT('',(-0.885003699343,0.250118361796,0.255660404398
    ));
#532 = SURFACE_CURVE('',#533,(#537,#544),.PCURVE_S1.);
#533 = LINE('',#534,#535);
#534 = CARTESIAN_POINT('',(-0.806845074278,0.233652182801,0.255660404398
    ));
#535 = VECTOR('',#536,1.);
#536 = DIRECTION('',(-0.978520165941,0.206151121381,0.));
#537 = PCURVE('',#32,#538);
#538 = DEFINITIONAL_REPRESENTATION('',(#539),#543);
#539 = LINE('',#540,#541);
#540 = CARTESIAN_POINT('',(0.155535230304,1.233652142472));
#541 = VECTOR('',#542,1.);
#542 = DIRECTION('',(-0.978520165941,0.206151121381));
#543 = ( GEOMETRIC_REPRESENTATION_CONTEXT(2) 
PARAMETRIC_REPRESENTATION_CONTEXT() REPRESENTATION_CONTEXT('2D SPACE',''
  ) );
#544 = PCURVE('',#545,#550);
#545 = PLANE('',#546);
#546 = AXIS2_PLACEMENT_3D('',#547,#548,#549);
#547 = CARTESIAN_POINT('',(-0.906775872027,0.254705245102,
    -0.255660404398));
#548 = DIRECTION('',(0.206151121381,0.978520165941,-0.));
#549 = DIRECTION('',(0.978520165941,-0.206151121381,0.));
#550 = DEFINITIONAL_REPRESENTATION('',(#551),#555);
#551 = LINE('',#552,#553);
#552 = CARTESIAN_POINT('',(0.102124413198,-0.511320808796));
#553 = VECTOR('',#554,1.);
#554 = DIRECTION('',(-1.,-0.));
#555 = ( GEOMETRIC_REPRESENTATION_CONTEXT(2) 
PARAMETRIC_REPRESENTATION_CONTEXT() REPRESENTATION_CONTEXT('2D SPACE',''
  ) );
#556 = ORIENTED_EDGE('',*,*,#557,.F.);
#557 = EDGE_CURVE('',#558,#530,#560,.T.);
#558 = VERTEX_POINT('',#559);
#559 = CARTESIAN_POINT('',(-0.878089970468,0.228969665503,0.255660404398
    ));
#560 = SURFACE_CURVE('',#561,(#565,#572),.PCURVE_S1.);
#561 = LINE('',#562,#563);
#562 = CARTESIAN_POINT('',(-0.704130034026,-0.30316370703,0.255660404398
    ));
#563 = VECTOR('',#564,1.);
#564 = DIRECTION('',(-0.310727974836,0.950498882511,0.));
#565 = PCURVE('',#32,#566);
#566 = DEFINITIONAL_REPRESENTATION('',(#567),#571);
#567 = LINE('',#568,#569);
#568 = CARTESIAN_POINT('',(0.258250270556,0.696836252641));
#569 = VECTOR('',#570,1.);
#570 = DIRECTION('',(-0.310727974836,0.950498882511));
#571 = ( GEOMETRIC_REPRESENTATION_CONTEXT(2) 
PARAMETRIC_REPRESENTATION_CONTEXT() REPRESENTATION_CONTEXT('2D SPACE',''
  ) );
#572 = PCURVE('',#573,#578);
#573 = PLANE('',#574);
#574 = AXIS2_PLACEMENT_3D('',#575,#576,#577);
#575 = CARTESIAN_POINT('',(-0.885003699343,0.250118361796,
    -0.255660404398));
#576 = DIRECTION('',(0.950498882511,0.310727974836,-0.));
#577 = DIRECTION('',(0.310727974836,-0.950498882511,0.));
#578 = DEFINITIONAL_REPRESENTATION('',(#579),#583);
#579 = LINE('',#580,#581);
#580 = CARTESIAN_POINT('',(0.582096495857,-0.511320808796));
#581 = VECTOR('',#582,1.);
#582 = DIRECTION('',(-1.,-0.));
#583 = ( GEOMETRIC_REPRESENTATION_CONTEXT(2) 
PARAMETRIC_REPRESENTATION_CONTEXT() REPRESENTATION_CONTEXT('2D SPACE',''
  ) );
#584 = ORIENTED_EDGE('',*,*,#585,.F.);
#585 = EDGE_CURVE('',#586,#558,#588,.T.);
#586 = VERTEX_POINT('',#587);
#587 = CARTESIAN_POINT('',(-0.892948414278,0.212407852517,0.255660404398
    ));
#588 = SURFACE_CURVE('',#589,(#593,#600),.PCURVE_S1.);
#589 = LINE('',#590,#591);
#590 = CARTESIAN_POINT('',(-1.202326190169,-0.132436932876,
    0.255660404398));
#591 = VECTOR('',#592,1.);
#592 = DIRECTION('',(0.667792191105,0.74434776113,-0.));
#593 = PCURVE('',#32,#594);
#594 = DEFINITIONAL_REPRESENTATION('',(#595),#599);
#595 = LINE('',#596,#597);
#596 = CARTESIAN_POINT('',(-0.239945885587,0.867563026795));
#597 = VECTOR('',#598,1.);
#598 = DIRECTION('',(0.667792191105,0.74434776113));
#599 = ( GEOMETRIC_REPRESENTATION_CONTEXT(2) 
PARAMETRIC_REPRESENTATION_CONTEXT() REPRESENTATION_CONTEXT('2D SPACE',''
  ) );
#600 = PCURVE('',#601,#606);
#601 = PLANE('',#602);
#602 = AXIS2_PLACEMENT_3D('',#603,#604,#605);
#603 = CARTESIAN_POINT('',(-0.878089970468,0.228969665503,
    -0.255660404398));
#604 = DIRECTION('',(0.74434776113,-0.667792191105,0.));
#605 = DIRECTION('',(-0.667792191105,-0.74434776113,0.));
#606 = DEFINITIONAL_REPRESENTATION('',(#607),#611);
#607 = LINE('',#608,#609);
#608 = CARTESIAN_POINT('',(0.485534607951,-0.511320808796));
#609 = VECTOR('',#610,1.);
#610 = DIRECTION('',(-1.,0.));
#611 = ( GEOMETRIC_REPRESENTATION_CONTEXT(2) 
PARAMETRIC_REPRESENTATION_CONTEXT() REPRESENTATION_CONTEXT('2D SPACE',''
  ) );
#612 = ORIENTED_EDGE('',*,*,#613,.F.);
#613 = EDGE_CURVE('',#614,#586,#616,.T.);
#614 = VERTEX_POINT('',#615);
#615 = CARTESIAN_POINT('',(-0.914720586961,0.216994735823,0.255660404398
    ));
#616 = SURFACE_CURVE('',#617,(#621,#628),.PCURVE_S1.);
#617 = LINE('',#618,#619);
#618 = CARTESIAN_POINT('',(-0.803903702871,0.193648231869,0.255660404398
    ));
#619 = VECTOR('',#620,1.);
#620 = DIRECTION('',(0.978520165941,-0.206151121381,0.));
#621 = PCURVE('',#32,#622);
#622 = DEFINITIONAL_REPRESENTATION('',(#623),#627);
#623 = LINE('',#624,#625);
#624 = CARTESIAN_POINT('',(0.158476601712,1.193648191539));
#625 = VECTOR('',#626,1.);
#626 = DIRECTION('',(0.978520165941,-0.206151121381));
#627 = ( GEOMETRIC_REPRESENTATION_CONTEXT(2) 
PARAMETRIC_REPRESENTATION_CONTEXT() REPRESENTATION_CONTEXT('2D SPACE',''
  ) );
#628 = PCURVE('',#629,#634);
#629 = PLANE('',#630);
#630 = AXIS2_PLACEMENT_3D('',#631,#632,#633);
#631 = CARTESIAN_POINT('',(-0.892948414278,0.212407852517,
    -0.255660404398));
#632 = DIRECTION('',(-0.206151121381,-0.978520165941,0.));
#633 = DIRECTION('',(-0.978520165941,0.206151121381,0.));
#634 = DEFINITIONAL_REPRESENTATION('',(#635),#639);
#635 = LINE('',#636,#637);
#636 = CARTESIAN_POINT('',(-9.099936261544E-02,-0.511320808796));
#637 = VECTOR('',#638,1.);
#638 = DIRECTION('',(-1.,-0.));
#639 = ( GEOMETRIC_REPRESENTATION_CONTEXT(2) 
PARAMETRIC_REPRESENTATION_CONTEXT() REPRESENTATION_CONTEXT('2D SPACE',''
  ) );
#640 = ORIENTED_EDGE('',*,*,#641,.F.);
#641 = EDGE_CURVE('',#502,#614,#642,.T.);
#642 = SURFACE_CURVE('',#643,(#647,#654),.PCURVE_S1.);
#643 = LINE('',#644,#645);
#644 = CARTESIAN_POINT('',(-0.737303786082,-0.325712984857,
    0.255660404398));
#645 = VECTOR('',#646,1.);
#646 = DIRECTION('',(0.310727974836,-0.950498882511,0.));
#647 = PCURVE('',#32,#648);
#648 = DEFINITIONAL_REPRESENTATION('',(#649),#653);
#649 = LINE('',#650,#651);
#650 = CARTESIAN_POINT('',(0.2250765185,0.674286974814));
#651 = VECTOR('',#652,1.);
#652 = DIRECTION('',(0.310727974836,-0.950498882511));
#653 = ( GEOMETRIC_REPRESENTATION_CONTEXT(2) 
PARAMETRIC_REPRESENTATION_CONTEXT() REPRESENTATION_CONTEXT('2D SPACE',''
  ) );
#654 = PCURVE('',#655,#660);
#655 = PLANE('',#656);
#656 = AXIS2_PLACEMENT_3D('',#657,#658,#659);
#657 = CARTESIAN_POINT('',(-0.914720586961,0.216994735823,
    -0.255660404398));
#658 = DIRECTION('',(-0.950498882511,-0.310727974836,0.));
#659 = DIRECTION('',(-0.310727974836,0.950498882511,0.));
#660 = DEFINITIONAL_REPRESENTATION('',(#661),#665);
#661 = LINE('',#662,#663);
#662 = CARTESIAN_POINT('',(-0.570971445275,-0.511320808796));
#663 = VECTOR('',#664,1.);
#664 = DIRECTION('',(-1.,-0.));
#665 = ( GEOMETRIC_REPRESENTATION_CONTEXT(2) 
PARAMETRIC_REPRESENTATION_CONTEXT() REPRESENTATION_CONTEXT('2D SPACE',''
  ) );
#666 = FACE_BOUND('',#667,.T.);
#667 = EDGE_LOOP('',(#668));
#668 = ORIENTED_EDGE('',*,*,#669,.F.);
#669 = EDGE_CURVE('',#670,#670,#672,.T.);
#670 = VERTEX_POINT('',#671);
#671 = CARTESIAN_POINT('',(-0.68884150379,0.4298118255,0.255660404398));
#672 = SURFACE_CURVE('',#673,(#678,#685),.PCURVE_S1.);
#673 = CIRCLE('',#674,0.112125933446);
#674 = AXIS2_PLACEMENT_3D('',#675,#676,#677);
#675 = CARTESIAN_POINT('',(-0.800967437237,0.4298118255,0.255660404398)
  );
#676 = DIRECTION('',(0.,0.,1.));
#677 = DIRECTION('',(1.,0.,-0.));
#678 = PCURVE('',#32,#679);
#679 = DEFINITIONAL_REPRESENTATION('',(#680),#684);
#680 = CIRCLE('',#681,0.112125933446);
#681 = AXIS2_PLACEMENT_2D('',#682,#683);
#682 = CARTESIAN_POINT('',(0.161412867346,1.42981178517));
#683 = DIRECTION('',(1.,0.));
#684 = ( GEOMETRIC_REPRESENTATION_CONTEXT(2) 
PARAMETRIC_REPRESENTATION_CONTEXT() REPRESENTATION_CONTEXT('2D SPACE',''
  ) );
#685 = PCURVE('',#686,#691);
#686 = CYLINDRICAL_SURFACE('',#687,0.112125933446);
#687 = AXIS2_PLACEMENT_3D('',#688,#689,#690);
#688 = CARTESIAN_POINT('',(-0.800967437237,0.4298118255,0.255660404398)
  );
#689 = DIRECTION('',(0.,0.,1.));
#690 = DIRECTION('',(1.,0.,-0.));
#691 = DEFINITIONAL_REPRESENTATION('',(#692),#695);
#692 = B_SPLINE_CURVE_WITH_KNOTS('',1,(#693,#694),.UNSPECIFIED.,.F.,.F.,
  (2,2),(0.,6.28318530718),.PIECEWISE_BEZIER_KNOTS.);
#693 = CARTESIAN_POINT('',(0.,0.));
#694 = CARTESIAN_POINT('',(6.28318530718,0.));
#695 = ( GEOMETRIC_REPRESENTATION_CONTEXT(2) 
PARAMETRIC_REPRESENTATION_CONTEXT() REPRESENTATION_CONTEXT('2D SPACE',''
  ) );
#696 = FACE_BOUND('',#697,.T.);
#697 = EDGE_LOOP('',(#698,#728,#756,#784));
#698 = ORIENTED_EDGE('',*,*,#699,.F.);
#699 = EDGE_CURVE('',#700,#702,#704,.T.);
#700 = VERTEX_POINT('',#701);
#701 = CARTESIAN_POINT('',(-0.934380784823,0.617306740592,0.255660404398
    ));
#702 = VERTEX_POINT('',#703);
#703 = CARTESIAN_POINT('',(-0.934380784823,0.562291920713,0.255660404398
    ));
#704 = SURFACE_CURVE('',#705,(#709,#716),.PCURVE_S1.);
#705 = LINE('',#706,#707);
#706 = CARTESIAN_POINT('',(-0.934380784823,-0.218854019479,
    0.255660404398));
#707 = VECTOR('',#708,1.);
#708 = DIRECTION('',(0.,-1.,0.));
#709 = PCURVE('',#32,#710);
#710 = DEFINITIONAL_REPRESENTATION('',(#711),#715);
#711 = LINE('',#712,#713);
#712 = CARTESIAN_POINT('',(2.799951975926E-02,0.781145940192));
#713 = VECTOR('',#714,1.);
#714 = DIRECTION('',(0.,-1.));
#715 = ( GEOMETRIC_REPRESENTATION_CONTEXT(2) 
PARAMETRIC_REPRESENTATION_CONTEXT() REPRESENTATION_CONTEXT('2D SPACE',''
  ) );
#716 = PCURVE('',#717,#722);
#717 = PLANE('',#718);
#718 = AXIS2_PLACEMENT_3D('',#719,#720,#721);
#719 = CARTESIAN_POINT('',(-0.934380784823,0.562291920713,
    -0.255660404398));
#720 = DIRECTION('',(-1.,0.,0.));
#721 = DIRECTION('',(0.,1.,0.));
#722 = DEFINITIONAL_REPRESENTATION('',(#723),#727);
#723 = LINE('',#724,#725);
#724 = CARTESIAN_POINT('',(-0.781145940192,-0.511320808796));
#725 = VECTOR('',#726,1.);
#726 = DIRECTION('',(-1.,0.));
#727 = ( GEOMETRIC_REPRESENTATION_CONTEXT(2) 
PARAMETRIC_REPRESENTATION_CONTEXT() REPRESENTATION_CONTEXT('2D SPACE',''
  ) );
#728 = ORIENTED_EDGE('',*,*,#729,.F.);
#729 = EDGE_CURVE('',#730,#700,#732,.T.);
#730 = VERTEX_POINT('',#731);
#731 = CARTESIAN_POINT('',(-0.877598929006,0.617306740592,0.255660404398
    ));
#732 = SURFACE_CURVE('',#733,(#737,#744),.PCURVE_S1.);
#733 = LINE('',#734,#735);
#734 = CARTESIAN_POINT('',(-0.948380544702,0.617306740592,0.255660404398
    ));
#735 = VECTOR('',#736,1.);
#736 = DIRECTION('',(-1.,0.,0.));
#737 = PCURVE('',#32,#738);
#738 = DEFINITIONAL_REPRESENTATION('',(#739),#743);
#739 = LINE('',#740,#741);
#740 = CARTESIAN_POINT('',(1.399975987963E-02,1.617306700262));
#741 = VECTOR('',#742,1.);
#742 = DIRECTION('',(-1.,0.));
#743 = ( GEOMETRIC_REPRESENTATION_CONTEXT(2) 
PARAMETRIC_REPRESENTATION_CONTEXT() REPRESENTATION_CONTEXT('2D SPACE',''
  ) );
#744 = PCURVE('',#745,#750);
#745 = PLANE('',#746);
#746 = AXIS2_PLACEMENT_3D('',#747,#748,#749);
#747 = CARTESIAN_POINT('',(-0.934380784823,0.617306740592,
    -0.255660404398));
#748 = DIRECTION('',(0.,1.,0.));
#749 = DIRECTION('',(1.,0.,0.));
#750 = DEFINITIONAL_REPRESENTATION('',(#751),#755);
#751 = LINE('',#752,#753);
#752 = CARTESIAN_POINT('',(-1.399975987963E-02,-0.511320808796));
#753 = VECTOR('',#754,1.);
#754 = DIRECTION('',(-1.,0.));
#755 = ( GEOMETRIC_REPRESENTATION_CONTEXT(2) 
PARAMETRIC_REPRESENTATION_CONTEXT() REPRESENTATION_CONTEXT('2D SPACE',''
  ) );
#756 = ORIENTED_EDGE('',*,*,#757,.F.);
#757 = EDGE_CURVE('',#758,#730,#760,.T.);
#758 = VERTEX_POINT('',#759);
#759 = CARTESIAN_POINT('',(-0.877598929006,0.562291920713,0.255660404398
    ));
#760 = SURFACE_CURVE('',#761,(#765,#772),.PCURVE_S1.);
#761 = LINE('',#762,#763);
#762 = CARTESIAN_POINT('',(-0.877598929006,-0.191346609539,
    0.255660404398));
#763 = VECTOR('',#764,1.);
#764 = DIRECTION('',(-0.,1.,0.));
#765 = PCURVE('',#32,#766);
#766 = DEFINITIONAL_REPRESENTATION('',(#767),#771);
#767 = LINE('',#768,#769);
#768 = CARTESIAN_POINT('',(8.478137557572E-02,0.808653350131));
#769 = VECTOR('',#770,1.);
#770 = DIRECTION('',(0.,1.));
#771 = ( GEOMETRIC_REPRESENTATION_CONTEXT(2) 
PARAMETRIC_REPRESENTATION_CONTEXT() REPRESENTATION_CONTEXT('2D SPACE',''
  ) );
#772 = PCURVE('',#773,#778);
#773 = PLANE('',#774);
#774 = AXIS2_PLACEMENT_3D('',#775,#776,#777);
#775 = CARTESIAN_POINT('',(-0.877598929006,0.617306740592,
    -0.255660404398));
#776 = DIRECTION('',(1.,0.,-0.));
#777 = DIRECTION('',(0.,-1.,0.));
#778 = DEFINITIONAL_REPRESENTATION('',(#779),#783);
#779 = LINE('',#780,#781);
#780 = CARTESIAN_POINT('',(0.808653350131,-0.511320808796));
#781 = VECTOR('',#782,1.);
#782 = DIRECTION('',(-1.,-0.));
#783 = ( GEOMETRIC_REPRESENTATION_CONTEXT(2) 
PARAMETRIC_REPRESENTATION_CONTEXT() REPRESENTATION_CONTEXT('2D SPACE',''
  ) );
#784 = ORIENTED_EDGE('',*,*,#785,.F.);
#785 = EDGE_CURVE('',#702,#758,#786,.T.);
#786 = SURFACE_CURVE('',#787,(#791,#798),.PCURVE_S1.);
#787 = LINE('',#788,#789);
#788 = CARTESIAN_POINT('',(-0.919989616794,0.562291920713,0.255660404398
    ));
#789 = VECTOR('',#790,1.);
#790 = DIRECTION('',(1.,0.,-0.));
#791 = PCURVE('',#32,#792);
#792 = DEFINITIONAL_REPRESENTATION('',(#793),#797);
#793 = LINE('',#794,#795);
#794 = CARTESIAN_POINT('',(4.239068778786E-02,1.562291880383));
#795 = VECTOR('',#796,1.);
#796 = DIRECTION('',(1.,0.));
#797 = ( GEOMETRIC_REPRESENTATION_CONTEXT(2) 
PARAMETRIC_REPRESENTATION_CONTEXT() REPRESENTATION_CONTEXT('2D SPACE',''
  ) );
#798 = PCURVE('',#799,#804);
#799 = PLANE('',#800);
#800 = AXIS2_PLACEMENT_3D('',#801,#802,#803);
#801 = CARTESIAN_POINT('',(-0.877598929006,0.562291920713,
    -0.255660404398));
#802 = DIRECTION('',(0.,-1.,0.));
#803 = DIRECTION('',(-1.,0.,0.));
#804 = DEFINITIONAL_REPRESENTATION('',(#805),#809);
#805 = LINE('',#806,#807);
#806 = CARTESIAN_POINT('',(4.239068778786E-02,-0.511320808796));
#807 = VECTOR('',#808,1.);
#808 = DIRECTION('',(-1.,0.));
#809 = ( GEOMETRIC_REPRESENTATION_CONTEXT(2) 
PARAMETRIC_REPRESENTATION_CONTEXT() REPRESENTATION_CONTEXT('2D SPACE',''
  ) );
#810 = ADVANCED_FACE('',(#811),#44,.F.);
#811 = FACE_BOUND('',#812,.F.);
#812 = EDGE_LOOP('',(#813,#843,#868,#869,#870,#893));
#813 = ORIENTED_EDGE('',*,*,#814,.F.);
#814 = EDGE_CURVE('',#815,#817,#819,.T.);
#815 = VERTEX_POINT('',#816);
#816 = CARTESIAN_POINT('',(-4.389885494874E-02,0.433022821117,
    0.253073589175));
#817 = VERTEX_POINT('',#818);
#818 = CARTESIAN_POINT('',(-4.389885494874E-02,0.433022821117,
    0.133286537398));
#819 = SURFACE_CURVE('',#820,(#824,#831),.PCURVE_S1.);
#820 = LINE('',#821,#822);
#821 = CARTESIAN_POINT('',(-4.389885494874E-02,0.433022821117,
    0.255660404398));
#822 = VECTOR('',#823,1.);
#823 = DIRECTION('',(-0.,-0.,-1.));
#824 = PCURVE('',#44,#825);
#825 = DEFINITIONAL_REPRESENTATION('',(#826),#830);
#826 = LINE('',#827,#828);
#827 = CARTESIAN_POINT('',(6.123677648209E-02,0.));
#828 = VECTOR('',#829,1.);
#829 = DIRECTION('',(0.,-1.));
#830 = ( GEOMETRIC_REPRESENTATION_CONTEXT(2) 
PARAMETRIC_REPRESENTATION_CONTEXT() REPRESENTATION_CONTEXT('2D SPACE',''
  ) );
#831 = PCURVE('',#832,#837);
#832 = PLANE('',#833);
#833 = AXIS2_PLACEMENT_3D('',#834,#835,#836);
#834 = CARTESIAN_POINT('',(-4.389885494874E-02,0.433022821117,
    0.255660404398));
#835 = DIRECTION('',(-0.602507062209,-0.798113550811,0.));
#836 = DIRECTION('',(0.798113550811,-0.602507062209,0.));
#837 = DEFINITIONAL_REPRESENTATION('',(#838),#842);
#838 = LINE('',#839,#840);
#839 = CARTESIAN_POINT('',(0.,0.));
#840 = VECTOR('',#841,1.);
#841 = DIRECTION('',(0.,-1.));
#842 = ( GEOMETRIC_REPRESENTATION_CONTEXT(2) 
PARAMETRIC_REPRESENTATION_CONTEXT() REPRESENTATION_CONTEXT('2D SPACE',''
  ) );
#843 = ORIENTED_EDGE('',*,*,#844,.F.);
#844 = EDGE_CURVE('',#24,#815,#845,.T.);
#845 = SURFACE_CURVE('',#846,(#851,#858),.PCURVE_S1.);
#846 = ELLIPSE('',#847,2.986996930497E-03,2.58681522285E-03);
#847 = AXIS2_PLACEMENT_3D('',#848,#849,#850);
#848 = CARTESIAN_POINT('',(-4.426544802591E-02,0.430058405461,
    0.253073589175));
#849 = DIRECTION('',(-0.992440141212,0.122729646427,0.));
#850 = DIRECTION('',(-0.122729646427,-0.992440141212,0.));
#851 = PCURVE('',#44,#852);
#852 = DEFINITIONAL_REPRESENTATION('',(#853),#857);
#853 = ELLIPSE('',#854,2.986996930497E-03,2.58681522285E-03);
#854 = AXIS2_PLACEMENT_2D('',#855,#856);
#855 = CARTESIAN_POINT('',(6.42237734126E-02,-2.58681522285E-03));
#856 = DIRECTION('',(1.,0.));
#857 = ( GEOMETRIC_REPRESENTATION_CONTEXT(2) 
PARAMETRIC_REPRESENTATION_CONTEXT() REPRESENTATION_CONTEXT('2D SPACE',''
  ) );
#858 = PCURVE('',#228,#859);
#859 = DEFINITIONAL_REPRESENTATION('',(#860),#867);
#860 = B_SPLINE_CURVE_WITH_KNOTS('',5,(#861,#862,#863,#864,#865,#866),
  .UNSPECIFIED.,.F.,.F.,(6,6),(1.570796326795,3.14159265359),
  .PIECEWISE_BEZIER_KNOTS.);
#861 = CARTESIAN_POINT('',(6.28318530718,1.493498465253E-03));
#862 = CARTESIAN_POINT('',(5.969026041821,1.024302084594E-03));
#863 = CARTESIAN_POINT('',(5.654869398237,5.546882918761E-04));
#864 = CARTESIAN_POINT('',(5.340699522294,1.837329563112E-04));
#865 = CARTESIAN_POINT('',(5.026548245744,1.929888641663E-19));
#866 = CARTESIAN_POINT('',(4.712388980385,0.));
#867 = ( GEOMETRIC_REPRESENTATION_CONTEXT(2) 
PARAMETRIC_REPRESENTATION_CONTEXT() REPRESENTATION_CONTEXT('2D SPACE',''
  ) );
#868 = ORIENTED_EDGE('',*,*,#21,.F.);
#869 = ORIENTED_EDGE('',*,*,#56,.F.);
#870 = ORIENTED_EDGE('',*,*,#871,.T.);
#871 = EDGE_CURVE('',#57,#872,#874,.T.);
#872 = VERTEX_POINT('',#873);
#873 = CARTESIAN_POINT('',(-3.63832870228E-02,0.493796656216,
    0.133286537398));
#874 = SURFACE_CURVE('',#875,(#879,#886),.PCURVE_S1.);
#875 = LINE('',#876,#877);
#876 = CARTESIAN_POINT('',(-3.63832870228E-02,0.493796656216,
    0.255660404398));
#877 = VECTOR('',#878,1.);
#878 = DIRECTION('',(-0.,-0.,-1.));
#879 = PCURVE('',#44,#880);
#880 = DEFINITIONAL_REPRESENTATION('',(#881),#885);
#881 = LINE('',#882,#883);
#882 = CARTESIAN_POINT('',(0.,0.));
#883 = VECTOR('',#884,1.);
#884 = DIRECTION('',(0.,-1.));
#885 = ( GEOMETRIC_REPRESENTATION_CONTEXT(2) 
PARAMETRIC_REPRESENTATION_CONTEXT() REPRESENTATION_CONTEXT('2D SPACE',''
  ) );
#886 = PCURVE('',#95,#887);
#887 = DEFINITIONAL_REPRESENTATION('',(#888),#892);
#888 = LINE('',#889,#890);
#889 = CARTESIAN_POINT('',(6.12367764821E-02,0.));
#890 = VECTOR('',#891,1.);
#891 = DIRECTION('',(0.,-1.));
#892 = ( GEOMETRIC_REPRESENTATION_CONTEXT(2) 
PARAMETRIC_REPRESENTATION_CONTEXT() REPRESENTATION_CONTEXT('2D SPACE',''
  ) );
#893 = ORIENTED_EDGE('',*,*,#894,.T.);
#894 = EDGE_CURVE('',#872,#817,#895,.T.);
#895 = SURFACE_CURVE('',#896,(#900,#907),.PCURVE_S1.);
#896 = LINE('',#897,#898);
#897 = CARTESIAN_POINT('',(-3.63832870228E-02,0.493796656216,
    0.133286537398));
#898 = VECTOR('',#899,1.);
#899 = DIRECTION('',(-0.122729646427,-0.992440141212,0.));
#900 = PCURVE('',#44,#901);
#901 = DEFINITIONAL_REPRESENTATION('',(#902),#906);
#902 = LINE('',#903,#904);
#903 = CARTESIAN_POINT('',(-0.,-0.122373867));
#904 = VECTOR('',#905,1.);
#905 = DIRECTION('',(1.,0.));
#906 = ( GEOMETRIC_REPRESENTATION_CONTEXT(2) 
PARAMETRIC_REPRESENTATION_CONTEXT() REPRESENTATION_CONTEXT('2D SPACE',''
  ) );
#907 = PCURVE('',#908,#913);
#908 = PLANE('',#909);
#909 = AXIS2_PLACEMENT_3D('',#910,#911,#912);
#910 = CARTESIAN_POINT('',(1.249061409557E-02,0.456901065919,
    0.133286537398));
#911 = DIRECTION('',(-5.473822126269E-47,-8.678776910261E-32,1.));
#912 = DIRECTION('',(0.,1.,8.678776910261E-32));
#913 = DEFINITIONAL_REPRESENTATION('',(#914),#918);
#914 = LINE('',#915,#916);
#915 = CARTESIAN_POINT('',(3.689559029736E-02,4.887390111838E-02));
#916 = VECTOR('',#917,1.);
#917 = DIRECTION('',(-0.992440141212,0.122729646427));
#918 = ( GEOMETRIC_REPRESENTATION_CONTEXT(2) 
PARAMETRIC_REPRESENTATION_CONTEXT() REPRESENTATION_CONTEXT('2D SPACE',''
  ) );
#919 = ADVANCED_FACE('',(#920),#228,.T.);
#920 = FACE_BOUND('',#921,.T.);
#921 = EDGE_LOOP('',(#922,#923,#954,#974));
#922 = ORIENTED_EDGE('',*,*,#214,.T.);
#923 = ORIENTED_EDGE('',*,*,#924,.T.);
#924 = EDGE_CURVE('',#192,#925,#927,.T.);
#925 = VERTEX_POINT('',#926);
#926 = CARTESIAN_POINT('',(4.975046169611E-03,0.39612723082,
    0.253073589175));
#927 = SURFACE_CURVE('',#928,(#933,#943),.PCURVE_S1.);
#928 = ELLIPSE('',#929,2.986996930497E-03,2.58681522285E-03);
#929 = AXIS2_PLACEMENT_3D('',#930,#931,#932);
#930 = CARTESIAN_POINT('',(2.224490365987E-03,0.394962501909,
    0.253073589175));
#931 = DIRECTION('',(-0.389933079003,0.920843197238,0.));
#932 = DIRECTION('',(0.920843197238,0.389933079003,0.));
#933 = PCURVE('',#228,#934);
#934 = DEFINITIONAL_REPRESENTATION('',(#935),#942);
#935 = B_SPLINE_CURVE_WITH_KNOTS('',5,(#936,#937,#938,#939,#940,#941),
  .UNSPECIFIED.,.F.,.F.,(6,6),(4.712388980385,6.28318530718),
  .PIECEWISE_BEZIER_KNOTS.);
#936 = CARTESIAN_POINT('',(6.28318530718,5.974327801683E-02));
#937 = CARTESIAN_POINT('',(5.969026041821,6.02124743975E-02));
#938 = CARTESIAN_POINT('',(5.654869398237,6.068208819021E-02));
#939 = CARTESIAN_POINT('',(5.340699522294,6.105304352578E-02));
#940 = CARTESIAN_POINT('',(5.026548245744,6.123677648208E-02));
#941 = CARTESIAN_POINT('',(4.712388980385,6.123677648208E-02));
#942 = ( GEOMETRIC_REPRESENTATION_CONTEXT(2) 
PARAMETRIC_REPRESENTATION_CONTEXT() REPRESENTATION_CONTEXT('2D SPACE',''
  ) );
#943 = PCURVE('',#179,#944);
#944 = DEFINITIONAL_REPRESENTATION('',(#945),#953);
#945 = ( BOUNDED_CURVE() B_SPLINE_CURVE(2,(#946,#947,#948,#949,#950,#951
,#952),.UNSPECIFIED.,.T.,.F.) B_SPLINE_CURVE_WITH_KNOTS((1,2,2,2,2,1),(
    -2.094395102393,0.,2.094395102393,4.188790204786,6.28318530718,
8.377580409573),.UNSPECIFIED.) CURVE() GEOMETRIC_REPRESENTATION_ITEM() 
RATIONAL_B_SPLINE_CURVE((1.,0.5,1.,0.5,1.,0.5,1.)) REPRESENTATION_ITEM(
  '') );
#946 = CARTESIAN_POINT('',(-4.703702705111E-15,-2.58681522285E-03));
#947 = CARTESIAN_POINT('',(-4.703702705111E-15,-7.067310618619E-03));
#948 = CARTESIAN_POINT('',(-4.48049539575E-03,-4.827062920735E-03));
#949 = CARTESIAN_POINT('',(-8.960990791495E-03,-2.58681522285E-03));
#950 = CARTESIAN_POINT('',(-4.48049539575E-03,-3.465675249657E-04));
#951 = CARTESIAN_POINT('',(-4.70847319467E-15,1.893680172919E-03));
#952 = CARTESIAN_POINT('',(-4.703702705111E-15,-2.58681522285E-03));
#953 = ( GEOMETRIC_REPRESENTATION_CONTEXT(2) 
PARAMETRIC_REPRESENTATION_CONTEXT() REPRESENTATION_CONTEXT('2D SPACE',''
  ) );
#954 = ORIENTED_EDGE('',*,*,#955,.F.);
#955 = EDGE_CURVE('',#815,#925,#956,.T.);
#956 = SURFACE_CURVE('',#957,(#961,#967),.PCURVE_S1.);
#957 = LINE('',#958,#959);
#958 = CARTESIAN_POINT('',(-4.389885494874E-02,0.433022821117,
    0.253073589175));
#959 = VECTOR('',#960,1.);
#960 = DIRECTION('',(0.798113550811,-0.602507062209,0.));
#961 = PCURVE('',#228,#962);
#962 = DEFINITIONAL_REPRESENTATION('',(#963),#966);
#963 = B_SPLINE_CURVE_WITH_KNOTS('',1,(#964,#965),.UNSPECIFIED.,.F.,.F.,
  (2,2),(0.,6.123677648209E-02),.PIECEWISE_BEZIER_KNOTS.);
#964 = CARTESIAN_POINT('',(4.712388980385,0.));
#965 = CARTESIAN_POINT('',(4.712388980385,6.123677648209E-02));
#966 = ( GEOMETRIC_REPRESENTATION_CONTEXT(2) 
PARAMETRIC_REPRESENTATION_CONTEXT() REPRESENTATION_CONTEXT('2D SPACE',''
  ) );
#967 = PCURVE('',#832,#968);
#968 = DEFINITIONAL_REPRESENTATION('',(#969),#973);
#969 = LINE('',#970,#971);
#970 = CARTESIAN_POINT('',(0.,-2.58681522285E-03));
#971 = VECTOR('',#972,1.);
#972 = DIRECTION('',(1.,0.));
#973 = ( GEOMETRIC_REPRESENTATION_CONTEXT(2) 
PARAMETRIC_REPRESENTATION_CONTEXT() REPRESENTATION_CONTEXT('2D SPACE',''
  ) );
#974 = ORIENTED_EDGE('',*,*,#844,.F.);
#975 = ADVANCED_FACE('',(#976),#95,.F.);
#976 = FACE_BOUND('',#977,.F.);
#977 = EDGE_LOOP('',(#978,#1001,#1022,#1023));
#978 = ORIENTED_EDGE('',*,*,#979,.T.);
#979 = EDGE_CURVE('',#80,#980,#982,.T.);
#980 = VERTEX_POINT('',#981);
#981 = CARTESIAN_POINT('',(2.000618202152E-02,0.517674901018,
    0.133286537398));
#982 = SURFACE_CURVE('',#983,(#987,#994),.PCURVE_S1.);
#983 = LINE('',#984,#985);
#984 = CARTESIAN_POINT('',(2.000618202152E-02,0.517674901018,
    0.255660404398));
#985 = VECTOR('',#986,1.);
#986 = DIRECTION('',(-0.,-0.,-1.));
#987 = PCURVE('',#95,#988);
#988 = DEFINITIONAL_REPRESENTATION('',(#989),#993);
#989 = LINE('',#990,#991);
#990 = CARTESIAN_POINT('',(0.,0.));
#991 = VECTOR('',#992,1.);
#992 = DIRECTION('',(0.,-1.));
#993 = ( GEOMETRIC_REPRESENTATION_CONTEXT(2) 
PARAMETRIC_REPRESENTATION_CONTEXT() REPRESENTATION_CONTEXT('2D SPACE',''
  ) );
#994 = PCURVE('',#123,#995);
#995 = DEFINITIONAL_REPRESENTATION('',(#996),#1000);
#996 = LINE('',#997,#998);
#997 = CARTESIAN_POINT('',(6.123677648209E-02,0.));
#998 = VECTOR('',#999,1.);
#999 = DIRECTION('',(0.,-1.));
#1000 = ( GEOMETRIC_REPRESENTATION_CONTEXT(2) 
PARAMETRIC_REPRESENTATION_CONTEXT() REPRESENTATION_CONTEXT('2D SPACE',''
  ) );
#1001 = ORIENTED_EDGE('',*,*,#1002,.T.);
#1002 = EDGE_CURVE('',#980,#872,#1003,.T.);
#1003 = SURFACE_CURVE('',#1004,(#1008,#1015),.PCURVE_S1.);
#1004 = LINE('',#1005,#1006);
#1005 = CARTESIAN_POINT('',(2.000618202152E-02,0.517674901018,
    0.133286537398));
#1006 = VECTOR('',#1007,1.);
#1007 = DIRECTION('',(-0.920843197238,-0.389933079003,0.));
#1008 = PCURVE('',#95,#1009);
#1009 = DEFINITIONAL_REPRESENTATION('',(#1010),#1014);
#1010 = LINE('',#1011,#1012);
#1011 = CARTESIAN_POINT('',(-0.,-0.122373867));
#1012 = VECTOR('',#1013,1.);
#1013 = DIRECTION('',(1.,0.));
#1014 = ( GEOMETRIC_REPRESENTATION_CONTEXT(2) 
PARAMETRIC_REPRESENTATION_CONTEXT() REPRESENTATION_CONTEXT('2D SPACE',''
  ) );
#1015 = PCURVE('',#908,#1016);
#1016 = DEFINITIONAL_REPRESENTATION('',(#1017),#1021);
#1017 = LINE('',#1018,#1019);
#1018 = CARTESIAN_POINT('',(6.077383509923E-02,-7.515567925941E-03));
#1019 = VECTOR('',#1020,1.);
#1020 = DIRECTION('',(-0.389933079003,0.920843197238));
#1021 = ( GEOMETRIC_REPRESENTATION_CONTEXT(2) 
PARAMETRIC_REPRESENTATION_CONTEXT() REPRESENTATION_CONTEXT('2D SPACE',''
  ) );
#1022 = ORIENTED_EDGE('',*,*,#871,.F.);
#1023 = ORIENTED_EDGE('',*,*,#79,.F.);
#1024 = ADVANCED_FACE('',(#1025),#179,.F.);
#1025 = FACE_BOUND('',#1026,.F.);
#1026 = EDGE_LOOP('',(#1027,#1050,#1073,#1094,#1095,#1096));
#1027 = ORIENTED_EDGE('',*,*,#1028,.T.);
#1028 = EDGE_CURVE('',#925,#1029,#1031,.T.);
#1029 = VERTEX_POINT('',#1030);
#1030 = CARTESIAN_POINT('',(4.975046169611E-03,0.39612723082,
    0.133286537398));
#1031 = SURFACE_CURVE('',#1032,(#1036,#1043),.PCURVE_S1.);
#1032 = LINE('',#1033,#1034);
#1033 = CARTESIAN_POINT('',(4.975046169611E-03,0.39612723082,
    0.255660404398));
#1034 = VECTOR('',#1035,1.);
#1035 = DIRECTION('',(-0.,-0.,-1.));
#1036 = PCURVE('',#179,#1037);
#1037 = DEFINITIONAL_REPRESENTATION('',(#1038),#1042);
#1038 = LINE('',#1039,#1040);
#1039 = CARTESIAN_POINT('',(0.,0.));
#1040 = VECTOR('',#1041,1.);
#1041 = DIRECTION('',(0.,-1.));
#1042 = ( GEOMETRIC_REPRESENTATION_CONTEXT(2) 
PARAMETRIC_REPRESENTATION_CONTEXT() REPRESENTATION_CONTEXT('2D SPACE',''
  ) );
#1043 = PCURVE('',#832,#1044);
#1044 = DEFINITIONAL_REPRESENTATION('',(#1045),#1049);
#1045 = LINE('',#1046,#1047);
#1046 = CARTESIAN_POINT('',(6.123677648209E-02,0.));
#1047 = VECTOR('',#1048,1.);
#1048 = DIRECTION('',(0.,-1.));
#1049 = ( GEOMETRIC_REPRESENTATION_CONTEXT(2) 
PARAMETRIC_REPRESENTATION_CONTEXT() REPRESENTATION_CONTEXT('2D SPACE',''
  ) );
#1050 = ORIENTED_EDGE('',*,*,#1051,.T.);
#1051 = EDGE_CURVE('',#1029,#1052,#1054,.T.);
#1052 = VERTEX_POINT('',#1053);
#1053 = CARTESIAN_POINT('',(6.136451521393E-02,0.420005475621,
    0.133286537398));
#1054 = SURFACE_CURVE('',#1055,(#1059,#1066),.PCURVE_S1.);
#1055 = LINE('',#1056,#1057);
#1056 = CARTESIAN_POINT('',(4.975046169611E-03,0.39612723082,
    0.133286537398));
#1057 = VECTOR('',#1058,1.);
#1058 = DIRECTION('',(0.920843197238,0.389933079003,0.));
#1059 = PCURVE('',#179,#1060);
#1060 = DEFINITIONAL_REPRESENTATION('',(#1061),#1065);
#1061 = LINE('',#1062,#1063);
#1062 = CARTESIAN_POINT('',(0.,-0.122373867));
#1063 = VECTOR('',#1064,1.);
#1064 = DIRECTION('',(1.,0.));
#1065 = ( GEOMETRIC_REPRESENTATION_CONTEXT(2) 
PARAMETRIC_REPRESENTATION_CONTEXT() REPRESENTATION_CONTEXT('2D SPACE',''
  ) );
#1066 = PCURVE('',#908,#1067);
#1067 = DEFINITIONAL_REPRESENTATION('',(#1068),#1072);
#1068 = LINE('',#1069,#1070);
#1069 = CARTESIAN_POINT('',(-6.077383509923E-02,7.515567925963E-03));
#1070 = VECTOR('',#1071,1.);
#1071 = DIRECTION('',(0.389933079003,-0.920843197238));
#1072 = ( GEOMETRIC_REPRESENTATION_CONTEXT(2) 
PARAMETRIC_REPRESENTATION_CONTEXT() REPRESENTATION_CONTEXT('2D SPACE',''
  ) );
#1073 = ORIENTED_EDGE('',*,*,#1074,.F.);
#1074 = EDGE_CURVE('',#136,#1052,#1075,.T.);
#1075 = SURFACE_CURVE('',#1076,(#1080,#1087),.PCURVE_S1.);
#1076 = LINE('',#1077,#1078);
#1077 = CARTESIAN_POINT('',(6.136451521393E-02,0.420005475621,
    0.255660404398));
#1078 = VECTOR('',#1079,1.);
#1079 = DIRECTION('',(-0.,-0.,-1.));
#1080 = PCURVE('',#179,#1081);
#1081 = DEFINITIONAL_REPRESENTATION('',(#1082),#1086);
#1082 = LINE('',#1083,#1084);
#1083 = CARTESIAN_POINT('',(6.12367764821E-02,0.));
#1084 = VECTOR('',#1085,1.);
#1085 = DIRECTION('',(0.,-1.));
#1086 = ( GEOMETRIC_REPRESENTATION_CONTEXT(2) 
PARAMETRIC_REPRESENTATION_CONTEXT() REPRESENTATION_CONTEXT('2D SPACE',''
  ) );
#1087 = PCURVE('',#151,#1088);
#1088 = DEFINITIONAL_REPRESENTATION('',(#1089),#1093);
#1089 = LINE('',#1090,#1091);
#1090 = CARTESIAN_POINT('',(0.,0.));
#1091 = VECTOR('',#1092,1.);
#1092 = DIRECTION('',(0.,-1.));
#1093 = ( GEOMETRIC_REPRESENTATION_CONTEXT(2) 
PARAMETRIC_REPRESENTATION_CONTEXT() REPRESENTATION_CONTEXT('2D SPACE',''
  ) );
#1094 = ORIENTED_EDGE('',*,*,#163,.F.);
#1095 = ORIENTED_EDGE('',*,*,#191,.T.);
#1096 = ORIENTED_EDGE('',*,*,#924,.T.);
#1097 = ADVANCED_FACE('',(#1098),#123,.F.);
#1098 = FACE_BOUND('',#1099,.F.);
#1099 = EDGE_LOOP('',(#1100,#1123,#1144,#1145));
#1100 = ORIENTED_EDGE('',*,*,#1101,.T.);
#1101 = EDGE_CURVE('',#108,#1102,#1104,.T.);
#1102 = VERTEX_POINT('',#1103);
#1103 = CARTESIAN_POINT('',(6.888008313987E-02,0.480779310721,
    0.133286537398));
#1104 = SURFACE_CURVE('',#1105,(#1109,#1116),.PCURVE_S1.);
#1105 = LINE('',#1106,#1107);
#1106 = CARTESIAN_POINT('',(6.888008313987E-02,0.480779310721,
    0.255660404398));
#1107 = VECTOR('',#1108,1.);
#1108 = DIRECTION('',(-0.,-0.,-1.));
#1109 = PCURVE('',#123,#1110);
#1110 = DEFINITIONAL_REPRESENTATION('',(#1111),#1115);
#1111 = LINE('',#1112,#1113);
#1112 = CARTESIAN_POINT('',(0.,0.));
#1113 = VECTOR('',#1114,1.);
#1114 = DIRECTION('',(0.,-1.));
#1115 = ( GEOMETRIC_REPRESENTATION_CONTEXT(2) 
PARAMETRIC_REPRESENTATION_CONTEXT() REPRESENTATION_CONTEXT('2D SPACE',''
  ) );
#1116 = PCURVE('',#151,#1117);
#1117 = DEFINITIONAL_REPRESENTATION('',(#1118),#1122);
#1118 = LINE('',#1119,#1120);
#1119 = CARTESIAN_POINT('',(6.123677648209E-02,0.));
#1120 = VECTOR('',#1121,1.);
#1121 = DIRECTION('',(0.,-1.));
#1122 = ( GEOMETRIC_REPRESENTATION_CONTEXT(2) 
PARAMETRIC_REPRESENTATION_CONTEXT() REPRESENTATION_CONTEXT('2D SPACE',''
  ) );
#1123 = ORIENTED_EDGE('',*,*,#1124,.T.);
#1124 = EDGE_CURVE('',#1102,#980,#1125,.T.);
#1125 = SURFACE_CURVE('',#1126,(#1130,#1137),.PCURVE_S1.);
#1126 = LINE('',#1127,#1128);
#1127 = CARTESIAN_POINT('',(6.888008313987E-02,0.480779310721,
    0.133286537398));
#1128 = VECTOR('',#1129,1.);
#1129 = DIRECTION('',(-0.798113550811,0.602507062209,0.));
#1130 = PCURVE('',#123,#1131);
#1131 = DEFINITIONAL_REPRESENTATION('',(#1132),#1136);
#1132 = LINE('',#1133,#1134);
#1133 = CARTESIAN_POINT('',(0.,-0.122373867));
#1134 = VECTOR('',#1135,1.);
#1135 = DIRECTION('',(1.,0.));
#1136 = ( GEOMETRIC_REPRESENTATION_CONTEXT(2) 
PARAMETRIC_REPRESENTATION_CONTEXT() REPRESENTATION_CONTEXT('2D SPACE',''
  ) );
#1137 = PCURVE('',#908,#1138);
#1138 = DEFINITIONAL_REPRESENTATION('',(#1139),#1143);
#1139 = LINE('',#1140,#1141);
#1140 = CARTESIAN_POINT('',(2.387824480187E-02,-5.63894690443E-02));
#1141 = VECTOR('',#1142,1.);
#1142 = DIRECTION('',(0.602507062209,0.798113550811));
#1143 = ( GEOMETRIC_REPRESENTATION_CONTEXT(2) 
PARAMETRIC_REPRESENTATION_CONTEXT() REPRESENTATION_CONTEXT('2D SPACE',''
  ) );
#1144 = ORIENTED_EDGE('',*,*,#979,.F.);
#1145 = ORIENTED_EDGE('',*,*,#107,.F.);
#1146 = ADVANCED_FACE('',(#1147),#151,.F.);
#1147 = FACE_BOUND('',#1148,.F.);
#1148 = EDGE_LOOP('',(#1149,#1150,#1171,#1172));
#1149 = ORIENTED_EDGE('',*,*,#1074,.T.);
#1150 = ORIENTED_EDGE('',*,*,#1151,.T.);
#1151 = EDGE_CURVE('',#1052,#1102,#1152,.T.);
#1152 = SURFACE_CURVE('',#1153,(#1157,#1164),.PCURVE_S1.);
#1153 = LINE('',#1154,#1155);
#1154 = CARTESIAN_POINT('',(6.136451521393E-02,0.420005475621,
    0.133286537398));
#1155 = VECTOR('',#1156,1.);
#1156 = DIRECTION('',(0.122729646427,0.992440141212,0.));
#1157 = PCURVE('',#151,#1158);
#1158 = DEFINITIONAL_REPRESENTATION('',(#1159),#1163);
#1159 = LINE('',#1160,#1161);
#1160 = CARTESIAN_POINT('',(0.,-0.122373867));
#1161 = VECTOR('',#1162,1.);
#1162 = DIRECTION('',(1.,0.));
#1163 = ( GEOMETRIC_REPRESENTATION_CONTEXT(2) 
PARAMETRIC_REPRESENTATION_CONTEXT() REPRESENTATION_CONTEXT('2D SPACE',''
  ) );
#1164 = PCURVE('',#908,#1165);
#1165 = DEFINITIONAL_REPRESENTATION('',(#1166),#1170);
#1166 = LINE('',#1167,#1168);
#1167 = CARTESIAN_POINT('',(-3.689559029736E-02,-4.887390111836E-02));
#1168 = VECTOR('',#1169,1.);
#1169 = DIRECTION('',(0.992440141212,-0.122729646427));
#1170 = ( GEOMETRIC_REPRESENTATION_CONTEXT(2) 
PARAMETRIC_REPRESENTATION_CONTEXT() REPRESENTATION_CONTEXT('2D SPACE',''
  ) );
#1171 = ORIENTED_EDGE('',*,*,#1101,.F.);
#1172 = ORIENTED_EDGE('',*,*,#135,.F.);
#1173 = ADVANCED_FACE('',(#1174),#259,.T.);
#1174 = FACE_BOUND('',#1175,.T.);
#1175 = EDGE_LOOP('',(#1176,#1206,#1226,#1227));
#1176 = ORIENTED_EDGE('',*,*,#1177,.T.);
#1177 = EDGE_CURVE('',#1178,#1180,#1182,.T.);
#1178 = VERTEX_POINT('',#1179);
#1179 = CARTESIAN_POINT('',(-0.853038927856,-2.060270875339E-02,
    -0.255660404398));
#1180 = VERTEX_POINT('',#1181);
#1181 = CARTESIAN_POINT('',(-0.853038927856,-6.499921810443E-02,
    -0.255660404398));
#1182 = SURFACE_CURVE('',#1183,(#1187,#1194),.PCURVE_S1.);
#1183 = LINE('',#1184,#1185);
#1184 = CARTESIAN_POINT('',(-0.853038927856,-2.060270875339E-02,
    -0.255660404398));
#1185 = VECTOR('',#1186,1.);
#1186 = DIRECTION('',(0.,-1.,0.));
#1187 = PCURVE('',#259,#1188);
#1188 = DEFINITIONAL_REPRESENTATION('',(#1189),#1193);
#1189 = LINE('',#1190,#1191);
#1190 = CARTESIAN_POINT('',(0.266023362159,-3.252916144054E-02));
#1191 = VECTOR('',#1192,1.);
#1192 = DIRECTION('',(0.,1.));
#1193 = ( GEOMETRIC_REPRESENTATION_CONTEXT(2) 
PARAMETRIC_REPRESENTATION_CONTEXT() REPRESENTATION_CONTEXT('2D SPACE',''
  ) );
#1194 = PCURVE('',#1195,#1200);
#1195 = PLANE('',#1196);
#1196 = AXIS2_PLACEMENT_3D('',#1197,#1198,#1199);
#1197 = CARTESIAN_POINT('',(-0.962380304582,-0.999999959671,
    -0.255660404398));
#1198 = DIRECTION('',(0.,0.,1.));
#1199 = DIRECTION('',(1.,0.,-0.));
#1200 = DEFINITIONAL_REPRESENTATION('',(#1201),#1205);
#1201 = LINE('',#1202,#1203);
#1202 = CARTESIAN_POINT('',(0.109341376726,0.979397250917));
#1203 = VECTOR('',#1204,1.);
#1204 = DIRECTION('',(0.,-1.));
#1205 = ( GEOMETRIC_REPRESENTATION_CONTEXT(2) 
PARAMETRIC_REPRESENTATION_CONTEXT() REPRESENTATION_CONTEXT('2D SPACE',''
  ) );
#1206 = ORIENTED_EDGE('',*,*,#1207,.T.);
#1207 = EDGE_CURVE('',#1180,#242,#1208,.T.);
#1208 = SURFACE_CURVE('',#1209,(#1213,#1220),.PCURVE_S1.);
#1209 = LINE('',#1210,#1211);
#1210 = CARTESIAN_POINT('',(-0.853038927856,-6.499921810443E-02,
    -0.255660404398));
#1211 = VECTOR('',#1212,1.);
#1212 = DIRECTION('',(0.,0.,1.));
#1213 = PCURVE('',#259,#1214);
#1214 = DEFINITIONAL_REPRESENTATION('',(#1215),#1219);
#1215 = LINE('',#1216,#1217);
#1216 = CARTESIAN_POINT('',(0.266023362159,1.18673479105E-02));
#1217 = VECTOR('',#1218,1.);
#1218 = DIRECTION('',(-1.,0.));
#1219 = ( GEOMETRIC_REPRESENTATION_CONTEXT(2) 
PARAMETRIC_REPRESENTATION_CONTEXT() REPRESENTATION_CONTEXT('2D SPACE',''
  ) );
#1220 = PCURVE('',#292,#1221);
#1221 = DEFINITIONAL_REPRESENTATION('',(#1222),#1225);
#1222 = B_SPLINE_CURVE_WITH_KNOTS('',1,(#1223,#1224),.UNSPECIFIED.,.F.,
  .F.,(2,2),(0.,0.511320808796),.PIECEWISE_BEZIER_KNOTS.);
#1223 = CARTESIAN_POINT('',(4.712388980385,0.));
#1224 = CARTESIAN_POINT('',(4.712388980385,0.511320808796));
#1225 = ( GEOMETRIC_REPRESENTATION_CONTEXT(2) 
PARAMETRIC_REPRESENTATION_CONTEXT() REPRESENTATION_CONTEXT('2D SPACE',''
  ) );
#1226 = ORIENTED_EDGE('',*,*,#241,.T.);
#1227 = ORIENTED_EDGE('',*,*,#1228,.T.);
#1228 = EDGE_CURVE('',#244,#1178,#1229,.T.);
#1229 = SURFACE_CURVE('',#1230,(#1234,#1241),.PCURVE_S1.);
#1230 = LINE('',#1231,#1232);
#1231 = CARTESIAN_POINT('',(-0.853038927856,3.046990655984E-02,
    0.255660404398));
#1232 = VECTOR('',#1233,1.);
#1233 = DIRECTION('',(0.,-9.938914199911E-02,-0.99504864125));
#1234 = PCURVE('',#259,#1235);
#1235 = DEFINITIONAL_REPRESENTATION('',(#1236),#1240);
#1236 = LINE('',#1237,#1238);
#1237 = CARTESIAN_POINT('',(-0.245297446637,-8.360177675378E-02));
#1238 = VECTOR('',#1239,1.);
#1239 = DIRECTION('',(0.99504864125,9.938914199911E-02));
#1240 = ( GEOMETRIC_REPRESENTATION_CONTEXT(2) 
PARAMETRIC_REPRESENTATION_CONTEXT() REPRESENTATION_CONTEXT('2D SPACE',''
  ) );
#1241 = PCURVE('',#485,#1242);
#1242 = DEFINITIONAL_REPRESENTATION('',(#1243),#1247);
#1243 = LINE('',#1244,#1245);
#1244 = CARTESIAN_POINT('',(0.,-0.109341376726));
#1245 = VECTOR('',#1246,1.);
#1246 = DIRECTION('',(1.,0.));
#1247 = ( GEOMETRIC_REPRESENTATION_CONTEXT(2) 
PARAMETRIC_REPRESENTATION_CONTEXT() REPRESENTATION_CONTEXT('2D SPACE',''
  ) );
#1248 = ADVANCED_FACE('',(#1249),#292,.T.);
#1249 = FACE_BOUND('',#1250,.T.);
#1250 = EDGE_LOOP('',(#1251,#1273,#1274,#1275));
#1251 = ORIENTED_EDGE('',*,*,#1252,.T.);
#1252 = EDGE_CURVE('',#1253,#272,#1255,.T.);
#1253 = VERTEX_POINT('',#1254);
#1254 = CARTESIAN_POINT('',(-0.805568641342,-0.112469504618,
    -0.255660404398));
#1255 = SURFACE_CURVE('',#1256,(#1260,#1266),.PCURVE_S1.);
#1256 = LINE('',#1257,#1258);
#1257 = CARTESIAN_POINT('',(-0.805568641342,-0.112469504618,
    -0.255660404398));
#1258 = VECTOR('',#1259,1.);
#1259 = DIRECTION('',(0.,0.,1.));
#1260 = PCURVE('',#292,#1261);
#1261 = DEFINITIONAL_REPRESENTATION('',(#1262),#1265);
#1262 = B_SPLINE_CURVE_WITH_KNOTS('',1,(#1263,#1264),.UNSPECIFIED.,.F.,
  .F.,(2,2),(0.,0.511320808796),.PIECEWISE_BEZIER_KNOTS.);
#1263 = CARTESIAN_POINT('',(6.28318530718,0.));
#1264 = CARTESIAN_POINT('',(6.28318530718,0.511320808796));
#1265 = ( GEOMETRIC_REPRESENTATION_CONTEXT(2) 
PARAMETRIC_REPRESENTATION_CONTEXT() REPRESENTATION_CONTEXT('2D SPACE',''
  ) );
#1266 = PCURVE('',#319,#1267);
#1267 = DEFINITIONAL_REPRESENTATION('',(#1268),#1272);
#1268 = LINE('',#1269,#1270);
#1269 = CARTESIAN_POINT('',(0.255660404398,-7.609637162525E-02));
#1270 = VECTOR('',#1271,1.);
#1271 = DIRECTION('',(-1.,0.));
#1272 = ( GEOMETRIC_REPRESENTATION_CONTEXT(2) 
PARAMETRIC_REPRESENTATION_CONTEXT() REPRESENTATION_CONTEXT('2D SPACE',''
  ) );
#1273 = ORIENTED_EDGE('',*,*,#271,.T.);
#1274 = ORIENTED_EDGE('',*,*,#1207,.F.);
#1275 = ORIENTED_EDGE('',*,*,#1276,.F.);
#1276 = EDGE_CURVE('',#1253,#1180,#1277,.T.);
#1277 = SURFACE_CURVE('',#1278,(#1283,#1289),.PCURVE_S1.);
#1278 = CIRCLE('',#1279,4.747028651405E-02);
#1279 = AXIS2_PLACEMENT_3D('',#1280,#1281,#1282);
#1280 = CARTESIAN_POINT('',(-0.805568641342,-6.499921810443E-02,
    -0.255660404398));
#1281 = DIRECTION('',(-0.,-0.,-1.));
#1282 = DIRECTION('',(0.,-1.,0.));
#1283 = PCURVE('',#292,#1284);
#1284 = DEFINITIONAL_REPRESENTATION('',(#1285),#1288);
#1285 = B_SPLINE_CURVE_WITH_KNOTS('',1,(#1286,#1287),.UNSPECIFIED.,.F.,
  .F.,(2,2),(0.,1.570796326795),.PIECEWISE_BEZIER_KNOTS.);
#1286 = CARTESIAN_POINT('',(6.28318530718,0.));
#1287 = CARTESIAN_POINT('',(4.712388980385,0.));
#1288 = ( GEOMETRIC_REPRESENTATION_CONTEXT(2) 
PARAMETRIC_REPRESENTATION_CONTEXT() REPRESENTATION_CONTEXT('2D SPACE',''
  ) );
#1289 = PCURVE('',#1195,#1290);
#1290 = DEFINITIONAL_REPRESENTATION('',(#1291),#1299);
#1291 = ( BOUNDED_CURVE() B_SPLINE_CURVE(2,(#1292,#1293,#1294,#1295,
#1296,#1297,#1298),.UNSPECIFIED.,.T.,.F.) B_SPLINE_CURVE_WITH_KNOTS((1,2
    ,2,2,2,1),(-2.094395102393,0.,2.094395102393,4.188790204786,
6.28318530718,8.377580409573),.UNSPECIFIED.) CURVE() 
GEOMETRIC_REPRESENTATION_ITEM() RATIONAL_B_SPLINE_CURVE((1.,0.5,1.,0.5,
1.,0.5,1.)) REPRESENTATION_ITEM('') );
#1292 = CARTESIAN_POINT('',(0.15681166324,0.887530455052));
#1293 = CARTESIAN_POINT('',(7.45907151483E-02,0.887530455052));
#1294 = CARTESIAN_POINT('',(0.115701189194,0.958735884823));
#1295 = CARTESIAN_POINT('',(0.15681166324,1.029941314594));
#1296 = CARTESIAN_POINT('',(0.197922137287,0.958735884823));
#1297 = CARTESIAN_POINT('',(0.239032611333,0.887530455052));
#1298 = CARTESIAN_POINT('',(0.15681166324,0.887530455052));
#1299 = ( GEOMETRIC_REPRESENTATION_CONTEXT(2) 
PARAMETRIC_REPRESENTATION_CONTEXT() REPRESENTATION_CONTEXT('2D SPACE',''
  ) );
#1300 = ADVANCED_FACE('',(#1301),#485,.F.);
#1301 = FACE_BOUND('',#1302,.F.);
#1302 = EDGE_LOOP('',(#1303,#1304,#1305,#1328));
#1303 = ORIENTED_EDGE('',*,*,#471,.T.);
#1304 = ORIENTED_EDGE('',*,*,#1228,.T.);
#1305 = ORIENTED_EDGE('',*,*,#1306,.F.);
#1306 = EDGE_CURVE('',#1307,#1178,#1309,.T.);
#1307 = VERTEX_POINT('',#1308);
#1308 = CARTESIAN_POINT('',(-0.962380304582,-2.060270875339E-02,
    -0.255660404398));
#1309 = SURFACE_CURVE('',#1310,(#1314,#1321),.PCURVE_S1.);
#1310 = LINE('',#1311,#1312);
#1311 = CARTESIAN_POINT('',(-0.962380304582,-2.060270875339E-02,
    -0.255660404398));
#1312 = VECTOR('',#1313,1.);
#1313 = DIRECTION('',(1.,0.,-0.));
#1314 = PCURVE('',#485,#1315);
#1315 = DEFINITIONAL_REPRESENTATION('',(#1316),#1320);
#1316 = LINE('',#1317,#1318);
#1317 = CARTESIAN_POINT('',(0.51386513945,0.));
#1318 = VECTOR('',#1319,1.);
#1319 = DIRECTION('',(0.,-1.));
#1320 = ( GEOMETRIC_REPRESENTATION_CONTEXT(2) 
PARAMETRIC_REPRESENTATION_CONTEXT() REPRESENTATION_CONTEXT('2D SPACE',''
  ) );
#1321 = PCURVE('',#1195,#1322);
#1322 = DEFINITIONAL_REPRESENTATION('',(#1323),#1327);
#1323 = LINE('',#1324,#1325);
#1324 = CARTESIAN_POINT('',(0.,0.979397250917));
#1325 = VECTOR('',#1326,1.);
#1326 = DIRECTION('',(1.,0.));
#1327 = ( GEOMETRIC_REPRESENTATION_CONTEXT(2) 
PARAMETRIC_REPRESENTATION_CONTEXT() REPRESENTATION_CONTEXT('2D SPACE',''
  ) );
#1328 = ORIENTED_EDGE('',*,*,#1329,.F.);
#1329 = EDGE_CURVE('',#444,#1307,#1330,.T.);
#1330 = SURFACE_CURVE('',#1331,(#1335,#1342),.PCURVE_S1.);
#1331 = LINE('',#1332,#1333);
#1332 = CARTESIAN_POINT('',(-0.962380304582,3.046990655984E-02,
    0.255660404398));
#1333 = VECTOR('',#1334,1.);
#1334 = DIRECTION('',(0.,-9.938914199911E-02,-0.99504864125));
#1335 = PCURVE('',#485,#1336);
#1336 = DEFINITIONAL_REPRESENTATION('',(#1337),#1341);
#1337 = LINE('',#1338,#1339);
#1338 = CARTESIAN_POINT('',(0.,0.));
#1339 = VECTOR('',#1340,1.);
#1340 = DIRECTION('',(1.,0.));
#1341 = ( GEOMETRIC_REPRESENTATION_CONTEXT(2) 
PARAMETRIC_REPRESENTATION_CONTEXT() REPRESENTATION_CONTEXT('2D SPACE',''
  ) );
#1342 = PCURVE('',#459,#1343);
#1343 = DEFINITIONAL_REPRESENTATION('',(#1344),#1348);
#1344 = LINE('',#1345,#1346);
#1345 = CARTESIAN_POINT('',(0.511320808796,-1.03046986623));
#1346 = VECTOR('',#1347,1.);
#1347 = DIRECTION('',(-0.99504864125,9.938914199911E-02));
#1348 = ( GEOMETRIC_REPRESENTATION_CONTEXT(2) 
PARAMETRIC_REPRESENTATION_CONTEXT() REPRESENTATION_CONTEXT('2D SPACE',''
  ) );
#1349 = ADVANCED_FACE('',(#1350),#319,.T.);
#1350 = FACE_BOUND('',#1351,.T.);
#1351 = EDGE_LOOP('',(#1352,#1375,#1403,#1424,#1425));
#1352 = ORIENTED_EDGE('',*,*,#1353,.T.);
#1353 = EDGE_CURVE('',#1253,#1354,#1356,.T.);
#1354 = VERTEX_POINT('',#1355);
#1355 = CARTESIAN_POINT('',(-0.636169103491,-0.112469504618,
    -0.255660404398));
#1356 = SURFACE_CURVE('',#1357,(#1361,#1368),.PCURVE_S1.);
#1357 = LINE('',#1358,#1359);
#1358 = CARTESIAN_POINT('',(-0.962380304582,-0.112469504618,
    -0.255660404398));
#1359 = VECTOR('',#1360,1.);
#1360 = DIRECTION('',(1.,0.,0.));
#1361 = PCURVE('',#319,#1362);
#1362 = DEFINITIONAL_REPRESENTATION('',(#1363),#1367);
#1363 = LINE('',#1364,#1365);
#1364 = CARTESIAN_POINT('',(0.255660404398,-0.232908034866));
#1365 = VECTOR('',#1366,1.);
#1366 = DIRECTION('',(0.,1.));
#1367 = ( GEOMETRIC_REPRESENTATION_CONTEXT(2) 
PARAMETRIC_REPRESENTATION_CONTEXT() REPRESENTATION_CONTEXT('2D SPACE',''
  ) );
#1368 = PCURVE('',#1195,#1369);
#1369 = DEFINITIONAL_REPRESENTATION('',(#1370),#1374);
#1370 = LINE('',#1371,#1372);
#1371 = CARTESIAN_POINT('',(0.,0.887530455052));
#1372 = VECTOR('',#1373,1.);
#1373 = DIRECTION('',(1.,0.));
#1374 = ( GEOMETRIC_REPRESENTATION_CONTEXT(2) 
PARAMETRIC_REPRESENTATION_CONTEXT() REPRESENTATION_CONTEXT('2D SPACE',''
  ) );
#1375 = ORIENTED_EDGE('',*,*,#1376,.T.);
#1376 = EDGE_CURVE('',#1354,#1377,#1379,.T.);
#1377 = VERTEX_POINT('',#1378);
#1378 = CARTESIAN_POINT('',(-0.373571950296,-0.112469504618,
    -3.122405431119E-14));
#1379 = SURFACE_CURVE('',#1380,(#1384,#1391),.PCURVE_S1.);
#1380 = LINE('',#1381,#1382);
#1381 = CARTESIAN_POINT('',(-0.636169103491,-0.112469504618,
    -0.255660404398));
#1382 = VECTOR('',#1383,1.);
#1383 = DIRECTION('',(0.716507051164,0.,0.697579848929));
#1384 = PCURVE('',#319,#1385);
#1385 = DEFINITIONAL_REPRESENTATION('',(#1386),#1390);
#1386 = LINE('',#1387,#1388);
#1387 = CARTESIAN_POINT('',(0.255660404398,9.33031662255E-02));
#1388 = VECTOR('',#1389,1.);
#1389 = DIRECTION('',(-0.697579848929,0.716507051164));
#1390 = ( GEOMETRIC_REPRESENTATION_CONTEXT(2) 
PARAMETRIC_REPRESENTATION_CONTEXT() REPRESENTATION_CONTEXT('2D SPACE',''
  ) );
#1391 = PCURVE('',#1392,#1397);
#1392 = PLANE('',#1393);
#1393 = AXIS2_PLACEMENT_3D('',#1394,#1395,#1396);
#1394 = CARTESIAN_POINT('',(-0.636169103491,-0.999999959671,
    -0.255660404398));
#1395 = DIRECTION('',(0.697579848929,0.,-0.716507051164));
#1396 = DIRECTION('',(0.716507051164,0.,0.697579848929));
#1397 = DEFINITIONAL_REPRESENTATION('',(#1398),#1402);
#1398 = LINE('',#1399,#1400);
#1399 = CARTESIAN_POINT('',(0.,-0.887530455052));
#1400 = VECTOR('',#1401,1.);
#1401 = DIRECTION('',(1.,0.));
#1402 = ( GEOMETRIC_REPRESENTATION_CONTEXT(2) 
PARAMETRIC_REPRESENTATION_CONTEXT() REPRESENTATION_CONTEXT('2D SPACE',''
  ) );
#1403 = ORIENTED_EDGE('',*,*,#1404,.T.);
#1404 = EDGE_CURVE('',#1377,#304,#1405,.T.);
#1405 = SURFACE_CURVE('',#1406,(#1410,#1417),.PCURVE_S1.);
#1406 = LINE('',#1407,#1408);
#1407 = CARTESIAN_POINT('',(-0.373571950296,-0.112469504618,
    -3.122405431119E-14));
#1408 = VECTOR('',#1409,1.);
#1409 = DIRECTION('',(-0.716507051164,0.,0.697579848929));
#1410 = PCURVE('',#319,#1411);
#1411 = DEFINITIONAL_REPRESENTATION('',(#1412),#1416);
#1412 = LINE('',#1413,#1414);
#1413 = CARTESIAN_POINT('',(0.,0.35590031942));
#1414 = VECTOR('',#1415,1.);
#1415 = DIRECTION('',(-0.697579848929,-0.716507051164));
#1416 = ( GEOMETRIC_REPRESENTATION_CONTEXT(2) 
PARAMETRIC_REPRESENTATION_CONTEXT() REPRESENTATION_CONTEXT('2D SPACE',''
  ) );
#1417 = PCURVE('',#347,#1418);
#1418 = DEFINITIONAL_REPRESENTATION('',(#1419),#1423);
#1419 = LINE('',#1420,#1421);
#1420 = CARTESIAN_POINT('',(0.,-0.887530455052));
#1421 = VECTOR('',#1422,1.);
#1422 = DIRECTION('',(1.,0.));
#1423 = ( GEOMETRIC_REPRESENTATION_CONTEXT(2) 
PARAMETRIC_REPRESENTATION_CONTEXT() REPRESENTATION_CONTEXT('2D SPACE',''
  ) );
#1424 = ORIENTED_EDGE('',*,*,#303,.T.);
#1425 = ORIENTED_EDGE('',*,*,#1252,.F.);
#1426 = ADVANCED_FACE('',(#1427),#459,.F.);
#1427 = FACE_BOUND('',#1428,.F.);
#1428 = EDGE_LOOP('',(#1429,#1430,#1431,#1454));
#1429 = ORIENTED_EDGE('',*,*,#443,.F.);
#1430 = ORIENTED_EDGE('',*,*,#1329,.T.);
#1431 = ORIENTED_EDGE('',*,*,#1432,.T.);
#1432 = EDGE_CURVE('',#1307,#1433,#1435,.T.);
#1433 = VERTEX_POINT('',#1434);
#1434 = CARTESIAN_POINT('',(-0.962380304582,0.99999995967,
    -0.255660404398));
#1435 = SURFACE_CURVE('',#1436,(#1440,#1447),.PCURVE_S1.);
#1436 = LINE('',#1437,#1438);
#1437 = CARTESIAN_POINT('',(-0.962380304582,-0.999999959671,
    -0.255660404398));
#1438 = VECTOR('',#1439,1.);
#1439 = DIRECTION('',(-0.,1.,0.));
#1440 = PCURVE('',#459,#1441);
#1441 = DEFINITIONAL_REPRESENTATION('',(#1442),#1446);
#1442 = LINE('',#1443,#1444);
#1443 = CARTESIAN_POINT('',(0.,0.));
#1444 = VECTOR('',#1445,1.);
#1445 = DIRECTION('',(0.,-1.));
#1446 = ( GEOMETRIC_REPRESENTATION_CONTEXT(2) 
PARAMETRIC_REPRESENTATION_CONTEXT() REPRESENTATION_CONTEXT('2D SPACE',''
  ) );
#1447 = PCURVE('',#1195,#1448);
#1448 = DEFINITIONAL_REPRESENTATION('',(#1449),#1453);
#1449 = LINE('',#1450,#1451);
#1450 = CARTESIAN_POINT('',(0.,0.));
#1451 = VECTOR('',#1452,1.);
#1452 = DIRECTION('',(0.,1.));
#1453 = ( GEOMETRIC_REPRESENTATION_CONTEXT(2) 
PARAMETRIC_REPRESENTATION_CONTEXT() REPRESENTATION_CONTEXT('2D SPACE',''
  ) );
#1454 = ORIENTED_EDGE('',*,*,#1455,.T.);
#1455 = EDGE_CURVE('',#1433,#416,#1456,.T.);
#1456 = SURFACE_CURVE('',#1457,(#1461,#1468),.PCURVE_S1.);
#1457 = LINE('',#1458,#1459);
#1458 = CARTESIAN_POINT('',(-0.962380304582,0.99999995967,
    -0.255660404398));
#1459 = VECTOR('',#1460,1.);
#1460 = DIRECTION('',(0.,0.,1.));
#1461 = PCURVE('',#459,#1462);
#1462 = DEFINITIONAL_REPRESENTATION('',(#1463),#1467);
#1463 = LINE('',#1464,#1465);
#1464 = CARTESIAN_POINT('',(0.,-1.999999919341));
#1465 = VECTOR('',#1466,1.);
#1466 = DIRECTION('',(1.,0.));
#1467 = ( GEOMETRIC_REPRESENTATION_CONTEXT(2) 
PARAMETRIC_REPRESENTATION_CONTEXT() REPRESENTATION_CONTEXT('2D SPACE',''
  ) );
#1468 = PCURVE('',#431,#1469);
#1469 = DEFINITIONAL_REPRESENTATION('',(#1470),#1474);
#1470 = LINE('',#1471,#1472);
#1471 = CARTESIAN_POINT('',(0.,0.));
#1472 = VECTOR('',#1473,1.);
#1473 = DIRECTION('',(1.,0.));
#1474 = ( GEOMETRIC_REPRESENTATION_CONTEXT(2) 
PARAMETRIC_REPRESENTATION_CONTEXT() REPRESENTATION_CONTEXT('2D SPACE',''
  ) );
#1475 = ADVANCED_FACE('',(#1476),#347,.F.);
#1476 = FACE_BOUND('',#1477,.F.);
#1477 = EDGE_LOOP('',(#1478,#1501,#1502,#1503));
#1478 = ORIENTED_EDGE('',*,*,#1479,.T.);
#1479 = EDGE_CURVE('',#1480,#1377,#1482,.T.);
#1480 = VERTEX_POINT('',#1481);
#1481 = CARTESIAN_POINT('',(-0.373571950296,-0.999999959671,
    -3.122405431119E-14));
#1482 = SURFACE_CURVE('',#1483,(#1487,#1494),.PCURVE_S1.);
#1483 = LINE('',#1484,#1485);
#1484 = CARTESIAN_POINT('',(-0.373571950296,-0.999999959671,
    -3.122405431119E-14));
#1485 = VECTOR('',#1486,1.);
#1486 = DIRECTION('',(-0.,1.,0.));
#1487 = PCURVE('',#347,#1488);
#1488 = DEFINITIONAL_REPRESENTATION('',(#1489),#1493);
#1489 = LINE('',#1490,#1491);
#1490 = CARTESIAN_POINT('',(0.,0.));
#1491 = VECTOR('',#1492,1.);
#1492 = DIRECTION('',(0.,-1.));
#1493 = ( GEOMETRIC_REPRESENTATION_CONTEXT(2) 
PARAMETRIC_REPRESENTATION_CONTEXT() REPRESENTATION_CONTEXT('2D SPACE',''
  ) );
#1494 = PCURVE('',#1392,#1495);
#1495 = DEFINITIONAL_REPRESENTATION('',(#1496),#1500);
#1496 = LINE('',#1497,#1498);
#1497 = CARTESIAN_POINT('',(0.366496258156,0.));
#1498 = VECTOR('',#1499,1.);
#1499 = DIRECTION('',(0.,-1.));
#1500 = ( GEOMETRIC_REPRESENTATION_CONTEXT(2) 
PARAMETRIC_REPRESENTATION_CONTEXT() REPRESENTATION_CONTEXT('2D SPACE',''
  ) );
#1501 = ORIENTED_EDGE('',*,*,#1404,.T.);
#1502 = ORIENTED_EDGE('',*,*,#331,.F.);
#1503 = ORIENTED_EDGE('',*,*,#1504,.F.);
#1504 = EDGE_CURVE('',#1480,#332,#1505,.T.);
#1505 = SURFACE_CURVE('',#1506,(#1510,#1517),.PCURVE_S1.);
#1506 = LINE('',#1507,#1508);
#1507 = CARTESIAN_POINT('',(-0.373571950296,-0.999999959671,
    -3.122405431119E-14));
#1508 = VECTOR('',#1509,1.);
#1509 = DIRECTION('',(-0.716507051164,0.,0.697579848929));
#1510 = PCURVE('',#347,#1511);
#1511 = DEFINITIONAL_REPRESENTATION('',(#1512),#1516);
#1512 = LINE('',#1513,#1514);
#1513 = CARTESIAN_POINT('',(0.,0.));
#1514 = VECTOR('',#1515,1.);
#1515 = DIRECTION('',(1.,0.));
#1516 = ( GEOMETRIC_REPRESENTATION_CONTEXT(2) 
PARAMETRIC_REPRESENTATION_CONTEXT() REPRESENTATION_CONTEXT('2D SPACE',''
  ) );
#1517 = PCURVE('',#375,#1518);
#1518 = DEFINITIONAL_REPRESENTATION('',(#1519),#1523);
#1519 = LINE('',#1520,#1521);
#1520 = CARTESIAN_POINT('',(0.255660404398,0.588808354286));
#1521 = VECTOR('',#1522,1.);
#1522 = DIRECTION('',(0.697579848929,-0.716507051164));
#1523 = ( GEOMETRIC_REPRESENTATION_CONTEXT(2) 
PARAMETRIC_REPRESENTATION_CONTEXT() REPRESENTATION_CONTEXT('2D SPACE',''
  ) );
#1524 = ADVANCED_FACE('',(#1525),#431,.T.);
#1525 = FACE_BOUND('',#1526,.T.);
#1526 = EDGE_LOOP('',(#1527,#1550,#1551,#1552,#1575,#1603));
#1527 = ORIENTED_EDGE('',*,*,#1528,.F.);
#1528 = EDGE_CURVE('',#1433,#1529,#1531,.T.);
#1529 = VERTEX_POINT('',#1530);
#1530 = CARTESIAN_POINT('',(0.730972634867,0.99999995967,-0.255660404398
    ));
#1531 = SURFACE_CURVE('',#1532,(#1536,#1543),.PCURVE_S1.);
#1532 = LINE('',#1533,#1534);
#1533 = CARTESIAN_POINT('',(-0.962380304582,0.99999995967,
    -0.255660404398));
#1534 = VECTOR('',#1535,1.);
#1535 = DIRECTION('',(1.,0.,-0.));
#1536 = PCURVE('',#431,#1537);
#1537 = DEFINITIONAL_REPRESENTATION('',(#1538),#1542);
#1538 = LINE('',#1539,#1540);
#1539 = CARTESIAN_POINT('',(0.,0.));
#1540 = VECTOR('',#1541,1.);
#1541 = DIRECTION('',(0.,1.));
#1542 = ( GEOMETRIC_REPRESENTATION_CONTEXT(2) 
PARAMETRIC_REPRESENTATION_CONTEXT() REPRESENTATION_CONTEXT('2D SPACE',''
  ) );
#1543 = PCURVE('',#1195,#1544);
#1544 = DEFINITIONAL_REPRESENTATION('',(#1545),#1549);
#1545 = LINE('',#1546,#1547);
#1546 = CARTESIAN_POINT('',(0.,1.999999919341));
#1547 = VECTOR('',#1548,1.);
#1548 = DIRECTION('',(1.,0.));
#1549 = ( GEOMETRIC_REPRESENTATION_CONTEXT(2) 
PARAMETRIC_REPRESENTATION_CONTEXT() REPRESENTATION_CONTEXT('2D SPACE',''
  ) );
#1550 = ORIENTED_EDGE('',*,*,#1455,.T.);
#1551 = ORIENTED_EDGE('',*,*,#415,.T.);
#1552 = ORIENTED_EDGE('',*,*,#1553,.F.);
#1553 = EDGE_CURVE('',#1554,#388,#1556,.T.);
#1554 = VERTEX_POINT('',#1555);
#1555 = CARTESIAN_POINT('',(0.962380304582,0.99999995967,
    -9.308138767814E-02));
#1556 = SURFACE_CURVE('',#1557,(#1561,#1568),.PCURVE_S1.);
#1557 = LINE('',#1558,#1559);
#1558 = CARTESIAN_POINT('',(0.962380304582,0.99999995967,-0.255660404398
    ));
#1559 = VECTOR('',#1560,1.);
#1560 = DIRECTION('',(0.,0.,1.));
#1561 = PCURVE('',#431,#1562);
#1562 = DEFINITIONAL_REPRESENTATION('',(#1563),#1567);
#1563 = LINE('',#1564,#1565);
#1564 = CARTESIAN_POINT('',(0.,1.924760609164));
#1565 = VECTOR('',#1566,1.);
#1566 = DIRECTION('',(1.,0.));
#1567 = ( GEOMETRIC_REPRESENTATION_CONTEXT(2) 
PARAMETRIC_REPRESENTATION_CONTEXT() REPRESENTATION_CONTEXT('2D SPACE',''
  ) );
#1568 = PCURVE('',#403,#1569);
#1569 = DEFINITIONAL_REPRESENTATION('',(#1570),#1574);
#1570 = LINE('',#1571,#1572);
#1571 = CARTESIAN_POINT('',(0.,-1.999999919341));
#1572 = VECTOR('',#1573,1.);
#1573 = DIRECTION('',(1.,0.));
#1574 = ( GEOMETRIC_REPRESENTATION_CONTEXT(2) 
PARAMETRIC_REPRESENTATION_CONTEXT() REPRESENTATION_CONTEXT('2D SPACE',''
  ) );
#1575 = ORIENTED_EDGE('',*,*,#1576,.F.);
#1576 = EDGE_CURVE('',#1577,#1554,#1579,.T.);
#1577 = VERTEX_POINT('',#1578);
#1578 = CARTESIAN_POINT('',(0.730972634867,0.99999995967,
    -9.308138767814E-02));
#1579 = SURFACE_CURVE('',#1580,(#1584,#1591),.PCURVE_S1.);
#1580 = LINE('',#1581,#1582);
#1581 = CARTESIAN_POINT('',(0.730972634867,0.99999995967,
    -9.308138767814E-02));
#1582 = VECTOR('',#1583,1.);
#1583 = DIRECTION('',(1.,0.,0.));
#1584 = PCURVE('',#431,#1585);
#1585 = DEFINITIONAL_REPRESENTATION('',(#1586),#1590);
#1586 = LINE('',#1587,#1588);
#1587 = CARTESIAN_POINT('',(0.16257901672,1.693352939449));
#1588 = VECTOR('',#1589,1.);
#1589 = DIRECTION('',(0.,1.));
#1590 = ( GEOMETRIC_REPRESENTATION_CONTEXT(2) 
PARAMETRIC_REPRESENTATION_CONTEXT() REPRESENTATION_CONTEXT('2D SPACE',''
  ) );
#1591 = PCURVE('',#1592,#1597);
#1592 = PLANE('',#1593);
#1593 = AXIS2_PLACEMENT_3D('',#1594,#1595,#1596);
#1594 = CARTESIAN_POINT('',(0.866901930042,0.904521585131,
    -9.308138767814E-02));
#1595 = DIRECTION('',(-0.,-0.,-1.));
#1596 = DIRECTION('',(-1.,0.,0.));
#1597 = DEFINITIONAL_REPRESENTATION('',(#1598),#1602);
#1598 = LINE('',#1599,#1600);
#1599 = CARTESIAN_POINT('',(0.135929295176,9.54783745397E-02));
#1600 = VECTOR('',#1601,1.);
#1601 = DIRECTION('',(-1.,0.));
#1602 = ( GEOMETRIC_REPRESENTATION_CONTEXT(2) 
PARAMETRIC_REPRESENTATION_CONTEXT() REPRESENTATION_CONTEXT('2D SPACE',''
  ) );
#1603 = ORIENTED_EDGE('',*,*,#1604,.F.);
#1604 = EDGE_CURVE('',#1529,#1577,#1605,.T.);
#1605 = SURFACE_CURVE('',#1606,(#1610,#1617),.PCURVE_S1.);
#1606 = LINE('',#1607,#1608);
#1607 = CARTESIAN_POINT('',(0.730972634867,0.99999995967,-0.255660404398
    ));
#1608 = VECTOR('',#1609,1.);
#1609 = DIRECTION('',(0.,0.,1.));
#1610 = PCURVE('',#431,#1611);
#1611 = DEFINITIONAL_REPRESENTATION('',(#1612),#1616);
#1612 = LINE('',#1613,#1614);
#1613 = CARTESIAN_POINT('',(0.,1.693352939449));
#1614 = VECTOR('',#1615,1.);
#1615 = DIRECTION('',(1.,0.));
#1616 = ( GEOMETRIC_REPRESENTATION_CONTEXT(2) 
PARAMETRIC_REPRESENTATION_CONTEXT() REPRESENTATION_CONTEXT('2D SPACE',''
  ) );
#1617 = PCURVE('',#1618,#1623);
#1618 = CYLINDRICAL_SURFACE('',#1619,0.231407669715);
#1619 = AXIS2_PLACEMENT_3D('',#1620,#1621,#1622);
#1620 = CARTESIAN_POINT('',(0.962380304582,0.99999995967,-0.255660404398
    ));
#1621 = DIRECTION('',(-0.,0.,-1.));
#1622 = DIRECTION('',(-1.,0.,0.));
#1623 = DEFINITIONAL_REPRESENTATION('',(#1624),#1627);
#1624 = B_SPLINE_CURVE_WITH_KNOTS('',1,(#1625,#1626),.UNSPECIFIED.,.F.,
  .F.,(2,2),(0.,0.16257901672),.PIECEWISE_BEZIER_KNOTS.);
#1625 = CARTESIAN_POINT('',(6.28318530718,0.));
#1626 = CARTESIAN_POINT('',(6.28318530718,-0.16257901672));
#1627 = ( GEOMETRIC_REPRESENTATION_CONTEXT(2) 
PARAMETRIC_REPRESENTATION_CONTEXT() REPRESENTATION_CONTEXT('2D SPACE',''
  ) );
#1628 = ADVANCED_FACE('',(#1629),#375,.F.);
#1629 = FACE_BOUND('',#1630,.F.);
#1630 = EDGE_LOOP('',(#1631,#1656,#1677,#1678,#1679,#1702,#1730));
#1631 = ORIENTED_EDGE('',*,*,#1632,.F.);
#1632 = EDGE_CURVE('',#1633,#1635,#1637,.T.);
#1633 = VERTEX_POINT('',#1634);
#1634 = CARTESIAN_POINT('',(-0.636169103491,-0.999999959671,
    -0.255660404398));
#1635 = VERTEX_POINT('',#1636);
#1636 = CARTESIAN_POINT('',(-0.310762603761,-0.999999959671,
    -0.255660404398));
#1637 = SURFACE_CURVE('',#1638,(#1642,#1649),.PCURVE_S1.);
#1638 = LINE('',#1639,#1640);
#1639 = CARTESIAN_POINT('',(-0.962380304582,-0.999999959671,
    -0.255660404398));
#1640 = VECTOR('',#1641,1.);
#1641 = DIRECTION('',(1.,0.,-0.));
#1642 = PCURVE('',#375,#1643);
#1643 = DEFINITIONAL_REPRESENTATION('',(#1644),#1648);
#1644 = LINE('',#1645,#1646);
#1645 = CARTESIAN_POINT('',(0.,0.));
#1646 = VECTOR('',#1647,1.);
#1647 = DIRECTION('',(0.,1.));
#1648 = ( GEOMETRIC_REPRESENTATION_CONTEXT(2) 
PARAMETRIC_REPRESENTATION_CONTEXT() REPRESENTATION_CONTEXT('2D SPACE',''
  ) );
#1649 = PCURVE('',#1195,#1650);
#1650 = DEFINITIONAL_REPRESENTATION('',(#1651),#1655);
#1651 = LINE('',#1652,#1653);
#1652 = CARTESIAN_POINT('',(0.,0.));
#1653 = VECTOR('',#1654,1.);
#1654 = DIRECTION('',(1.,0.));
#1655 = ( GEOMETRIC_REPRESENTATION_CONTEXT(2) 
PARAMETRIC_REPRESENTATION_CONTEXT() REPRESENTATION_CONTEXT('2D SPACE',''
  ) );
#1656 = ORIENTED_EDGE('',*,*,#1657,.T.);
#1657 = EDGE_CURVE('',#1633,#1480,#1658,.T.);
#1658 = SURFACE_CURVE('',#1659,(#1663,#1670),.PCURVE_S1.);
#1659 = LINE('',#1660,#1661);
#1660 = CARTESIAN_POINT('',(-0.636169103491,-0.999999959671,
    -0.255660404398));
#1661 = VECTOR('',#1662,1.);
#1662 = DIRECTION('',(0.716507051164,0.,0.697579848929));
#1663 = PCURVE('',#375,#1664);
#1664 = DEFINITIONAL_REPRESENTATION('',(#1665),#1669);
#1665 = LINE('',#1666,#1667);
#1666 = CARTESIAN_POINT('',(0.,0.326211201091));
#1667 = VECTOR('',#1668,1.);
#1668 = DIRECTION('',(0.697579848929,0.716507051164));
#1669 = ( GEOMETRIC_REPRESENTATION_CONTEXT(2) 
PARAMETRIC_REPRESENTATION_CONTEXT() REPRESENTATION_CONTEXT('2D SPACE',''
  ) );
#1670 = PCURVE('',#1392,#1671);
#1671 = DEFINITIONAL_REPRESENTATION('',(#1672),#1676);
#1672 = LINE('',#1673,#1674);
#1673 = CARTESIAN_POINT('',(0.,0.));
#1674 = VECTOR('',#1675,1.);
#1675 = DIRECTION('',(1.,0.));
#1676 = ( GEOMETRIC_REPRESENTATION_CONTEXT(2) 
PARAMETRIC_REPRESENTATION_CONTEXT() REPRESENTATION_CONTEXT('2D SPACE',''
  ) );
#1677 = ORIENTED_EDGE('',*,*,#1504,.T.);
#1678 = ORIENTED_EDGE('',*,*,#359,.T.);
#1679 = ORIENTED_EDGE('',*,*,#1680,.F.);
#1680 = EDGE_CURVE('',#1681,#360,#1683,.T.);
#1681 = VERTEX_POINT('',#1682);
#1682 = CARTESIAN_POINT('',(0.962380304582,-0.999999959671,
    0.209149976247));
#1683 = SURFACE_CURVE('',#1684,(#1688,#1695),.PCURVE_S1.);
#1684 = LINE('',#1685,#1686);
#1685 = CARTESIAN_POINT('',(0.962380304582,-0.999999959671,
    -0.255660404398));
#1686 = VECTOR('',#1687,1.);
#1687 = DIRECTION('',(0.,0.,1.));
#1688 = PCURVE('',#375,#1689);
#1689 = DEFINITIONAL_REPRESENTATION('',(#1690),#1694);
#1690 = LINE('',#1691,#1692);
#1691 = CARTESIAN_POINT('',(0.,1.924760609164));
#1692 = VECTOR('',#1693,1.);
#1693 = DIRECTION('',(1.,0.));
#1694 = ( GEOMETRIC_REPRESENTATION_CONTEXT(2) 
PARAMETRIC_REPRESENTATION_CONTEXT() REPRESENTATION_CONTEXT('2D SPACE',''
  ) );
#1695 = PCURVE('',#403,#1696);
#1696 = DEFINITIONAL_REPRESENTATION('',(#1697),#1701);
#1697 = LINE('',#1698,#1699);
#1698 = CARTESIAN_POINT('',(0.,0.));
#1699 = VECTOR('',#1700,1.);
#1700 = DIRECTION('',(1.,0.));
#1701 = ( GEOMETRIC_REPRESENTATION_CONTEXT(2) 
PARAMETRIC_REPRESENTATION_CONTEXT() REPRESENTATION_CONTEXT('2D SPACE',''
  ) );
#1702 = ORIENTED_EDGE('',*,*,#1703,.T.);
#1703 = EDGE_CURVE('',#1681,#1704,#1706,.T.);
#1704 = VERTEX_POINT('',#1705);
#1705 = CARTESIAN_POINT('',(-0.310762603761,-0.999999959671,
    -0.157476622273));
#1706 = SURFACE_CURVE('',#1707,(#1711,#1718),.PCURVE_S1.);
#1707 = LINE('',#1708,#1709);
#1708 = CARTESIAN_POINT('',(0.962380304582,-0.999999959671,
    0.209149976247));
#1709 = VECTOR('',#1710,1.);
#1710 = DIRECTION('',(-0.960949351708,0.,-0.276724309469));
#1711 = PCURVE('',#375,#1712);
#1712 = DEFINITIONAL_REPRESENTATION('',(#1713),#1717);
#1713 = LINE('',#1714,#1715);
#1714 = CARTESIAN_POINT('',(0.464810380645,1.924760609164));
#1715 = VECTOR('',#1716,1.);
#1716 = DIRECTION('',(-0.276724309469,-0.960949351708));
#1717 = ( GEOMETRIC_REPRESENTATION_CONTEXT(2) 
PARAMETRIC_REPRESENTATION_CONTEXT() REPRESENTATION_CONTEXT('2D SPACE',''
  ) );
#1718 = PCURVE('',#1719,#1724);
#1719 = PLANE('',#1720);
#1720 = AXIS2_PLACEMENT_3D('',#1721,#1722,#1723);
#1721 = CARTESIAN_POINT('',(0.962380304582,-0.999999959671,
    0.209149976247));
#1722 = DIRECTION('',(-0.276724309469,-0.,0.960949351708));
#1723 = DIRECTION('',(-0.960949351708,0.,-0.276724309469));
#1724 = DEFINITIONAL_REPRESENTATION('',(#1725),#1729);
#1725 = LINE('',#1726,#1727);
#1726 = CARTESIAN_POINT('',(0.,0.));
#1727 = VECTOR('',#1728,1.);
#1728 = DIRECTION('',(1.,0.));
#1729 = ( GEOMETRIC_REPRESENTATION_CONTEXT(2) 
PARAMETRIC_REPRESENTATION_CONTEXT() REPRESENTATION_CONTEXT('2D SPACE',''
  ) );
#1730 = ORIENTED_EDGE('',*,*,#1731,.T.);
#1731 = EDGE_CURVE('',#1704,#1635,#1732,.T.);
#1732 = SURFACE_CURVE('',#1733,(#1737,#1744),.PCURVE_S1.);
#1733 = LINE('',#1734,#1735);
#1734 = CARTESIAN_POINT('',(-0.310762603761,-0.999999959671,
    -0.157476622273));
#1735 = VECTOR('',#1736,1.);
#1736 = DIRECTION('',(0.,0.,-1.));
#1737 = PCURVE('',#375,#1738);
#1738 = DEFINITIONAL_REPRESENTATION('',(#1739),#1743);
#1739 = LINE('',#1740,#1741);
#1740 = CARTESIAN_POINT('',(9.818378212469E-02,0.651617700821));
#1741 = VECTOR('',#1742,1.);
#1742 = DIRECTION('',(-1.,0.));
#1743 = ( GEOMETRIC_REPRESENTATION_CONTEXT(2) 
PARAMETRIC_REPRESENTATION_CONTEXT() REPRESENTATION_CONTEXT('2D SPACE',''
  ) );
#1744 = PCURVE('',#1745,#1750);
#1745 = PLANE('',#1746);
#1746 = AXIS2_PLACEMENT_3D('',#1747,#1748,#1749);
#1747 = CARTESIAN_POINT('',(-0.310762603761,-0.999999959671,
    -0.157476622273));
#1748 = DIRECTION('',(-1.,0.,-0.));
#1749 = DIRECTION('',(0.,0.,-1.));
#1750 = DEFINITIONAL_REPRESENTATION('',(#1751),#1755);
#1751 = LINE('',#1752,#1753);
#1752 = CARTESIAN_POINT('',(0.,0.));
#1753 = VECTOR('',#1754,1.);
#1754 = DIRECTION('',(1.,0.));
#1755 = ( GEOMETRIC_REPRESENTATION_CONTEXT(2) 
PARAMETRIC_REPRESENTATION_CONTEXT() REPRESENTATION_CONTEXT('2D SPACE',''
  ) );
#1756 = ADVANCED_FACE('',(#1757),#403,.T.);
#1757 = FACE_BOUND('',#1758,.T.);
#1758 = EDGE_LOOP('',(#1759,#1789,#1812,#1834,#1855,#1856,#1857,#1858,
    #1881,#1909,#1937));
#1759 = ORIENTED_EDGE('',*,*,#1760,.F.);
#1760 = EDGE_CURVE('',#1761,#1763,#1765,.T.);
#1761 = VERTEX_POINT('',#1762);
#1762 = CARTESIAN_POINT('',(0.962380304582,-0.5575511522,-0.255660404398
    ));
#1763 = VERTEX_POINT('',#1764);
#1764 = CARTESIAN_POINT('',(0.962380304582,-0.5575511522,
    9.799372169576E-02));
#1765 = SURFACE_CURVE('',#1766,(#1770,#1777),.PCURVE_S1.);
#1766 = LINE('',#1767,#1768);
#1767 = CARTESIAN_POINT('',(0.962380304582,-0.5575511522,-0.255660404398
    ));
#1768 = VECTOR('',#1769,1.);
#1769 = DIRECTION('',(0.,0.,1.));
#1770 = PCURVE('',#403,#1771);
#1771 = DEFINITIONAL_REPRESENTATION('',(#1772),#1776);
#1772 = LINE('',#1773,#1774);
#1773 = CARTESIAN_POINT('',(0.,-0.44244880747));
#1774 = VECTOR('',#1775,1.);
#1775 = DIRECTION('',(1.,0.));
#1776 = ( GEOMETRIC_REPRESENTATION_CONTEXT(2) 
PARAMETRIC_REPRESENTATION_CONTEXT() REPRESENTATION_CONTEXT('2D SPACE',''
  ) );
#1777 = PCURVE('',#1778,#1783);
#1778 = PLANE('',#1779);
#1779 = AXIS2_PLACEMENT_3D('',#1780,#1781,#1782);
#1780 = CARTESIAN_POINT('',(0.404531140948,-0.5575511522,-0.151069395675
    ));
#1781 = DIRECTION('',(-0.,-1.,-0.));
#1782 = DIRECTION('',(0.,0.,-1.));
#1783 = DEFINITIONAL_REPRESENTATION('',(#1784),#1788);
#1784 = LINE('',#1785,#1786);
#1785 = CARTESIAN_POINT('',(0.104591008723,0.557849163634));
#1786 = VECTOR('',#1787,1.);
#1787 = DIRECTION('',(-1.,0.));
#1788 = ( GEOMETRIC_REPRESENTATION_CONTEXT(2) 
PARAMETRIC_REPRESENTATION_CONTEXT() REPRESENTATION_CONTEXT('2D SPACE',''
  ) );
#1789 = ORIENTED_EDGE('',*,*,#1790,.T.);
#1790 = EDGE_CURVE('',#1761,#1791,#1793,.T.);
#1791 = VERTEX_POINT('',#1792);
#1792 = CARTESIAN_POINT('',(0.962380304582,0.768592289955,
    -0.255660404398));
#1793 = SURFACE_CURVE('',#1794,(#1798,#1805),.PCURVE_S1.);
#1794 = LINE('',#1795,#1796);
#1795 = CARTESIAN_POINT('',(0.962380304582,-0.999999959671,
    -0.255660404398));
#1796 = VECTOR('',#1797,1.);
#1797 = DIRECTION('',(-0.,1.,0.));
#1798 = PCURVE('',#403,#1799);
#1799 = DEFINITIONAL_REPRESENTATION('',(#1800),#1804);
#1800 = LINE('',#1801,#1802);
#1801 = CARTESIAN_POINT('',(0.,0.));
#1802 = VECTOR('',#1803,1.);
#1803 = DIRECTION('',(0.,-1.));
#1804 = ( GEOMETRIC_REPRESENTATION_CONTEXT(2) 
PARAMETRIC_REPRESENTATION_CONTEXT() REPRESENTATION_CONTEXT('2D SPACE',''
  ) );
#1805 = PCURVE('',#1195,#1806);
#1806 = DEFINITIONAL_REPRESENTATION('',(#1807),#1811);
#1807 = LINE('',#1808,#1809);
#1808 = CARTESIAN_POINT('',(1.924760609164,0.));
#1809 = VECTOR('',#1810,1.);
#1810 = DIRECTION('',(0.,1.));
#1811 = ( GEOMETRIC_REPRESENTATION_CONTEXT(2) 
PARAMETRIC_REPRESENTATION_CONTEXT() REPRESENTATION_CONTEXT('2D SPACE',''
  ) );
#1812 = ORIENTED_EDGE('',*,*,#1813,.T.);
#1813 = EDGE_CURVE('',#1791,#1814,#1816,.T.);
#1814 = VERTEX_POINT('',#1815);
#1815 = CARTESIAN_POINT('',(0.962380304582,0.768592289955,
    -9.308138767814E-02));
#1816 = SURFACE_CURVE('',#1817,(#1821,#1828),.PCURVE_S1.);
#1817 = LINE('',#1818,#1819);
#1818 = CARTESIAN_POINT('',(0.962380304582,0.768592289955,
    -0.255660404398));
#1819 = VECTOR('',#1820,1.);
#1820 = DIRECTION('',(0.,0.,1.));
#1821 = PCURVE('',#403,#1822);
#1822 = DEFINITIONAL_REPRESENTATION('',(#1823),#1827);
#1823 = LINE('',#1824,#1825);
#1824 = CARTESIAN_POINT('',(0.,-1.768592249625));
#1825 = VECTOR('',#1826,1.);
#1826 = DIRECTION('',(1.,0.));
#1827 = ( GEOMETRIC_REPRESENTATION_CONTEXT(2) 
PARAMETRIC_REPRESENTATION_CONTEXT() REPRESENTATION_CONTEXT('2D SPACE',''
  ) );
#1828 = PCURVE('',#1618,#1829);
#1829 = DEFINITIONAL_REPRESENTATION('',(#1830),#1833);
#1830 = B_SPLINE_CURVE_WITH_KNOTS('',1,(#1831,#1832),.UNSPECIFIED.,.F.,
  .F.,(2,2),(0.,0.16257901672),.PIECEWISE_BEZIER_KNOTS.);
#1831 = CARTESIAN_POINT('',(4.712388980385,0.));
#1832 = CARTESIAN_POINT('',(4.712388980385,-0.16257901672));
#1833 = ( GEOMETRIC_REPRESENTATION_CONTEXT(2) 
PARAMETRIC_REPRESENTATION_CONTEXT() REPRESENTATION_CONTEXT('2D SPACE',''
  ) );
#1834 = ORIENTED_EDGE('',*,*,#1835,.F.);
#1835 = EDGE_CURVE('',#1554,#1814,#1836,.T.);
#1836 = SURFACE_CURVE('',#1837,(#1841,#1848),.PCURVE_S1.);
#1837 = LINE('',#1838,#1839);
#1838 = CARTESIAN_POINT('',(0.962380304582,0.99999995967,
    -9.308138767814E-02));
#1839 = VECTOR('',#1840,1.);
#1840 = DIRECTION('',(0.,-1.,0.));
#1841 = PCURVE('',#403,#1842);
#1842 = DEFINITIONAL_REPRESENTATION('',(#1843),#1847);
#1843 = LINE('',#1844,#1845);
#1844 = CARTESIAN_POINT('',(0.16257901672,-1.999999919341));
#1845 = VECTOR('',#1846,1.);
#1846 = DIRECTION('',(0.,1.));
#1847 = ( GEOMETRIC_REPRESENTATION_CONTEXT(2) 
PARAMETRIC_REPRESENTATION_CONTEXT() REPRESENTATION_CONTEXT('2D SPACE',''
  ) );
#1848 = PCURVE('',#1592,#1849);
#1849 = DEFINITIONAL_REPRESENTATION('',(#1850),#1854);
#1850 = LINE('',#1851,#1852);
#1851 = CARTESIAN_POINT('',(-9.547837453968E-02,9.54783745397E-02));
#1852 = VECTOR('',#1853,1.);
#1853 = DIRECTION('',(0.,-1.));
#1854 = ( GEOMETRIC_REPRESENTATION_CONTEXT(2) 
PARAMETRIC_REPRESENTATION_CONTEXT() REPRESENTATION_CONTEXT('2D SPACE',''
  ) );
#1855 = ORIENTED_EDGE('',*,*,#1553,.T.);
#1856 = ORIENTED_EDGE('',*,*,#387,.F.);
#1857 = ORIENTED_EDGE('',*,*,#1680,.F.);
#1858 = ORIENTED_EDGE('',*,*,#1859,.T.);
#1859 = EDGE_CURVE('',#1681,#1860,#1862,.T.);
#1860 = VERTEX_POINT('',#1861);
#1861 = CARTESIAN_POINT('',(0.962380304582,-0.692958195045,
    0.209149976247));
#1862 = SURFACE_CURVE('',#1863,(#1867,#1874),.PCURVE_S1.);
#1863 = LINE('',#1864,#1865);
#1864 = CARTESIAN_POINT('',(0.962380304582,-0.999999959671,
    0.209149976247));
#1865 = VECTOR('',#1866,1.);
#1866 = DIRECTION('',(-0.,1.,0.));
#1867 = PCURVE('',#403,#1868);
#1868 = DEFINITIONAL_REPRESENTATION('',(#1869),#1873);
#1869 = LINE('',#1870,#1871);
#1870 = CARTESIAN_POINT('',(0.464810380645,0.));
#1871 = VECTOR('',#1872,1.);
#1872 = DIRECTION('',(0.,-1.));
#1873 = ( GEOMETRIC_REPRESENTATION_CONTEXT(2) 
PARAMETRIC_REPRESENTATION_CONTEXT() REPRESENTATION_CONTEXT('2D SPACE',''
  ) );
#1874 = PCURVE('',#1719,#1875);
#1875 = DEFINITIONAL_REPRESENTATION('',(#1876),#1880);
#1876 = LINE('',#1877,#1878);
#1877 = CARTESIAN_POINT('',(0.,0.));
#1878 = VECTOR('',#1879,1.);
#1879 = DIRECTION('',(0.,-1.));
#1880 = ( GEOMETRIC_REPRESENTATION_CONTEXT(2) 
PARAMETRIC_REPRESENTATION_CONTEXT() REPRESENTATION_CONTEXT('2D SPACE',''
  ) );
#1881 = ORIENTED_EDGE('',*,*,#1882,.F.);
#1882 = EDGE_CURVE('',#1883,#1860,#1885,.T.);
#1883 = VERTEX_POINT('',#1884);
#1884 = CARTESIAN_POINT('',(0.962380304582,-0.692958195045,
    0.110966194122));
#1885 = SURFACE_CURVE('',#1886,(#1890,#1897),.PCURVE_S1.);
#1886 = LINE('',#1887,#1888);
#1887 = CARTESIAN_POINT('',(0.962380304582,-0.692958195045,
    0.110966194122));
#1888 = VECTOR('',#1889,1.);
#1889 = DIRECTION('',(0.,0.,1.));
#1890 = PCURVE('',#403,#1891);
#1891 = DEFINITIONAL_REPRESENTATION('',(#1892),#1896);
#1892 = LINE('',#1893,#1894);
#1893 = CARTESIAN_POINT('',(0.36662659852,-0.307041764625));
#1894 = VECTOR('',#1895,1.);
#1895 = DIRECTION('',(1.,0.));
#1896 = ( GEOMETRIC_REPRESENTATION_CONTEXT(2) 
PARAMETRIC_REPRESENTATION_CONTEXT() REPRESENTATION_CONTEXT('2D SPACE',''
  ) );
#1897 = PCURVE('',#1898,#1903);
#1898 = PLANE('',#1899);
#1899 = AXIS2_PLACEMENT_3D('',#1900,#1901,#1902);
#1900 = CARTESIAN_POINT('',(0.325808850411,-0.692958195045,
    -2.325521407536E-02));
#1901 = DIRECTION('',(-0.,-1.,-0.));
#1902 = DIRECTION('',(0.,0.,-1.));
#1903 = DEFINITIONAL_REPRESENTATION('',(#1904),#1908);
#1904 = LINE('',#1905,#1906);
#1905 = CARTESIAN_POINT('',(-0.134221408198,0.636571454171));
#1906 = VECTOR('',#1907,1.);
#1907 = DIRECTION('',(-1.,0.));
#1908 = ( GEOMETRIC_REPRESENTATION_CONTEXT(2) 
PARAMETRIC_REPRESENTATION_CONTEXT() REPRESENTATION_CONTEXT('2D SPACE',''
  ) );
#1909 = ORIENTED_EDGE('',*,*,#1910,.T.);
#1910 = EDGE_CURVE('',#1883,#1911,#1913,.T.);
#1911 = VERTEX_POINT('',#1912);
#1912 = CARTESIAN_POINT('',(0.962380304582,-0.570017041169,
    0.110966194122));
#1913 = SURFACE_CURVE('',#1914,(#1918,#1925),.PCURVE_S1.);
#1914 = LINE('',#1915,#1916);
#1915 = CARTESIAN_POINT('',(0.962380304582,-0.999999959671,
    0.110966194122));
#1916 = VECTOR('',#1917,1.);
#1917 = DIRECTION('',(-0.,1.,0.));
#1918 = PCURVE('',#403,#1919);
#1919 = DEFINITIONAL_REPRESENTATION('',(#1920),#1924);
#1920 = LINE('',#1921,#1922);
#1921 = CARTESIAN_POINT('',(0.36662659852,0.));
#1922 = VECTOR('',#1923,1.);
#1923 = DIRECTION('',(0.,-1.));
#1924 = ( GEOMETRIC_REPRESENTATION_CONTEXT(2) 
PARAMETRIC_REPRESENTATION_CONTEXT() REPRESENTATION_CONTEXT('2D SPACE',''
  ) );
#1925 = PCURVE('',#1926,#1931);
#1926 = PLANE('',#1927);
#1927 = AXIS2_PLACEMENT_3D('',#1928,#1929,#1930);
#1928 = CARTESIAN_POINT('',(0.962380304582,-0.999999959671,
    0.110966194122));
#1929 = DIRECTION('',(-0.276724309469,-0.,0.960949351708));
#1930 = DIRECTION('',(-0.960949351708,0.,-0.276724309469));
#1931 = DEFINITIONAL_REPRESENTATION('',(#1932),#1936);
#1932 = LINE('',#1933,#1934);
#1933 = CARTESIAN_POINT('',(0.,0.));
#1934 = VECTOR('',#1935,1.);
#1935 = DIRECTION('',(0.,-1.));
#1936 = ( GEOMETRIC_REPRESENTATION_CONTEXT(2) 
PARAMETRIC_REPRESENTATION_CONTEXT() REPRESENTATION_CONTEXT('2D SPACE',''
  ) );
#1937 = ORIENTED_EDGE('',*,*,#1938,.T.);
#1938 = EDGE_CURVE('',#1911,#1763,#1939,.T.);
#1939 = SURFACE_CURVE('',#1940,(#1944,#1951),.PCURVE_S1.);
#1940 = LINE('',#1941,#1942);
#1941 = CARTESIAN_POINT('',(0.962380304582,-0.578656716001,
    0.119956964362));
#1942 = VECTOR('',#1943,1.);
#1943 = DIRECTION('',(-0.,0.69288797062,-0.721045255286));
#1944 = PCURVE('',#403,#1945);
#1945 = DEFINITIONAL_REPRESENTATION('',(#1946),#1950);
#1946 = LINE('',#1947,#1948);
#1947 = CARTESIAN_POINT('',(0.375617368759,-0.421343243669));
#1948 = VECTOR('',#1949,1.);
#1949 = DIRECTION('',(-0.721045255286,-0.69288797062));
#1950 = ( GEOMETRIC_REPRESENTATION_CONTEXT(2) 
PARAMETRIC_REPRESENTATION_CONTEXT() REPRESENTATION_CONTEXT('2D SPACE',''
  ) );
#1951 = PCURVE('',#1952,#1957);
#1952 = PLANE('',#1953);
#1953 = AXIS2_PLACEMENT_3D('',#1954,#1955,#1956);
#1954 = CARTESIAN_POINT('',(0.96410511184,-0.563784096684,0.104976650161
    ));
#1955 = DIRECTION('',(0.195673635745,-0.707106781187,-0.67949380297));
#1956 = DIRECTION('',(-0.960949351708,-1.181554853957E-13,
    -0.276724309469));
#1957 = DEFINITIONAL_REPRESENTATION('',(#1958),#1962);
#1958 = LINE('',#1959,#1960);
#1959 = CARTESIAN_POINT('',(-2.487964686019E-03,-2.103305994596E-02));
#1960 = VECTOR('',#1961,1.);
#1961 = DIRECTION('',(0.199530750365,0.979891565255));
#1962 = ( GEOMETRIC_REPRESENTATION_CONTEXT(2) 
PARAMETRIC_REPRESENTATION_CONTEXT() REPRESENTATION_CONTEXT('2D SPACE',''
  ) );
#1963 = ADVANCED_FACE('',(#1964),#517,.F.);
#1964 = FACE_BOUND('',#1965,.F.);
#1965 = EDGE_LOOP('',(#1966,#1991,#2012,#2013));
#1966 = ORIENTED_EDGE('',*,*,#1967,.F.);
#1967 = EDGE_CURVE('',#1968,#1970,#1972,.T.);
#1968 = VERTEX_POINT('',#1969);
#1969 = CARTESIAN_POINT('',(-0.921634315836,0.238143432115,
    -0.255660404398));
#1970 = VERTEX_POINT('',#1971);
#1971 = CARTESIAN_POINT('',(-0.906775872027,0.254705245102,
    -0.255660404398));
#1972 = SURFACE_CURVE('',#1973,(#1977,#1984),.PCURVE_S1.);
#1973 = LINE('',#1974,#1975);
#1974 = CARTESIAN_POINT('',(-0.921634315836,0.238143432115,
    -0.255660404398));
#1975 = VECTOR('',#1976,1.);
#1976 = DIRECTION('',(0.667792191105,0.74434776113,0.));
#1977 = PCURVE('',#517,#1978);
#1978 = DEFINITIONAL_REPRESENTATION('',(#1979),#1983);
#1979 = LINE('',#1980,#1981);
#1980 = CARTESIAN_POINT('',(0.,0.));
#1981 = VECTOR('',#1982,1.);
#1982 = DIRECTION('',(1.,0.));
#1983 = ( GEOMETRIC_REPRESENTATION_CONTEXT(2) 
PARAMETRIC_REPRESENTATION_CONTEXT() REPRESENTATION_CONTEXT('2D SPACE',''
  ) );
#1984 = PCURVE('',#1195,#1985);
#1985 = DEFINITIONAL_REPRESENTATION('',(#1986),#1990);
#1986 = LINE('',#1987,#1988);
#1987 = CARTESIAN_POINT('',(4.074598874586E-02,1.238143391786));
#1988 = VECTOR('',#1989,1.);
#1989 = DIRECTION('',(0.667792191105,0.74434776113));
#1990 = ( GEOMETRIC_REPRESENTATION_CONTEXT(2) 
PARAMETRIC_REPRESENTATION_CONTEXT() REPRESENTATION_CONTEXT('2D SPACE',''
  ) );
#1991 = ORIENTED_EDGE('',*,*,#1992,.T.);
#1992 = EDGE_CURVE('',#1968,#502,#1993,.T.);
#1993 = SURFACE_CURVE('',#1994,(#1998,#2005),.PCURVE_S1.);
#1994 = LINE('',#1995,#1996);
#1995 = CARTESIAN_POINT('',(-0.921634315836,0.238143432115,
    -0.255660404398));
#1996 = VECTOR('',#1997,1.);
#1997 = DIRECTION('',(0.,0.,1.));
#1998 = PCURVE('',#517,#1999);
#1999 = DEFINITIONAL_REPRESENTATION('',(#2000),#2004);
#2000 = LINE('',#2001,#2002);
#2001 = CARTESIAN_POINT('',(0.,0.));
#2002 = VECTOR('',#2003,1.);
#2003 = DIRECTION('',(0.,-1.));
#2004 = ( GEOMETRIC_REPRESENTATION_CONTEXT(2) 
PARAMETRIC_REPRESENTATION_CONTEXT() REPRESENTATION_CONTEXT('2D SPACE',''
  ) );
#2005 = PCURVE('',#655,#2006);
#2006 = DEFINITIONAL_REPRESENTATION('',(#2007),#2011);
#2007 = LINE('',#2008,#2009);
#2008 = CARTESIAN_POINT('',(2.22501011647E-02,0.));
#2009 = VECTOR('',#2010,1.);
#2010 = DIRECTION('',(0.,-1.));
#2011 = ( GEOMETRIC_REPRESENTATION_CONTEXT(2) 
PARAMETRIC_REPRESENTATION_CONTEXT() REPRESENTATION_CONTEXT('2D SPACE',''
  ) );
#2012 = ORIENTED_EDGE('',*,*,#499,.F.);
#2013 = ORIENTED_EDGE('',*,*,#2014,.F.);
#2014 = EDGE_CURVE('',#1970,#500,#2015,.T.);
#2015 = SURFACE_CURVE('',#2016,(#2020,#2027),.PCURVE_S1.);
#2016 = LINE('',#2017,#2018);
#2017 = CARTESIAN_POINT('',(-0.906775872027,0.254705245102,
    -0.255660404398));
#2018 = VECTOR('',#2019,1.);
#2019 = DIRECTION('',(0.,0.,1.));
#2020 = PCURVE('',#517,#2021);
#2021 = DEFINITIONAL_REPRESENTATION('',(#2022),#2026);
#2022 = LINE('',#2023,#2024);
#2023 = CARTESIAN_POINT('',(2.225010116469E-02,0.));
#2024 = VECTOR('',#2025,1.);
#2025 = DIRECTION('',(0.,-1.));
#2026 = ( GEOMETRIC_REPRESENTATION_CONTEXT(2) 
PARAMETRIC_REPRESENTATION_CONTEXT() REPRESENTATION_CONTEXT('2D SPACE',''
  ) );
#2027 = PCURVE('',#545,#2028);
#2028 = DEFINITIONAL_REPRESENTATION('',(#2029),#2033);
#2029 = LINE('',#2030,#2031);
#2030 = CARTESIAN_POINT('',(0.,0.));
#2031 = VECTOR('',#2032,1.);
#2032 = DIRECTION('',(0.,-1.));
#2033 = ( GEOMETRIC_REPRESENTATION_CONTEXT(2) 
PARAMETRIC_REPRESENTATION_CONTEXT() REPRESENTATION_CONTEXT('2D SPACE',''
  ) );
#2034 = ADVANCED_FACE('',(#2035),#545,.F.);
#2035 = FACE_BOUND('',#2036,.F.);
#2036 = EDGE_LOOP('',(#2037,#2060,#2061,#2062));
#2037 = ORIENTED_EDGE('',*,*,#2038,.F.);
#2038 = EDGE_CURVE('',#1970,#2039,#2041,.T.);
#2039 = VERTEX_POINT('',#2040);
#2040 = CARTESIAN_POINT('',(-0.885003699343,0.250118361796,
    -0.255660404398));
#2041 = SURFACE_CURVE('',#2042,(#2046,#2053),.PCURVE_S1.);
#2042 = LINE('',#2043,#2044);
#2043 = CARTESIAN_POINT('',(-0.906775872027,0.254705245102,
    -0.255660404398));
#2044 = VECTOR('',#2045,1.);
#2045 = DIRECTION('',(0.978520165941,-0.206151121381,0.));
#2046 = PCURVE('',#545,#2047);
#2047 = DEFINITIONAL_REPRESENTATION('',(#2048),#2052);
#2048 = LINE('',#2049,#2050);
#2049 = CARTESIAN_POINT('',(0.,0.));
#2050 = VECTOR('',#2051,1.);
#2051 = DIRECTION('',(1.,0.));
#2052 = ( GEOMETRIC_REPRESENTATION_CONTEXT(2) 
PARAMETRIC_REPRESENTATION_CONTEXT() REPRESENTATION_CONTEXT('2D SPACE',''
  ) );
#2053 = PCURVE('',#1195,#2054);
#2054 = DEFINITIONAL_REPRESENTATION('',(#2055),#2059);
#2055 = LINE('',#2056,#2057);
#2056 = CARTESIAN_POINT('',(5.560443255494E-02,1.254705204773));
#2057 = VECTOR('',#2058,1.);
#2058 = DIRECTION('',(0.978520165941,-0.206151121381));
#2059 = ( GEOMETRIC_REPRESENTATION_CONTEXT(2) 
PARAMETRIC_REPRESENTATION_CONTEXT() REPRESENTATION_CONTEXT('2D SPACE',''
  ) );
#2060 = ORIENTED_EDGE('',*,*,#2014,.T.);
#2061 = ORIENTED_EDGE('',*,*,#529,.F.);
#2062 = ORIENTED_EDGE('',*,*,#2063,.F.);
#2063 = EDGE_CURVE('',#2039,#530,#2064,.T.);
#2064 = SURFACE_CURVE('',#2065,(#2069,#2076),.PCURVE_S1.);
#2065 = LINE('',#2066,#2067);
#2066 = CARTESIAN_POINT('',(-0.885003699343,0.250118361796,
    -0.255660404398));
#2067 = VECTOR('',#2068,1.);
#2068 = DIRECTION('',(0.,0.,1.));
#2069 = PCURVE('',#545,#2070);
#2070 = DEFINITIONAL_REPRESENTATION('',(#2071),#2075);
#2071 = LINE('',#2072,#2073);
#2072 = CARTESIAN_POINT('',(2.225010116469E-02,0.));
#2073 = VECTOR('',#2074,1.);
#2074 = DIRECTION('',(0.,-1.));
#2075 = ( GEOMETRIC_REPRESENTATION_CONTEXT(2) 
PARAMETRIC_REPRESENTATION_CONTEXT() REPRESENTATION_CONTEXT('2D SPACE',''
  ) );
#2076 = PCURVE('',#573,#2077);
#2077 = DEFINITIONAL_REPRESENTATION('',(#2078),#2082);
#2078 = LINE('',#2079,#2080);
#2079 = CARTESIAN_POINT('',(0.,0.));
#2080 = VECTOR('',#2081,1.);
#2081 = DIRECTION('',(0.,-1.));
#2082 = ( GEOMETRIC_REPRESENTATION_CONTEXT(2) 
PARAMETRIC_REPRESENTATION_CONTEXT() REPRESENTATION_CONTEXT('2D SPACE',''
  ) );
#2083 = ADVANCED_FACE('',(#2084),#655,.F.);
#2084 = FACE_BOUND('',#2085,.F.);
#2085 = EDGE_LOOP('',(#2086,#2109,#2130,#2131));
#2086 = ORIENTED_EDGE('',*,*,#2087,.F.);
#2087 = EDGE_CURVE('',#2088,#1968,#2090,.T.);
#2088 = VERTEX_POINT('',#2089);
#2089 = CARTESIAN_POINT('',(-0.914720586961,0.216994735823,
    -0.255660404398));
#2090 = SURFACE_CURVE('',#2091,(#2095,#2102),.PCURVE_S1.);
#2091 = LINE('',#2092,#2093);
#2092 = CARTESIAN_POINT('',(-0.914720586961,0.216994735823,
    -0.255660404398));
#2093 = VECTOR('',#2094,1.);
#2094 = DIRECTION('',(-0.310727974836,0.950498882511,0.));
#2095 = PCURVE('',#655,#2096);
#2096 = DEFINITIONAL_REPRESENTATION('',(#2097),#2101);
#2097 = LINE('',#2098,#2099);
#2098 = CARTESIAN_POINT('',(0.,0.));
#2099 = VECTOR('',#2100,1.);
#2100 = DIRECTION('',(1.,0.));
#2101 = ( GEOMETRIC_REPRESENTATION_CONTEXT(2) 
PARAMETRIC_REPRESENTATION_CONTEXT() REPRESENTATION_CONTEXT('2D SPACE',''
  ) );
#2102 = PCURVE('',#1195,#2103);
#2103 = DEFINITIONAL_REPRESENTATION('',(#2104),#2108);
#2104 = LINE('',#2105,#2106);
#2105 = CARTESIAN_POINT('',(4.765971762067E-02,1.216994695493));
#2106 = VECTOR('',#2107,1.);
#2107 = DIRECTION('',(-0.310727974836,0.950498882511));
#2108 = ( GEOMETRIC_REPRESENTATION_CONTEXT(2) 
PARAMETRIC_REPRESENTATION_CONTEXT() REPRESENTATION_CONTEXT('2D SPACE',''
  ) );
#2109 = ORIENTED_EDGE('',*,*,#2110,.T.);
#2110 = EDGE_CURVE('',#2088,#614,#2111,.T.);
#2111 = SURFACE_CURVE('',#2112,(#2116,#2123),.PCURVE_S1.);
#2112 = LINE('',#2113,#2114);
#2113 = CARTESIAN_POINT('',(-0.914720586961,0.216994735823,
    -0.255660404398));
#2114 = VECTOR('',#2115,1.);
#2115 = DIRECTION('',(0.,0.,1.));
#2116 = PCURVE('',#655,#2117);
#2117 = DEFINITIONAL_REPRESENTATION('',(#2118),#2122);
#2118 = LINE('',#2119,#2120);
#2119 = CARTESIAN_POINT('',(0.,0.));
#2120 = VECTOR('',#2121,1.);
#2121 = DIRECTION('',(0.,-1.));
#2122 = ( GEOMETRIC_REPRESENTATION_CONTEXT(2) 
PARAMETRIC_REPRESENTATION_CONTEXT() REPRESENTATION_CONTEXT('2D SPACE',''
  ) );
#2123 = PCURVE('',#629,#2124);
#2124 = DEFINITIONAL_REPRESENTATION('',(#2125),#2129);
#2125 = LINE('',#2126,#2127);
#2126 = CARTESIAN_POINT('',(2.225010116469E-02,0.));
#2127 = VECTOR('',#2128,1.);
#2128 = DIRECTION('',(0.,-1.));
#2129 = ( GEOMETRIC_REPRESENTATION_CONTEXT(2) 
PARAMETRIC_REPRESENTATION_CONTEXT() REPRESENTATION_CONTEXT('2D SPACE',''
  ) );
#2130 = ORIENTED_EDGE('',*,*,#641,.F.);
#2131 = ORIENTED_EDGE('',*,*,#1992,.F.);
#2132 = ADVANCED_FACE('',(#2133),#573,.F.);
#2133 = FACE_BOUND('',#2134,.F.);
#2134 = EDGE_LOOP('',(#2135,#2158,#2159,#2160));
#2135 = ORIENTED_EDGE('',*,*,#2136,.F.);
#2136 = EDGE_CURVE('',#2039,#2137,#2139,.T.);
#2137 = VERTEX_POINT('',#2138);
#2138 = CARTESIAN_POINT('',(-0.878089970468,0.228969665503,
    -0.255660404398));
#2139 = SURFACE_CURVE('',#2140,(#2144,#2151),.PCURVE_S1.);
#2140 = LINE('',#2141,#2142);
#2141 = CARTESIAN_POINT('',(-0.885003699343,0.250118361796,
    -0.255660404398));
#2142 = VECTOR('',#2143,1.);
#2143 = DIRECTION('',(0.310727974836,-0.950498882511,0.));
#2144 = PCURVE('',#573,#2145);
#2145 = DEFINITIONAL_REPRESENTATION('',(#2146),#2150);
#2146 = LINE('',#2147,#2148);
#2147 = CARTESIAN_POINT('',(0.,0.));
#2148 = VECTOR('',#2149,1.);
#2149 = DIRECTION('',(1.,0.));
#2150 = ( GEOMETRIC_REPRESENTATION_CONTEXT(2) 
PARAMETRIC_REPRESENTATION_CONTEXT() REPRESENTATION_CONTEXT('2D SPACE',''
  ) );
#2151 = PCURVE('',#1195,#2152);
#2152 = DEFINITIONAL_REPRESENTATION('',(#2153),#2157);
#2153 = LINE('',#2154,#2155);
#2154 = CARTESIAN_POINT('',(7.737660523882E-02,1.250118321467));
#2155 = VECTOR('',#2156,1.);
#2156 = DIRECTION('',(0.310727974836,-0.950498882511));
#2157 = ( GEOMETRIC_REPRESENTATION_CONTEXT(2) 
PARAMETRIC_REPRESENTATION_CONTEXT() REPRESENTATION_CONTEXT('2D SPACE',''
  ) );
#2158 = ORIENTED_EDGE('',*,*,#2063,.T.);
#2159 = ORIENTED_EDGE('',*,*,#557,.F.);
#2160 = ORIENTED_EDGE('',*,*,#2161,.F.);
#2161 = EDGE_CURVE('',#2137,#558,#2162,.T.);
#2162 = SURFACE_CURVE('',#2163,(#2167,#2174),.PCURVE_S1.);
#2163 = LINE('',#2164,#2165);
#2164 = CARTESIAN_POINT('',(-0.878089970468,0.228969665503,
    -0.255660404398));
#2165 = VECTOR('',#2166,1.);
#2166 = DIRECTION('',(0.,0.,1.));
#2167 = PCURVE('',#573,#2168);
#2168 = DEFINITIONAL_REPRESENTATION('',(#2169),#2173);
#2169 = LINE('',#2170,#2171);
#2170 = CARTESIAN_POINT('',(2.22501011647E-02,0.));
#2171 = VECTOR('',#2172,1.);
#2172 = DIRECTION('',(0.,-1.));
#2173 = ( GEOMETRIC_REPRESENTATION_CONTEXT(2) 
PARAMETRIC_REPRESENTATION_CONTEXT() REPRESENTATION_CONTEXT('2D SPACE',''
  ) );
#2174 = PCURVE('',#601,#2175);
#2175 = DEFINITIONAL_REPRESENTATION('',(#2176),#2180);
#2176 = LINE('',#2177,#2178);
#2177 = CARTESIAN_POINT('',(0.,0.));
#2178 = VECTOR('',#2179,1.);
#2179 = DIRECTION('',(0.,-1.));
#2180 = ( GEOMETRIC_REPRESENTATION_CONTEXT(2) 
PARAMETRIC_REPRESENTATION_CONTEXT() REPRESENTATION_CONTEXT('2D SPACE',''
  ) );
#2181 = ADVANCED_FACE('',(#2182),#629,.F.);
#2182 = FACE_BOUND('',#2183,.F.);
#2183 = EDGE_LOOP('',(#2184,#2207,#2228,#2229));
#2184 = ORIENTED_EDGE('',*,*,#2185,.F.);
#2185 = EDGE_CURVE('',#2186,#2088,#2188,.T.);
#2186 = VERTEX_POINT('',#2187);
#2187 = CARTESIAN_POINT('',(-0.892948414278,0.212407852517,
    -0.255660404398));
#2188 = SURFACE_CURVE('',#2189,(#2193,#2200),.PCURVE_S1.);
#2189 = LINE('',#2190,#2191);
#2190 = CARTESIAN_POINT('',(-0.892948414278,0.212407852517,
    -0.255660404398));
#2191 = VECTOR('',#2192,1.);
#2192 = DIRECTION('',(-0.978520165941,0.206151121381,0.));
#2193 = PCURVE('',#629,#2194);
#2194 = DEFINITIONAL_REPRESENTATION('',(#2195),#2199);
#2195 = LINE('',#2196,#2197);
#2196 = CARTESIAN_POINT('',(0.,0.));
#2197 = VECTOR('',#2198,1.);
#2198 = DIRECTION('',(1.,0.));
#2199 = ( GEOMETRIC_REPRESENTATION_CONTEXT(2) 
PARAMETRIC_REPRESENTATION_CONTEXT() REPRESENTATION_CONTEXT('2D SPACE',''
  ) );
#2200 = PCURVE('',#1195,#2201);
#2201 = DEFINITIONAL_REPRESENTATION('',(#2202),#2206);
#2202 = LINE('',#2203,#2204);
#2203 = CARTESIAN_POINT('',(6.943189030454E-02,1.212407812187));
#2204 = VECTOR('',#2205,1.);
#2205 = DIRECTION('',(-0.978520165941,0.206151121381));
#2206 = ( GEOMETRIC_REPRESENTATION_CONTEXT(2) 
PARAMETRIC_REPRESENTATION_CONTEXT() REPRESENTATION_CONTEXT('2D SPACE',''
  ) );
#2207 = ORIENTED_EDGE('',*,*,#2208,.T.);
#2208 = EDGE_CURVE('',#2186,#586,#2209,.T.);
#2209 = SURFACE_CURVE('',#2210,(#2214,#2221),.PCURVE_S1.);
#2210 = LINE('',#2211,#2212);
#2211 = CARTESIAN_POINT('',(-0.892948414278,0.212407852517,
    -0.255660404398));
#2212 = VECTOR('',#2213,1.);
#2213 = DIRECTION('',(0.,0.,1.));
#2214 = PCURVE('',#629,#2215);
#2215 = DEFINITIONAL_REPRESENTATION('',(#2216),#2220);
#2216 = LINE('',#2217,#2218);
#2217 = CARTESIAN_POINT('',(0.,0.));
#2218 = VECTOR('',#2219,1.);
#2219 = DIRECTION('',(0.,-1.));
#2220 = ( GEOMETRIC_REPRESENTATION_CONTEXT(2) 
PARAMETRIC_REPRESENTATION_CONTEXT() REPRESENTATION_CONTEXT('2D SPACE',''
  ) );
#2221 = PCURVE('',#601,#2222);
#2222 = DEFINITIONAL_REPRESENTATION('',(#2223),#2227);
#2223 = LINE('',#2224,#2225);
#2224 = CARTESIAN_POINT('',(2.225010116469E-02,0.));
#2225 = VECTOR('',#2226,1.);
#2226 = DIRECTION('',(0.,-1.));
#2227 = ( GEOMETRIC_REPRESENTATION_CONTEXT(2) 
PARAMETRIC_REPRESENTATION_CONTEXT() REPRESENTATION_CONTEXT('2D SPACE',''
  ) );
#2228 = ORIENTED_EDGE('',*,*,#613,.F.);
#2229 = ORIENTED_EDGE('',*,*,#2110,.F.);
#2230 = ADVANCED_FACE('',(#2231),#601,.F.);
#2231 = FACE_BOUND('',#2232,.F.);
#2232 = EDGE_LOOP('',(#2233,#2254,#2255,#2256));
#2233 = ORIENTED_EDGE('',*,*,#2234,.F.);
#2234 = EDGE_CURVE('',#2137,#2186,#2235,.T.);
#2235 = SURFACE_CURVE('',#2236,(#2240,#2247),.PCURVE_S1.);
#2236 = LINE('',#2237,#2238);
#2237 = CARTESIAN_POINT('',(-0.878089970468,0.228969665503,
    -0.255660404398));
#2238 = VECTOR('',#2239,1.);
#2239 = DIRECTION('',(-0.667792191105,-0.74434776113,0.));
#2240 = PCURVE('',#601,#2241);
#2241 = DEFINITIONAL_REPRESENTATION('',(#2242),#2246);
#2242 = LINE('',#2243,#2244);
#2243 = CARTESIAN_POINT('',(0.,0.));
#2244 = VECTOR('',#2245,1.);
#2245 = DIRECTION('',(1.,0.));
#2246 = ( GEOMETRIC_REPRESENTATION_CONTEXT(2) 
PARAMETRIC_REPRESENTATION_CONTEXT() REPRESENTATION_CONTEXT('2D SPACE',''
  ) );
#2247 = PCURVE('',#1195,#2248);
#2248 = DEFINITIONAL_REPRESENTATION('',(#2249),#2253);
#2249 = LINE('',#2250,#2251);
#2250 = CARTESIAN_POINT('',(8.429033411362E-02,1.228969625174));
#2251 = VECTOR('',#2252,1.);
#2252 = DIRECTION('',(-0.667792191105,-0.74434776113));
#2253 = ( GEOMETRIC_REPRESENTATION_CONTEXT(2) 
PARAMETRIC_REPRESENTATION_CONTEXT() REPRESENTATION_CONTEXT('2D SPACE',''
  ) );
#2254 = ORIENTED_EDGE('',*,*,#2161,.T.);
#2255 = ORIENTED_EDGE('',*,*,#585,.F.);
#2256 = ORIENTED_EDGE('',*,*,#2208,.F.);
#2257 = ADVANCED_FACE('',(#2258),#686,.F.);
#2258 = FACE_BOUND('',#2259,.F.);
#2259 = EDGE_LOOP('',(#2260,#2261,#2282,#2303));
#2260 = ORIENTED_EDGE('',*,*,#669,.F.);
#2261 = ORIENTED_EDGE('',*,*,#2262,.T.);
#2262 = EDGE_CURVE('',#670,#2263,#2265,.T.);
#2263 = VERTEX_POINT('',#2264);
#2264 = CARTESIAN_POINT('',(-0.68884150379,0.4298118255,-0.255660404398)
  );
#2265 = SEAM_CURVE('',#2266,(#2270,#2276),.PCURVE_S1.);
#2266 = LINE('',#2267,#2268);
#2267 = CARTESIAN_POINT('',(-0.68884150379,0.4298118255,0.255660404398)
  );
#2268 = VECTOR('',#2269,1.);
#2269 = DIRECTION('',(-0.,-0.,-1.));
#2270 = PCURVE('',#686,#2271);
#2271 = DEFINITIONAL_REPRESENTATION('',(#2272),#2275);
#2272 = B_SPLINE_CURVE_WITH_KNOTS('',1,(#2273,#2274),.UNSPECIFIED.,.F.,
  .F.,(2,2),(0.,0.511320808796),.PIECEWISE_BEZIER_KNOTS.);
#2273 = CARTESIAN_POINT('',(4.138911435803E-13,0.));
#2274 = CARTESIAN_POINT('',(4.138911435803E-13,-0.511320808796));
#2275 = ( GEOMETRIC_REPRESENTATION_CONTEXT(2) 
PARAMETRIC_REPRESENTATION_CONTEXT() REPRESENTATION_CONTEXT('2D SPACE',''
  ) );
#2276 = PCURVE('',#686,#2277);
#2277 = DEFINITIONAL_REPRESENTATION('',(#2278),#2281);
#2278 = B_SPLINE_CURVE_WITH_KNOTS('',1,(#2279,#2280),.UNSPECIFIED.,.F.,
  .F.,(2,2),(0.,0.511320808796),.PIECEWISE_BEZIER_KNOTS.);
#2279 = CARTESIAN_POINT('',(6.28318530718,0.));
#2280 = CARTESIAN_POINT('',(6.28318530718,-0.511320808796));
#2281 = ( GEOMETRIC_REPRESENTATION_CONTEXT(2) 
PARAMETRIC_REPRESENTATION_CONTEXT() REPRESENTATION_CONTEXT('2D SPACE',''
  ) );
#2282 = ORIENTED_EDGE('',*,*,#2283,.T.);
#2283 = EDGE_CURVE('',#2263,#2263,#2284,.T.);
#2284 = SURFACE_CURVE('',#2285,(#2290,#2296),.PCURVE_S1.);
#2285 = CIRCLE('',#2286,0.112125933446);
#2286 = AXIS2_PLACEMENT_3D('',#2287,#2288,#2289);
#2287 = CARTESIAN_POINT('',(-0.800967437237,0.4298118255,-0.255660404398
    ));
#2288 = DIRECTION('',(0.,0.,1.));
#2289 = DIRECTION('',(1.,0.,-0.));
#2290 = PCURVE('',#686,#2291);
#2291 = DEFINITIONAL_REPRESENTATION('',(#2292),#2295);
#2292 = B_SPLINE_CURVE_WITH_KNOTS('',1,(#2293,#2294),.UNSPECIFIED.,.F.,
  .F.,(2,2),(0.,6.28318530718),.PIECEWISE_BEZIER_KNOTS.);
#2293 = CARTESIAN_POINT('',(0.,-0.511320808796));
#2294 = CARTESIAN_POINT('',(6.28318530718,-0.511320808796));
#2295 = ( GEOMETRIC_REPRESENTATION_CONTEXT(2) 
PARAMETRIC_REPRESENTATION_CONTEXT() REPRESENTATION_CONTEXT('2D SPACE',''
  ) );
#2296 = PCURVE('',#1195,#2297);
#2297 = DEFINITIONAL_REPRESENTATION('',(#2298),#2302);
#2298 = CIRCLE('',#2299,0.112125933446);
#2299 = AXIS2_PLACEMENT_2D('',#2300,#2301);
#2300 = CARTESIAN_POINT('',(0.161412867346,1.42981178517));
#2301 = DIRECTION('',(1.,0.));
#2302 = ( GEOMETRIC_REPRESENTATION_CONTEXT(2) 
PARAMETRIC_REPRESENTATION_CONTEXT() REPRESENTATION_CONTEXT('2D SPACE',''
  ) );
#2303 = ORIENTED_EDGE('',*,*,#2262,.F.);
#2304 = ADVANCED_FACE('',(#2305),#717,.F.);
#2305 = FACE_BOUND('',#2306,.F.);
#2306 = EDGE_LOOP('',(#2307,#2332,#2353,#2354));
#2307 = ORIENTED_EDGE('',*,*,#2308,.F.);
#2308 = EDGE_CURVE('',#2309,#2311,#2313,.T.);
#2309 = VERTEX_POINT('',#2310);
#2310 = CARTESIAN_POINT('',(-0.934380784823,0.562291920713,
    -0.255660404398));
#2311 = VERTEX_POINT('',#2312);
#2312 = CARTESIAN_POINT('',(-0.934380784823,0.617306740592,
    -0.255660404398));
#2313 = SURFACE_CURVE('',#2314,(#2318,#2325),.PCURVE_S1.);
#2314 = LINE('',#2315,#2316);
#2315 = CARTESIAN_POINT('',(-0.934380784823,0.562291920713,
    -0.255660404398));
#2316 = VECTOR('',#2317,1.);
#2317 = DIRECTION('',(0.,1.,0.));
#2318 = PCURVE('',#717,#2319);
#2319 = DEFINITIONAL_REPRESENTATION('',(#2320),#2324);
#2320 = LINE('',#2321,#2322);
#2321 = CARTESIAN_POINT('',(0.,0.));
#2322 = VECTOR('',#2323,1.);
#2323 = DIRECTION('',(1.,0.));
#2324 = ( GEOMETRIC_REPRESENTATION_CONTEXT(2) 
PARAMETRIC_REPRESENTATION_CONTEXT() REPRESENTATION_CONTEXT('2D SPACE',''
  ) );
#2325 = PCURVE('',#1195,#2326);
#2326 = DEFINITIONAL_REPRESENTATION('',(#2327),#2331);
#2327 = LINE('',#2328,#2329);
#2328 = CARTESIAN_POINT('',(2.799951975926E-02,1.562291880383));
#2329 = VECTOR('',#2330,1.);
#2330 = DIRECTION('',(0.,1.));
#2331 = ( GEOMETRIC_REPRESENTATION_CONTEXT(2) 
PARAMETRIC_REPRESENTATION_CONTEXT() REPRESENTATION_CONTEXT('2D SPACE',''
  ) );
#2332 = ORIENTED_EDGE('',*,*,#2333,.T.);
#2333 = EDGE_CURVE('',#2309,#702,#2334,.T.);
#2334 = SURFACE_CURVE('',#2335,(#2339,#2346),.PCURVE_S1.);
#2335 = LINE('',#2336,#2337);
#2336 = CARTESIAN_POINT('',(-0.934380784823,0.562291920713,
    -0.255660404398));
#2337 = VECTOR('',#2338,1.);
#2338 = DIRECTION('',(0.,0.,1.));
#2339 = PCURVE('',#717,#2340);
#2340 = DEFINITIONAL_REPRESENTATION('',(#2341),#2345);
#2341 = LINE('',#2342,#2343);
#2342 = CARTESIAN_POINT('',(0.,0.));
#2343 = VECTOR('',#2344,1.);
#2344 = DIRECTION('',(0.,-1.));
#2345 = ( GEOMETRIC_REPRESENTATION_CONTEXT(2) 
PARAMETRIC_REPRESENTATION_CONTEXT() REPRESENTATION_CONTEXT('2D SPACE',''
  ) );
#2346 = PCURVE('',#799,#2347);
#2347 = DEFINITIONAL_REPRESENTATION('',(#2348),#2352);
#2348 = LINE('',#2349,#2350);
#2349 = CARTESIAN_POINT('',(5.678185581646E-02,0.));
#2350 = VECTOR('',#2351,1.);
#2351 = DIRECTION('',(0.,-1.));
#2352 = ( GEOMETRIC_REPRESENTATION_CONTEXT(2) 
PARAMETRIC_REPRESENTATION_CONTEXT() REPRESENTATION_CONTEXT('2D SPACE',''
  ) );
#2353 = ORIENTED_EDGE('',*,*,#699,.F.);
#2354 = ORIENTED_EDGE('',*,*,#2355,.F.);
#2355 = EDGE_CURVE('',#2311,#700,#2356,.T.);
#2356 = SURFACE_CURVE('',#2357,(#2361,#2368),.PCURVE_S1.);
#2357 = LINE('',#2358,#2359);
#2358 = CARTESIAN_POINT('',(-0.934380784823,0.617306740592,
    -0.255660404398));
#2359 = VECTOR('',#2360,1.);
#2360 = DIRECTION('',(0.,0.,1.));
#2361 = PCURVE('',#717,#2362);
#2362 = DEFINITIONAL_REPRESENTATION('',(#2363),#2367);
#2363 = LINE('',#2364,#2365);
#2364 = CARTESIAN_POINT('',(5.501481987939E-02,0.));
#2365 = VECTOR('',#2366,1.);
#2366 = DIRECTION('',(0.,-1.));
#2367 = ( GEOMETRIC_REPRESENTATION_CONTEXT(2) 
PARAMETRIC_REPRESENTATION_CONTEXT() REPRESENTATION_CONTEXT('2D SPACE',''
  ) );
#2368 = PCURVE('',#745,#2369);
#2369 = DEFINITIONAL_REPRESENTATION('',(#2370),#2374);
#2370 = LINE('',#2371,#2372);
#2371 = CARTESIAN_POINT('',(0.,0.));
#2372 = VECTOR('',#2373,1.);
#2373 = DIRECTION('',(0.,-1.));
#2374 = ( GEOMETRIC_REPRESENTATION_CONTEXT(2) 
PARAMETRIC_REPRESENTATION_CONTEXT() REPRESENTATION_CONTEXT('2D SPACE',''
  ) );
#2375 = ADVANCED_FACE('',(#2376),#745,.F.);
#2376 = FACE_BOUND('',#2377,.F.);
#2377 = EDGE_LOOP('',(#2378,#2401,#2402,#2403));
#2378 = ORIENTED_EDGE('',*,*,#2379,.F.);
#2379 = EDGE_CURVE('',#2311,#2380,#2382,.T.);
#2380 = VERTEX_POINT('',#2381);
#2381 = CARTESIAN_POINT('',(-0.877598929006,0.617306740592,
    -0.255660404398));
#2382 = SURFACE_CURVE('',#2383,(#2387,#2394),.PCURVE_S1.);
#2383 = LINE('',#2384,#2385);
#2384 = CARTESIAN_POINT('',(-0.934380784823,0.617306740592,
    -0.255660404398));
#2385 = VECTOR('',#2386,1.);
#2386 = DIRECTION('',(1.,0.,0.));
#2387 = PCURVE('',#745,#2388);
#2388 = DEFINITIONAL_REPRESENTATION('',(#2389),#2393);
#2389 = LINE('',#2390,#2391);
#2390 = CARTESIAN_POINT('',(0.,0.));
#2391 = VECTOR('',#2392,1.);
#2392 = DIRECTION('',(1.,0.));
#2393 = ( GEOMETRIC_REPRESENTATION_CONTEXT(2) 
PARAMETRIC_REPRESENTATION_CONTEXT() REPRESENTATION_CONTEXT('2D SPACE',''
  ) );
#2394 = PCURVE('',#1195,#2395);
#2395 = DEFINITIONAL_REPRESENTATION('',(#2396),#2400);
#2396 = LINE('',#2397,#2398);
#2397 = CARTESIAN_POINT('',(2.799951975926E-02,1.617306700262));
#2398 = VECTOR('',#2399,1.);
#2399 = DIRECTION('',(1.,0.));
#2400 = ( GEOMETRIC_REPRESENTATION_CONTEXT(2) 
PARAMETRIC_REPRESENTATION_CONTEXT() REPRESENTATION_CONTEXT('2D SPACE',''
  ) );
#2401 = ORIENTED_EDGE('',*,*,#2355,.T.);
#2402 = ORIENTED_EDGE('',*,*,#729,.F.);
#2403 = ORIENTED_EDGE('',*,*,#2404,.F.);
#2404 = EDGE_CURVE('',#2380,#730,#2405,.T.);
#2405 = SURFACE_CURVE('',#2406,(#2410,#2417),.PCURVE_S1.);
#2406 = LINE('',#2407,#2408);
#2407 = CARTESIAN_POINT('',(-0.877598929006,0.617306740592,
    -0.255660404398));
#2408 = VECTOR('',#2409,1.);
#2409 = DIRECTION('',(0.,0.,1.));
#2410 = PCURVE('',#745,#2411);
#2411 = DEFINITIONAL_REPRESENTATION('',(#2412),#2416);
#2412 = LINE('',#2413,#2414);
#2413 = CARTESIAN_POINT('',(5.678185581646E-02,0.));
#2414 = VECTOR('',#2415,1.);
#2415 = DIRECTION('',(0.,-1.));
#2416 = ( GEOMETRIC_REPRESENTATION_CONTEXT(2) 
PARAMETRIC_REPRESENTATION_CONTEXT() REPRESENTATION_CONTEXT('2D SPACE',''
  ) );
#2417 = PCURVE('',#773,#2418);
#2418 = DEFINITIONAL_REPRESENTATION('',(#2419),#2423);
#2419 = LINE('',#2420,#2421);
#2420 = CARTESIAN_POINT('',(0.,0.));
#2421 = VECTOR('',#2422,1.);
#2422 = DIRECTION('',(0.,-1.));
#2423 = ( GEOMETRIC_REPRESENTATION_CONTEXT(2) 
PARAMETRIC_REPRESENTATION_CONTEXT() REPRESENTATION_CONTEXT('2D SPACE',''
  ) );
#2424 = ADVANCED_FACE('',(#2425),#799,.F.);
#2425 = FACE_BOUND('',#2426,.F.);
#2426 = EDGE_LOOP('',(#2427,#2450,#2471,#2472));
#2427 = ORIENTED_EDGE('',*,*,#2428,.F.);
#2428 = EDGE_CURVE('',#2429,#2309,#2431,.T.);
#2429 = VERTEX_POINT('',#2430);
#2430 = CARTESIAN_POINT('',(-0.877598929006,0.562291920713,
    -0.255660404398));
#2431 = SURFACE_CURVE('',#2432,(#2436,#2443),.PCURVE_S1.);
#2432 = LINE('',#2433,#2434);
#2433 = CARTESIAN_POINT('',(-0.877598929006,0.562291920713,
    -0.255660404398));
#2434 = VECTOR('',#2435,1.);
#2435 = DIRECTION('',(-1.,0.,0.));
#2436 = PCURVE('',#799,#2437);
#2437 = DEFINITIONAL_REPRESENTATION('',(#2438),#2442);
#2438 = LINE('',#2439,#2440);
#2439 = CARTESIAN_POINT('',(0.,-0.));
#2440 = VECTOR('',#2441,1.);
#2441 = DIRECTION('',(1.,0.));
#2442 = ( GEOMETRIC_REPRESENTATION_CONTEXT(2) 
PARAMETRIC_REPRESENTATION_CONTEXT() REPRESENTATION_CONTEXT('2D SPACE',''
  ) );
#2443 = PCURVE('',#1195,#2444);
#2444 = DEFINITIONAL_REPRESENTATION('',(#2445),#2449);
#2445 = LINE('',#2446,#2447);
#2446 = CARTESIAN_POINT('',(8.478137557572E-02,1.562291880383));
#2447 = VECTOR('',#2448,1.);
#2448 = DIRECTION('',(-1.,0.));
#2449 = ( GEOMETRIC_REPRESENTATION_CONTEXT(2) 
PARAMETRIC_REPRESENTATION_CONTEXT() REPRESENTATION_CONTEXT('2D SPACE',''
  ) );
#2450 = ORIENTED_EDGE('',*,*,#2451,.T.);
#2451 = EDGE_CURVE('',#2429,#758,#2452,.T.);
#2452 = SURFACE_CURVE('',#2453,(#2457,#2464),.PCURVE_S1.);
#2453 = LINE('',#2454,#2455);
#2454 = CARTESIAN_POINT('',(-0.877598929006,0.562291920713,
    -0.255660404398));
#2455 = VECTOR('',#2456,1.);
#2456 = DIRECTION('',(0.,0.,1.));
#2457 = PCURVE('',#799,#2458);
#2458 = DEFINITIONAL_REPRESENTATION('',(#2459),#2463);
#2459 = LINE('',#2460,#2461);
#2460 = CARTESIAN_POINT('',(0.,-0.));
#2461 = VECTOR('',#2462,1.);
#2462 = DIRECTION('',(0.,-1.));
#2463 = ( GEOMETRIC_REPRESENTATION_CONTEXT(2) 
PARAMETRIC_REPRESENTATION_CONTEXT() REPRESENTATION_CONTEXT('2D SPACE',''
  ) );
#2464 = PCURVE('',#773,#2465);
#2465 = DEFINITIONAL_REPRESENTATION('',(#2466),#2470);
#2466 = LINE('',#2467,#2468);
#2467 = CARTESIAN_POINT('',(5.501481987939E-02,0.));
#2468 = VECTOR('',#2469,1.);
#2469 = DIRECTION('',(0.,-1.));
#2470 = ( GEOMETRIC_REPRESENTATION_CONTEXT(2) 
PARAMETRIC_REPRESENTATION_CONTEXT() REPRESENTATION_CONTEXT('2D SPACE',''
  ) );
#2471 = ORIENTED_EDGE('',*,*,#785,.F.);
#2472 = ORIENTED_EDGE('',*,*,#2333,.F.);
#2473 = ADVANCED_FACE('',(#2474),#773,.F.);
#2474 = FACE_BOUND('',#2475,.F.);
#2475 = EDGE_LOOP('',(#2476,#2497,#2498,#2499));
#2476 = ORIENTED_EDGE('',*,*,#2477,.F.);
#2477 = EDGE_CURVE('',#2380,#2429,#2478,.T.);
#2478 = SURFACE_CURVE('',#2479,(#2483,#2490),.PCURVE_S1.);
#2479 = LINE('',#2480,#2481);
#2480 = CARTESIAN_POINT('',(-0.877598929006,0.617306740592,
    -0.255660404398));
#2481 = VECTOR('',#2482,1.);
#2482 = DIRECTION('',(0.,-1.,0.));
#2483 = PCURVE('',#773,#2484);
#2484 = DEFINITIONAL_REPRESENTATION('',(#2485),#2489);
#2485 = LINE('',#2486,#2487);
#2486 = CARTESIAN_POINT('',(0.,0.));
#2487 = VECTOR('',#2488,1.);
#2488 = DIRECTION('',(1.,0.));
#2489 = ( GEOMETRIC_REPRESENTATION_CONTEXT(2) 
PARAMETRIC_REPRESENTATION_CONTEXT() REPRESENTATION_CONTEXT('2D SPACE',''
  ) );
#2490 = PCURVE('',#1195,#2491);
#2491 = DEFINITIONAL_REPRESENTATION('',(#2492),#2496);
#2492 = LINE('',#2493,#2494);
#2493 = CARTESIAN_POINT('',(8.478137557572E-02,1.617306700262));
#2494 = VECTOR('',#2495,1.);
#2495 = DIRECTION('',(0.,-1.));
#2496 = ( GEOMETRIC_REPRESENTATION_CONTEXT(2) 
PARAMETRIC_REPRESENTATION_CONTEXT() REPRESENTATION_CONTEXT('2D SPACE',''
  ) );
#2497 = ORIENTED_EDGE('',*,*,#2404,.T.);
#2498 = ORIENTED_EDGE('',*,*,#757,.F.);
#2499 = ORIENTED_EDGE('',*,*,#2451,.F.);
#2500 = ADVANCED_FACE('',(#2501),#832,.F.);
#2501 = FACE_BOUND('',#2502,.F.);
#2502 = EDGE_LOOP('',(#2503,#2504,#2525,#2526));
#2503 = ORIENTED_EDGE('',*,*,#814,.T.);
#2504 = ORIENTED_EDGE('',*,*,#2505,.T.);
#2505 = EDGE_CURVE('',#817,#1029,#2506,.T.);
#2506 = SURFACE_CURVE('',#2507,(#2511,#2518),.PCURVE_S1.);
#2507 = LINE('',#2508,#2509);
#2508 = CARTESIAN_POINT('',(-4.389885494874E-02,0.433022821117,
    0.133286537398));
#2509 = VECTOR('',#2510,1.);
#2510 = DIRECTION('',(0.798113550811,-0.602507062209,0.));
#2511 = PCURVE('',#832,#2512);
#2512 = DEFINITIONAL_REPRESENTATION('',(#2513),#2517);
#2513 = LINE('',#2514,#2515);
#2514 = CARTESIAN_POINT('',(0.,-0.122373867));
#2515 = VECTOR('',#2516,1.);
#2516 = DIRECTION('',(1.,0.));
#2517 = ( GEOMETRIC_REPRESENTATION_CONTEXT(2) 
PARAMETRIC_REPRESENTATION_CONTEXT() REPRESENTATION_CONTEXT('2D SPACE',''
  ) );
#2518 = PCURVE('',#908,#2519);
#2519 = DEFINITIONAL_REPRESENTATION('',(#2520),#2524);
#2520 = LINE('',#2521,#2522);
#2521 = CARTESIAN_POINT('',(-2.387824480187E-02,5.638946904432E-02));
#2522 = VECTOR('',#2523,1.);
#2523 = DIRECTION('',(-0.602507062209,-0.798113550811));
#2524 = ( GEOMETRIC_REPRESENTATION_CONTEXT(2) 
PARAMETRIC_REPRESENTATION_CONTEXT() REPRESENTATION_CONTEXT('2D SPACE',''
  ) );
#2525 = ORIENTED_EDGE('',*,*,#1028,.F.);
#2526 = ORIENTED_EDGE('',*,*,#955,.F.);
#2527 = ADVANCED_FACE('',(#2528),#908,.T.);
#2528 = FACE_BOUND('',#2529,.T.);
#2529 = EDGE_LOOP('',(#2530,#2531,#2532,#2533,#2534,#2535));
#2530 = ORIENTED_EDGE('',*,*,#1124,.T.);
#2531 = ORIENTED_EDGE('',*,*,#1002,.T.);
#2532 = ORIENTED_EDGE('',*,*,#894,.T.);
#2533 = ORIENTED_EDGE('',*,*,#2505,.T.);
#2534 = ORIENTED_EDGE('',*,*,#1051,.T.);
#2535 = ORIENTED_EDGE('',*,*,#1151,.T.);
#2536 = ADVANCED_FACE('',(#2537,#2683,#2691,#2697),#1195,.F.);
#2537 = FACE_BOUND('',#2538,.F.);
#2538 = EDGE_LOOP('',(#2539,#2540,#2561,#2562,#2585,#2608,#2631,#2652,
    #2653,#2678,#2679,#2680,#2681,#2682));
#2539 = ORIENTED_EDGE('',*,*,#1353,.T.);
#2540 = ORIENTED_EDGE('',*,*,#2541,.F.);
#2541 = EDGE_CURVE('',#1633,#1354,#2542,.T.);
#2542 = SURFACE_CURVE('',#2543,(#2547,#2554),.PCURVE_S1.);
#2543 = LINE('',#2544,#2545);
#2544 = CARTESIAN_POINT('',(-0.636169103491,-0.999999959671,
    -0.255660404398));
#2545 = VECTOR('',#2546,1.);
#2546 = DIRECTION('',(-0.,1.,0.));
#2547 = PCURVE('',#1195,#2548);
#2548 = DEFINITIONAL_REPRESENTATION('',(#2549),#2553);
#2549 = LINE('',#2550,#2551);
#2550 = CARTESIAN_POINT('',(0.326211201091,0.));
#2551 = VECTOR('',#2552,1.);
#2552 = DIRECTION('',(0.,1.));
#2553 = ( GEOMETRIC_REPRESENTATION_CONTEXT(2) 
PARAMETRIC_REPRESENTATION_CONTEXT() REPRESENTATION_CONTEXT('2D SPACE',''
  ) );
#2554 = PCURVE('',#1392,#2555);
#2555 = DEFINITIONAL_REPRESENTATION('',(#2556),#2560);
#2556 = LINE('',#2557,#2558);
#2557 = CARTESIAN_POINT('',(0.,0.));
#2558 = VECTOR('',#2559,1.);
#2559 = DIRECTION('',(0.,-1.));
#2560 = ( GEOMETRIC_REPRESENTATION_CONTEXT(2) 
PARAMETRIC_REPRESENTATION_CONTEXT() REPRESENTATION_CONTEXT('2D SPACE',''
  ) );
#2561 = ORIENTED_EDGE('',*,*,#1632,.T.);
#2562 = ORIENTED_EDGE('',*,*,#2563,.T.);
#2563 = EDGE_CURVE('',#1635,#2564,#2566,.T.);
#2564 = VERTEX_POINT('',#2565);
#2565 = CARTESIAN_POINT('',(-0.310762603761,-0.692958195045,
    -0.255660404398));
#2566 = SURFACE_CURVE('',#2567,(#2571,#2578),.PCURVE_S1.);
#2567 = LINE('',#2568,#2569);
#2568 = CARTESIAN_POINT('',(-0.310762603761,-0.999999959671,
    -0.255660404398));
#2569 = VECTOR('',#2570,1.);
#2570 = DIRECTION('',(-0.,1.,0.));
#2571 = PCURVE('',#1195,#2572);
#2572 = DEFINITIONAL_REPRESENTATION('',(#2573),#2577);
#2573 = LINE('',#2574,#2575);
#2574 = CARTESIAN_POINT('',(0.651617700821,0.));
#2575 = VECTOR('',#2576,1.);
#2576 = DIRECTION('',(0.,1.));
#2577 = ( GEOMETRIC_REPRESENTATION_CONTEXT(2) 
PARAMETRIC_REPRESENTATION_CONTEXT() REPRESENTATION_CONTEXT('2D SPACE',''
  ) );
#2578 = PCURVE('',#1745,#2579);
#2579 = DEFINITIONAL_REPRESENTATION('',(#2580),#2584);
#2580 = LINE('',#2581,#2582);
#2581 = CARTESIAN_POINT('',(9.818378212469E-02,0.));
#2582 = VECTOR('',#2583,1.);
#2583 = DIRECTION('',(0.,-1.));
#2584 = ( GEOMETRIC_REPRESENTATION_CONTEXT(2) 
PARAMETRIC_REPRESENTATION_CONTEXT() REPRESENTATION_CONTEXT('2D SPACE',''
  ) );
#2585 = ORIENTED_EDGE('',*,*,#2586,.T.);
#2586 = EDGE_CURVE('',#2564,#2587,#2589,.T.);
#2587 = VERTEX_POINT('',#2588);
#2588 = CARTESIAN_POINT('',(-0.310762603761,-0.570017041169,
    -0.255660404398));
#2589 = SURFACE_CURVE('',#2590,(#2594,#2601),.PCURVE_S1.);
#2590 = LINE('',#2591,#2592);
#2591 = CARTESIAN_POINT('',(-0.310762603761,-0.999999959671,
    -0.255660404398));
#2592 = VECTOR('',#2593,1.);
#2593 = DIRECTION('',(-0.,1.,0.));
#2594 = PCURVE('',#1195,#2595);
#2595 = DEFINITIONAL_REPRESENTATION('',(#2596),#2600);
#2596 = LINE('',#2597,#2598);
#2597 = CARTESIAN_POINT('',(0.651617700821,0.));
#2598 = VECTOR('',#2599,1.);
#2599 = DIRECTION('',(0.,1.));
#2600 = ( GEOMETRIC_REPRESENTATION_CONTEXT(2) 
PARAMETRIC_REPRESENTATION_CONTEXT() REPRESENTATION_CONTEXT('2D SPACE',''
  ) );
#2601 = PCURVE('',#1926,#2602);
#2602 = DEFINITIONAL_REPRESENTATION('',(#2603),#2607);
#2603 = LINE('',#2604,#2605);
#2604 = CARTESIAN_POINT('',(1.324880344713,0.));
#2605 = VECTOR('',#2606,1.);
#2606 = DIRECTION('',(0.,-1.));
#2607 = ( GEOMETRIC_REPRESENTATION_CONTEXT(2) 
PARAMETRIC_REPRESENTATION_CONTEXT() REPRESENTATION_CONTEXT('2D SPACE',''
  ) );
#2608 = ORIENTED_EDGE('',*,*,#2609,.T.);
#2609 = EDGE_CURVE('',#2587,#2610,#2612,.T.);
#2610 = VERTEX_POINT('',#2611);
#2611 = CARTESIAN_POINT('',(-0.265714559401,-0.5575511522,
    -0.255660404398));
#2612 = SURFACE_CURVE('',#2613,(#2617,#2624),.PCURVE_S1.);
#2613 = LINE('',#2614,#2615);
#2614 = CARTESIAN_POINT('',(-7.576389748702E-02,-0.504987186449,
    -0.255660404398));
#2615 = VECTOR('',#2616,1.);
#2616 = DIRECTION('',(0.963779276612,0.266701154802,-0.));
#2617 = PCURVE('',#1195,#2618);
#2618 = DEFINITIONAL_REPRESENTATION('',(#2619),#2623);
#2619 = LINE('',#2620,#2621);
#2620 = CARTESIAN_POINT('',(0.886616407095,0.495012773222));
#2621 = VECTOR('',#2622,1.);
#2622 = DIRECTION('',(0.963779276612,0.266701154802));
#2623 = ( GEOMETRIC_REPRESENTATION_CONTEXT(2) 
PARAMETRIC_REPRESENTATION_CONTEXT() REPRESENTATION_CONTEXT('2D SPACE',''
  ) );
#2624 = PCURVE('',#1952,#2625);
#2625 = DEFINITIONAL_REPRESENTATION('',(#2626),#2630);
#2626 = LINE('',#2627,#2628);
#2627 = CARTESIAN_POINT('',(1.099058490267,8.315138788108E-02));
#2628 = VECTOR('',#2629,1.);
#2629 = DIRECTION('',(-0.926143071051,0.377172390221));
#2630 = ( GEOMETRIC_REPRESENTATION_CONTEXT(2) 
PARAMETRIC_REPRESENTATION_CONTEXT() REPRESENTATION_CONTEXT('2D SPACE',''
  ) );
#2631 = ORIENTED_EDGE('',*,*,#2632,.T.);
#2632 = EDGE_CURVE('',#2610,#1761,#2633,.T.);
#2633 = SURFACE_CURVE('',#2634,(#2638,#2645),.PCURVE_S1.);
#2634 = LINE('',#2635,#2636);
#2635 = CARTESIAN_POINT('',(-0.310762603761,-0.5575511522,
    -0.255660404398));
#2636 = VECTOR('',#2637,1.);
#2637 = DIRECTION('',(1.,0.,0.));
#2638 = PCURVE('',#1195,#2639);
#2639 = DEFINITIONAL_REPRESENTATION('',(#2640),#2644);
#2640 = LINE('',#2641,#2642);
#2641 = CARTESIAN_POINT('',(0.651617700821,0.44244880747));
#2642 = VECTOR('',#2643,1.);
#2643 = DIRECTION('',(1.,0.));
#2644 = ( GEOMETRIC_REPRESENTATION_CONTEXT(2) 
PARAMETRIC_REPRESENTATION_CONTEXT() REPRESENTATION_CONTEXT('2D SPACE',''
  ) );
#2645 = PCURVE('',#1778,#2646);
#2646 = DEFINITIONAL_REPRESENTATION('',(#2647),#2651);
#2647 = LINE('',#2648,#2649);
#2648 = CARTESIAN_POINT('',(0.104591008723,-0.715293744709));
#2649 = VECTOR('',#2650,1.);
#2650 = DIRECTION('',(0.,1.));
#2651 = ( GEOMETRIC_REPRESENTATION_CONTEXT(2) 
PARAMETRIC_REPRESENTATION_CONTEXT() REPRESENTATION_CONTEXT('2D SPACE',''
  ) );
#2652 = ORIENTED_EDGE('',*,*,#1790,.T.);
#2653 = ORIENTED_EDGE('',*,*,#2654,.T.);
#2654 = EDGE_CURVE('',#1791,#1529,#2655,.T.);
#2655 = SURFACE_CURVE('',#2656,(#2661,#2672),.PCURVE_S1.);
#2656 = CIRCLE('',#2657,0.231407669715);
#2657 = AXIS2_PLACEMENT_3D('',#2658,#2659,#2660);
#2658 = CARTESIAN_POINT('',(0.962380304582,0.99999995967,-0.255660404398
    ));
#2659 = DIRECTION('',(0.,0.,-1.));
#2660 = DIRECTION('',(-1.,0.,0.));
#2661 = PCURVE('',#1195,#2662);
#2662 = DEFINITIONAL_REPRESENTATION('',(#2663),#2671);
#2663 = ( BOUNDED_CURVE() B_SPLINE_CURVE(2,(#2664,#2665,#2666,#2667,
#2668,#2669,#2670),.UNSPECIFIED.,.T.,.F.) B_SPLINE_CURVE_WITH_KNOTS((1,2
    ,2,2,2,1),(-2.094395102393,0.,2.094395102393,4.188790204786,
6.28318530718,8.377580409573),.UNSPECIFIED.) CURVE() 
GEOMETRIC_REPRESENTATION_ITEM() RATIONAL_B_SPLINE_CURVE((1.,0.5,1.,0.5,
1.,0.5,1.)) REPRESENTATION_ITEM('') );
#2664 = CARTESIAN_POINT('',(1.693352939449,1.999999919341));
#2665 = CARTESIAN_POINT('',(1.693352939449,2.400809760549));
#2666 = CARTESIAN_POINT('',(2.040464444022,2.200404839945));
#2667 = CARTESIAN_POINT('',(2.387575948595,1.999999919341));
#2668 = CARTESIAN_POINT('',(2.040464444022,1.799594998737));
#2669 = CARTESIAN_POINT('',(1.693352939449,1.599190078133));
#2670 = CARTESIAN_POINT('',(1.693352939449,1.999999919341));
#2671 = ( GEOMETRIC_REPRESENTATION_CONTEXT(2) 
PARAMETRIC_REPRESENTATION_CONTEXT() REPRESENTATION_CONTEXT('2D SPACE',''
  ) );
#2672 = PCURVE('',#1618,#2673);
#2673 = DEFINITIONAL_REPRESENTATION('',(#2674),#2677);
#2674 = B_SPLINE_CURVE_WITH_KNOTS('',1,(#2675,#2676),.UNSPECIFIED.,.F.,
  .F.,(2,2),(4.712388980385,6.28318530718),.PIECEWISE_BEZIER_KNOTS.);
#2675 = CARTESIAN_POINT('',(4.712388980385,0.));
#2676 = CARTESIAN_POINT('',(6.28318530718,0.));
#2677 = ( GEOMETRIC_REPRESENTATION_CONTEXT(2) 
PARAMETRIC_REPRESENTATION_CONTEXT() REPRESENTATION_CONTEXT('2D SPACE',''
  ) );
#2678 = ORIENTED_EDGE('',*,*,#1528,.F.);
#2679 = ORIENTED_EDGE('',*,*,#1432,.F.);
#2680 = ORIENTED_EDGE('',*,*,#1306,.T.);
#2681 = ORIENTED_EDGE('',*,*,#1177,.T.);
#2682 = ORIENTED_EDGE('',*,*,#1276,.F.);
#2683 = FACE_BOUND('',#2684,.F.);
#2684 = EDGE_LOOP('',(#2685,#2686,#2687,#2688,#2689,#2690));
#2685 = ORIENTED_EDGE('',*,*,#2087,.T.);
#2686 = ORIENTED_EDGE('',*,*,#1967,.T.);
#2687 = ORIENTED_EDGE('',*,*,#2038,.T.);
#2688 = ORIENTED_EDGE('',*,*,#2136,.T.);
#2689 = ORIENTED_EDGE('',*,*,#2234,.T.);
#2690 = ORIENTED_EDGE('',*,*,#2185,.T.);
#2691 = FACE_BOUND('',#2692,.F.);
#2692 = EDGE_LOOP('',(#2693,#2694,#2695,#2696));
#2693 = ORIENTED_EDGE('',*,*,#2428,.T.);
#2694 = ORIENTED_EDGE('',*,*,#2308,.T.);
#2695 = ORIENTED_EDGE('',*,*,#2379,.T.);
#2696 = ORIENTED_EDGE('',*,*,#2477,.T.);
#2697 = FACE_BOUND('',#2698,.F.);
#2698 = EDGE_LOOP('',(#2699));
#2699 = ORIENTED_EDGE('',*,*,#2283,.F.);
#2700 = ADVANCED_FACE('',(#2701),#1392,.F.);
#2701 = FACE_BOUND('',#2702,.F.);
#2702 = EDGE_LOOP('',(#2703,#2704,#2705,#2706));
#2703 = ORIENTED_EDGE('',*,*,#2541,.T.);
#2704 = ORIENTED_EDGE('',*,*,#1376,.T.);
#2705 = ORIENTED_EDGE('',*,*,#1479,.F.);
#2706 = ORIENTED_EDGE('',*,*,#1657,.F.);
#2707 = ADVANCED_FACE('',(#2708),#1618,.F.);
#2708 = FACE_BOUND('',#2709,.F.);
#2709 = EDGE_LOOP('',(#2710,#2711,#2732,#2733));
#2710 = ORIENTED_EDGE('',*,*,#1813,.T.);
#2711 = ORIENTED_EDGE('',*,*,#2712,.T.);
#2712 = EDGE_CURVE('',#1814,#1577,#2713,.T.);
#2713 = SURFACE_CURVE('',#2714,(#2719,#2725),.PCURVE_S1.);
#2714 = CIRCLE('',#2715,0.231407669715);
#2715 = AXIS2_PLACEMENT_3D('',#2716,#2717,#2718);
#2716 = CARTESIAN_POINT('',(0.962380304582,0.99999995967,
    -9.308138767814E-02));
#2717 = DIRECTION('',(0.,0.,-1.));
#2718 = DIRECTION('',(-1.,0.,0.));
#2719 = PCURVE('',#1618,#2720);
#2720 = DEFINITIONAL_REPRESENTATION('',(#2721),#2724);
#2721 = B_SPLINE_CURVE_WITH_KNOTS('',1,(#2722,#2723),.UNSPECIFIED.,.F.,
  .F.,(2,2),(4.712388980385,6.28318530718),.PIECEWISE_BEZIER_KNOTS.);
#2722 = CARTESIAN_POINT('',(4.712388980385,-0.16257901672));
#2723 = CARTESIAN_POINT('',(6.28318530718,-0.16257901672));
#2724 = ( GEOMETRIC_REPRESENTATION_CONTEXT(2) 
PARAMETRIC_REPRESENTATION_CONTEXT() REPRESENTATION_CONTEXT('2D SPACE',''
  ) );
#2725 = PCURVE('',#1592,#2726);
#2726 = DEFINITIONAL_REPRESENTATION('',(#2727),#2731);
#2727 = CIRCLE('',#2728,0.231407669715);
#2728 = AXIS2_PLACEMENT_2D('',#2729,#2730);
#2729 = CARTESIAN_POINT('',(-9.547837453968E-02,9.54783745397E-02));
#2730 = DIRECTION('',(1.,0.));
#2731 = ( GEOMETRIC_REPRESENTATION_CONTEXT(2) 
PARAMETRIC_REPRESENTATION_CONTEXT() REPRESENTATION_CONTEXT('2D SPACE',''
  ) );
#2732 = ORIENTED_EDGE('',*,*,#1604,.F.);
#2733 = ORIENTED_EDGE('',*,*,#2654,.F.);
#2734 = ADVANCED_FACE('',(#2735),#1592,.T.);
#2735 = FACE_BOUND('',#2736,.T.);
#2736 = EDGE_LOOP('',(#2737,#2738,#2739));
#2737 = ORIENTED_EDGE('',*,*,#1576,.T.);
#2738 = ORIENTED_EDGE('',*,*,#1835,.T.);
#2739 = ORIENTED_EDGE('',*,*,#2712,.T.);
#2740 = ADVANCED_FACE('',(#2741),#1745,.F.);
#2741 = FACE_BOUND('',#2742,.F.);
#2742 = EDGE_LOOP('',(#2743,#2766,#2787,#2788));
#2743 = ORIENTED_EDGE('',*,*,#2744,.T.);
#2744 = EDGE_CURVE('',#1704,#2745,#2747,.T.);
#2745 = VERTEX_POINT('',#2746);
#2746 = CARTESIAN_POINT('',(-0.310762603761,-0.692958195045,
    -0.157476622273));
#2747 = SURFACE_CURVE('',#2748,(#2752,#2759),.PCURVE_S1.);
#2748 = LINE('',#2749,#2750);
#2749 = CARTESIAN_POINT('',(-0.310762603761,-0.999999959671,
    -0.157476622273));
#2750 = VECTOR('',#2751,1.);
#2751 = DIRECTION('',(-0.,1.,0.));
#2752 = PCURVE('',#1745,#2753);
#2753 = DEFINITIONAL_REPRESENTATION('',(#2754),#2758);
#2754 = LINE('',#2755,#2756);
#2755 = CARTESIAN_POINT('',(0.,0.));
#2756 = VECTOR('',#2757,1.);
#2757 = DIRECTION('',(0.,-1.));
#2758 = ( GEOMETRIC_REPRESENTATION_CONTEXT(2) 
PARAMETRIC_REPRESENTATION_CONTEXT() REPRESENTATION_CONTEXT('2D SPACE',''
  ) );
#2759 = PCURVE('',#1719,#2760);
#2760 = DEFINITIONAL_REPRESENTATION('',(#2761),#2765);
#2761 = LINE('',#2762,#2763);
#2762 = CARTESIAN_POINT('',(1.324880344713,0.));
#2763 = VECTOR('',#2764,1.);
#2764 = DIRECTION('',(0.,-1.));
#2765 = ( GEOMETRIC_REPRESENTATION_CONTEXT(2) 
PARAMETRIC_REPRESENTATION_CONTEXT() REPRESENTATION_CONTEXT('2D SPACE',''
  ) );
#2766 = ORIENTED_EDGE('',*,*,#2767,.T.);
#2767 = EDGE_CURVE('',#2745,#2564,#2768,.T.);
#2768 = SURFACE_CURVE('',#2769,(#2773,#2780),.PCURVE_S1.);
#2769 = LINE('',#2770,#2771);
#2770 = CARTESIAN_POINT('',(-0.310762603761,-0.692958195045,
    -0.157476622273));
#2771 = VECTOR('',#2772,1.);
#2772 = DIRECTION('',(0.,0.,-1.));
#2773 = PCURVE('',#1745,#2774);
#2774 = DEFINITIONAL_REPRESENTATION('',(#2775),#2779);
#2775 = LINE('',#2776,#2777);
#2776 = CARTESIAN_POINT('',(0.,-0.307041764625));
#2777 = VECTOR('',#2778,1.);
#2778 = DIRECTION('',(1.,0.));
#2779 = ( GEOMETRIC_REPRESENTATION_CONTEXT(2) 
PARAMETRIC_REPRESENTATION_CONTEXT() REPRESENTATION_CONTEXT('2D SPACE',''
  ) );
#2780 = PCURVE('',#1898,#2781);
#2781 = DEFINITIONAL_REPRESENTATION('',(#2782),#2786);
#2782 = LINE('',#2783,#2784);
#2783 = CARTESIAN_POINT('',(0.134221408198,-0.636571454171));
#2784 = VECTOR('',#2785,1.);
#2785 = DIRECTION('',(1.,0.));
#2786 = ( GEOMETRIC_REPRESENTATION_CONTEXT(2) 
PARAMETRIC_REPRESENTATION_CONTEXT() REPRESENTATION_CONTEXT('2D SPACE',''
  ) );
#2787 = ORIENTED_EDGE('',*,*,#2563,.F.);
#2788 = ORIENTED_EDGE('',*,*,#1731,.F.);
#2789 = ADVANCED_FACE('',(#2790),#1719,.F.);
#2790 = FACE_BOUND('',#2791,.F.);
#2791 = EDGE_LOOP('',(#2792,#2793,#2814,#2815));
#2792 = ORIENTED_EDGE('',*,*,#1859,.T.);
#2793 = ORIENTED_EDGE('',*,*,#2794,.T.);
#2794 = EDGE_CURVE('',#1860,#2745,#2795,.T.);
#2795 = SURFACE_CURVE('',#2796,(#2800,#2807),.PCURVE_S1.);
#2796 = LINE('',#2797,#2798);
#2797 = CARTESIAN_POINT('',(0.962380304582,-0.692958195045,
    0.209149976247));
#2798 = VECTOR('',#2799,1.);
#2799 = DIRECTION('',(-0.960949351708,0.,-0.276724309469));
#2800 = PCURVE('',#1719,#2801);
#2801 = DEFINITIONAL_REPRESENTATION('',(#2802),#2806);
#2802 = LINE('',#2803,#2804);
#2803 = CARTESIAN_POINT('',(0.,-0.307041764625));
#2804 = VECTOR('',#2805,1.);
#2805 = DIRECTION('',(1.,0.));
#2806 = ( GEOMETRIC_REPRESENTATION_CONTEXT(2) 
PARAMETRIC_REPRESENTATION_CONTEXT() REPRESENTATION_CONTEXT('2D SPACE',''
  ) );
#2807 = PCURVE('',#1898,#2808);
#2808 = DEFINITIONAL_REPRESENTATION('',(#2809),#2813);
#2809 = LINE('',#2810,#2811);
#2810 = CARTESIAN_POINT('',(-0.232405190322,0.636571454171));
#2811 = VECTOR('',#2812,1.);
#2812 = DIRECTION('',(0.276724309469,-0.960949351708));
#2813 = ( GEOMETRIC_REPRESENTATION_CONTEXT(2) 
PARAMETRIC_REPRESENTATION_CONTEXT() REPRESENTATION_CONTEXT('2D SPACE',''
  ) );
#2814 = ORIENTED_EDGE('',*,*,#2744,.F.);
#2815 = ORIENTED_EDGE('',*,*,#1703,.F.);
#2816 = ADVANCED_FACE('',(#2817),#1778,.T.);
#2817 = FACE_BOUND('',#2818,.T.);
#2818 = EDGE_LOOP('',(#2819,#2820,#2821));
#2819 = ORIENTED_EDGE('',*,*,#2632,.T.);
#2820 = ORIENTED_EDGE('',*,*,#1760,.T.);
#2821 = ORIENTED_EDGE('',*,*,#2822,.T.);
#2822 = EDGE_CURVE('',#1763,#2610,#2823,.T.);
#2823 = SURFACE_CURVE('',#2824,(#2828,#2835),.PCURVE_S1.);
#2824 = LINE('',#2825,#2826);
#2825 = CARTESIAN_POINT('',(0.965829919099,-0.5575511522,
    9.898710619973E-02));
#2826 = VECTOR('',#2827,1.);
#2827 = DIRECTION('',(-0.960949351708,0.,-0.276724309469));
#2828 = PCURVE('',#1778,#2829);
#2829 = DEFINITIONAL_REPRESENTATION('',(#2830),#2834);
#2830 = LINE('',#2831,#2832);
#2831 = CARTESIAN_POINT('',(-0.250056501875,0.56129877815));
#2832 = VECTOR('',#2833,1.);
#2833 = DIRECTION('',(0.276724309469,-0.960949351708));
#2834 = ( GEOMETRIC_REPRESENTATION_CONTEXT(2) 
PARAMETRIC_REPRESENTATION_CONTEXT() REPRESENTATION_CONTEXT('2D SPACE',''
  ) );
#2835 = PCURVE('',#1952,#2836);
#2836 = DEFINITIONAL_REPRESENTATION('',(#2837),#2841);
#2837 = LINE('',#2838,#2839);
#2838 = CARTESIAN_POINT('',(-7.941780913456E-15,8.814714623106E-03));
#2839 = VECTOR('',#2840,1.);
#2840 = DIRECTION('',(1.,2.775557561563E-17));
#2841 = ( GEOMETRIC_REPRESENTATION_CONTEXT(2) 
PARAMETRIC_REPRESENTATION_CONTEXT() REPRESENTATION_CONTEXT('2D SPACE',''
  ) );
#2842 = ADVANCED_FACE('',(#2843),#1952,.T.);
#2843 = FACE_BOUND('',#2844,.T.);
#2844 = EDGE_LOOP('',(#2845,#2846,#2867,#2868));
#2845 = ORIENTED_EDGE('',*,*,#1938,.F.);
#2846 = ORIENTED_EDGE('',*,*,#2847,.T.);
#2847 = EDGE_CURVE('',#1911,#2587,#2848,.T.);
#2848 = SURFACE_CURVE('',#2849,(#2853,#2860),.PCURVE_S1.);
#2849 = LINE('',#2850,#2851);
#2850 = CARTESIAN_POINT('',(0.962380304582,-0.570017041169,
    0.110966194122));
#2851 = VECTOR('',#2852,1.);
#2852 = DIRECTION('',(-0.960949351708,0.,-0.276724309469));
#2853 = PCURVE('',#1952,#2854);
#2854 = DEFINITIONAL_REPRESENTATION('',(#2855),#2859);
#2855 = LINE('',#2856,#2857);
#2856 = CARTESIAN_POINT('',(7.491837011875E-15,-8.814714623106E-03));
#2857 = VECTOR('',#2858,1.);
#2858 = DIRECTION('',(1.,2.775557561563E-17));
#2859 = ( GEOMETRIC_REPRESENTATION_CONTEXT(2) 
PARAMETRIC_REPRESENTATION_CONTEXT() REPRESENTATION_CONTEXT('2D SPACE',''
  ) );
#2860 = PCURVE('',#1926,#2861);
#2861 = DEFINITIONAL_REPRESENTATION('',(#2862),#2866);
#2862 = LINE('',#2863,#2864);
#2863 = CARTESIAN_POINT('',(0.,-0.429982918502));
#2864 = VECTOR('',#2865,1.);
#2865 = DIRECTION('',(1.,0.));
#2866 = ( GEOMETRIC_REPRESENTATION_CONTEXT(2) 
PARAMETRIC_REPRESENTATION_CONTEXT() REPRESENTATION_CONTEXT('2D SPACE',''
  ) );
#2867 = ORIENTED_EDGE('',*,*,#2609,.T.);
#2868 = ORIENTED_EDGE('',*,*,#2822,.F.);
#2869 = ADVANCED_FACE('',(#2870),#1926,.F.);
#2870 = FACE_BOUND('',#2871,.F.);
#2871 = EDGE_LOOP('',(#2872,#2873,#2894,#2895));
#2872 = ORIENTED_EDGE('',*,*,#2586,.F.);
#2873 = ORIENTED_EDGE('',*,*,#2874,.T.);
#2874 = EDGE_CURVE('',#2564,#1883,#2875,.T.);
#2875 = SURFACE_CURVE('',#2876,(#2880,#2887),.PCURVE_S1.);
#2876 = LINE('',#2877,#2878);
#2877 = CARTESIAN_POINT('',(-0.310762603761,-0.692958195045,
    -0.255660404398));
#2878 = VECTOR('',#2879,1.);
#2879 = DIRECTION('',(0.960949351708,0.,0.276724309469));
#2880 = PCURVE('',#1926,#2881);
#2881 = DEFINITIONAL_REPRESENTATION('',(#2882),#2886);
#2882 = LINE('',#2883,#2884);
#2883 = CARTESIAN_POINT('',(1.324880344713,-0.307041764625));
#2884 = VECTOR('',#2885,1.);
#2885 = DIRECTION('',(-1.,0.));
#2886 = ( GEOMETRIC_REPRESENTATION_CONTEXT(2) 
PARAMETRIC_REPRESENTATION_CONTEXT() REPRESENTATION_CONTEXT('2D SPACE',''
  ) );
#2887 = PCURVE('',#1898,#2888);
#2888 = DEFINITIONAL_REPRESENTATION('',(#2889),#2893);
#2889 = LINE('',#2890,#2891);
#2890 = CARTESIAN_POINT('',(0.232405190322,-0.636571454171));
#2891 = VECTOR('',#2892,1.);
#2892 = DIRECTION('',(-0.276724309469,0.960949351708));
#2893 = ( GEOMETRIC_REPRESENTATION_CONTEXT(2) 
PARAMETRIC_REPRESENTATION_CONTEXT() REPRESENTATION_CONTEXT('2D SPACE',''
  ) );
#2894 = ORIENTED_EDGE('',*,*,#1910,.T.);
#2895 = ORIENTED_EDGE('',*,*,#2847,.T.);
#2896 = ADVANCED_FACE('',(#2897),#1898,.T.);
#2897 = FACE_BOUND('',#2898,.T.);
#2898 = EDGE_LOOP('',(#2899,#2900,#2901,#2902));
#2899 = ORIENTED_EDGE('',*,*,#2767,.T.);
#2900 = ORIENTED_EDGE('',*,*,#2874,.T.);
#2901 = ORIENTED_EDGE('',*,*,#1882,.T.);
#2902 = ORIENTED_EDGE('',*,*,#2794,.T.);
#2903 = ( GEOMETRIC_REPRESENTATION_CONTEXT(3) 
GLOBAL_UNCERTAINTY_ASSIGNED_CONTEXT((#2907)) 
GLOBAL_UNIT_ASSIGNED_CONTEXT((#2904,#2905,#2906)) REPRESENTATION_CONTEXT
('Context #1','3D Context with UNIT and UNCERTAINTY') );
#2904 = ( LENGTH_UNIT() NAMED_UNIT(*) SI_UNIT(.MILLI.,.METRE.) );
#2905 = ( NAMED_UNIT(*) PLANE_ANGLE_UNIT() SI_UNIT($,.RADIAN.) );
#2906 = ( NAMED_UNIT(*) SI_UNIT($,.STERADIAN.) SOLID_ANGLE_UNIT() );
#2907 = UNCERTAINTY_MEASURE_WITH_UNIT(LENGTH_MEASURE(1.E-07),#2904,
  'distance_accuracy_value','confusion accuracy');
#2908 = PRODUCT_RELATED_PRODUCT_CATEGORY('part',$,(#7));
ENDSEC;
END-ISO-10303-21;
