ISO-10303-21;
HEADER;
FILE_DESCRIPTION(('Open CASCADE Model'),'2;1');
FILE_NAME('Open CASCADE Shape Model','2026-05-11T10:24:06',('Author'),(
    'Open CASCADE'),'Open CASCADE STEP processor 7.8','Open CASCADE 7.8'
  ,'Unknown');
FILE_SCHEMA(('AUTOMOTIVE_DESIGN { 1 0 10303 214 1 1 1 1 }'));
ENDSEC;
DATA;
#1 = APPLICATION_PROTOCOL_DEFINITION('international standard',
  'automotive_design',2000,#2);
#2 = APPLICATION_CONTEXT(
  'core data for automotive mechanical design processes');
#3 = SHAPE_DEFINITION_REPRESENTATION(#4,#10);
#4 = PRODUCT_DEFINITION_SHAPE('','',#5);
#5 = PRODUCT_DEFINITION('design','',#6,#9);
#6 = PRODUCT_DEFINITION_FORMATION('','',#7);
#7 = PRODUCT('Open CASCADE STEP translator 7.8 84',
  'Open CASCADE STEP translator 7.8 84','',(#8));
#8 = PRODUCT_CONTEXT('',#2,'mechanical');
#9 = PRODUCT_DEFINITION_CONTEXT('part definition',#2,'design');
#10 = ADVANCED_BREP_SHAPE_REPRESENTATION('',(#11,#15),#2227);
#11 = AXIS2_PLACEMENT_3D('',#12,#13,#14);
#12 = CARTESIAN_POINT('',(0.,0.,0.));
#13 = DIRECTION('',(0.,0.,1.));
#14 = DIRECTION('',(1.,0.,-0.));
#15 = MANIFOLD_SOLID_BREP('',#16);
#16 = CLOSED_SHELL('',(#17,#393,#469,#688,#1004,#1031,#1102,#1151,#1178,
    #1249,#1395,#1444,#1493,#1639,#1666,#1743,#1775,#1782,#1854,#1881,
    #1975,#1982,#1989,#2063,#2111,#2159,#2186,#2213,#2220));
#17 = ADVANCED_FACE('',(#18,#137,#223),#32,.F.);
#18 = FACE_BOUND('',#19,.F.);
#19 = EDGE_LOOP('',(#20,#55,#83,#111));
#20 = ORIENTED_EDGE('',*,*,#21,.F.);
#21 = EDGE_CURVE('',#22,#24,#26,.T.);
#22 = VERTEX_POINT('',#23);
#23 = CARTESIAN_POINT('',(-0.999999995487,-0.97551140002,-0.705516934574
    ));
#24 = VERTEX_POINT('',#25);
#25 = CARTESIAN_POINT('',(-0.999999995487,-0.97551140002,0.705516934574)
  );
#26 = SURFACE_CURVE('',#27,(#31,#43),.PCURVE_S1.);
#27 = LINE('',#28,#29);
#28 = CARTESIAN_POINT('',(-0.999999995487,-0.97551140002,-0.705516934574
    ));
#29 = VECTOR('',#30,1.);
#30 = DIRECTION('',(0.,0.,1.));
#31 = PCURVE('',#32,#37);
#32 = PLANE('',#33);
#33 = AXIS2_PLACEMENT_3D('',#34,#35,#36);
#34 = CARTESIAN_POINT('',(-0.999999995487,-0.97551140002,-0.705516934574
    ));
#35 = DIRECTION('',(1.,0.,-0.));
#36 = DIRECTION('',(0.,0.,1.));
#37 = DEFINITIONAL_REPRESENTATION('',(#38),#42);
#38 = LINE('',#39,#40);
#39 = CARTESIAN_POINT('',(0.,0.));
#40 = VECTOR('',#41,1.);
#41 = DIRECTION('',(1.,0.));
#42 = ( GEOMETRIC_REPRESENTATION_CONTEXT(2) 
PARAMETRIC_REPRESENTATION_CONTEXT() REPRESENTATION_CONTEXT('2D SPACE',''
  ) );
#43 = PCURVE('',#44,#49);
#44 = PLANE('',#45);
#45 = AXIS2_PLACEMENT_3D('',#46,#47,#48);
#46 = CARTESIAN_POINT('',(-0.999999995487,-0.97551140002,-0.705516934574
    ));
#47 = DIRECTION('',(-0.,1.,0.));
#48 = DIRECTION('',(0.,0.,1.));
#49 = DEFINITIONAL_REPRESENTATION('',(#50),#54);
#50 = LINE('',#51,#52);
#51 = CARTESIAN_POINT('',(0.,0.));
#52 = VECTOR('',#53,1.);
#53 = DIRECTION('',(1.,0.));
#54 = ( GEOMETRIC_REPRESENTATION_CONTEXT(2) 
PARAMETRIC_REPRESENTATION_CONTEXT() REPRESENTATION_CONTEXT('2D SPACE',''
  ) );
#55 = ORIENTED_EDGE('',*,*,#56,.T.);
#56 = EDGE_CURVE('',#22,#57,#59,.T.);
#57 = VERTEX_POINT('',#58);
#58 = CARTESIAN_POINT('',(-0.999999995487,0.97551140002,-0.705516934574)
  );
#59 = SURFACE_CURVE('',#60,(#64,#71),.PCURVE_S1.);
#60 = LINE('',#61,#62);
#61 = CARTESIAN_POINT('',(-0.999999995487,-0.97551140002,-0.705516934574
    ));
#62 = VECTOR('',#63,1.);
#63 = DIRECTION('',(-0.,1.,0.));
#64 = PCURVE('',#32,#65);
#65 = DEFINITIONAL_REPRESENTATION('',(#66),#70);
#66 = LINE('',#67,#68);
#67 = CARTESIAN_POINT('',(0.,0.));
#68 = VECTOR('',#69,1.);
#69 = DIRECTION('',(0.,-1.));
#70 = ( GEOMETRIC_REPRESENTATION_CONTEXT(2) 
PARAMETRIC_REPRESENTATION_CONTEXT() REPRESENTATION_CONTEXT('2D SPACE',''
  ) );
#71 = PCURVE('',#72,#77);
#72 = PLANE('',#73);
#73 = AXIS2_PLACEMENT_3D('',#74,#75,#76);
#74 = CARTESIAN_POINT('',(-0.999999995487,-0.97551140002,-0.705516934574
    ));
#75 = DIRECTION('',(0.,0.,1.));
#76 = DIRECTION('',(1.,0.,-0.));
#77 = DEFINITIONAL_REPRESENTATION('',(#78),#82);
#78 = LINE('',#79,#80);
#79 = CARTESIAN_POINT('',(0.,0.));
#80 = VECTOR('',#81,1.);
#81 = DIRECTION('',(0.,1.));
#82 = ( GEOMETRIC_REPRESENTATION_CONTEXT(2) 
PARAMETRIC_REPRESENTATION_CONTEXT() REPRESENTATION_CONTEXT('2D SPACE',''
  ) );
#83 = ORIENTED_EDGE('',*,*,#84,.T.);
#84 = EDGE_CURVE('',#57,#85,#87,.T.);
#85 = VERTEX_POINT('',#86);
#86 = CARTESIAN_POINT('',(-0.999999995487,0.97551140002,0.705516934574)
  );
#87 = SURFACE_CURVE('',#88,(#92,#99),.PCURVE_S1.);
#88 = LINE('',#89,#90);
#89 = CARTESIAN_POINT('',(-0.999999995487,0.97551140002,-0.705516934574)
  );
#90 = VECTOR('',#91,1.);
#91 = DIRECTION('',(0.,0.,1.));
#92 = PCURVE('',#32,#93);
#93 = DEFINITIONAL_REPRESENTATION('',(#94),#98);
#94 = LINE('',#95,#96);
#95 = CARTESIAN_POINT('',(0.,-1.95102280004));
#96 = VECTOR('',#97,1.);
#97 = DIRECTION('',(1.,0.));
#98 = ( GEOMETRIC_REPRESENTATION_CONTEXT(2) 
PARAMETRIC_REPRESENTATION_CONTEXT() REPRESENTATION_CONTEXT('2D SPACE',''
  ) );
#99 = PCURVE('',#100,#105);
#100 = PLANE('',#101);
#101 = AXIS2_PLACEMENT_3D('',#102,#103,#104);
#102 = CARTESIAN_POINT('',(-0.999999995487,0.97551140002,-0.705516934574
    ));
#103 = DIRECTION('',(-0.,1.,0.));
#104 = DIRECTION('',(0.,0.,1.));
#105 = DEFINITIONAL_REPRESENTATION('',(#106),#110);
#106 = LINE('',#107,#108);
#107 = CARTESIAN_POINT('',(0.,0.));
#108 = VECTOR('',#109,1.);
#109 = DIRECTION('',(1.,0.));
#110 = ( GEOMETRIC_REPRESENTATION_CONTEXT(2) 
PARAMETRIC_REPRESENTATION_CONTEXT() REPRESENTATION_CONTEXT('2D SPACE',''
  ) );
#111 = ORIENTED_EDGE('',*,*,#112,.F.);
#112 = EDGE_CURVE('',#24,#85,#113,.T.);
#113 = SURFACE_CURVE('',#114,(#118,#125),.PCURVE_S1.);
#114 = LINE('',#115,#116);
#115 = CARTESIAN_POINT('',(-0.999999995487,-0.97551140002,0.705516934574
    ));
#116 = VECTOR('',#117,1.);
#117 = DIRECTION('',(-0.,1.,0.));
#118 = PCURVE('',#32,#119);
#119 = DEFINITIONAL_REPRESENTATION('',(#120),#124);
#120 = LINE('',#121,#122);
#121 = CARTESIAN_POINT('',(1.411033869148,0.));
#122 = VECTOR('',#123,1.);
#123 = DIRECTION('',(0.,-1.));
#124 = ( GEOMETRIC_REPRESENTATION_CONTEXT(2) 
PARAMETRIC_REPRESENTATION_CONTEXT() REPRESENTATION_CONTEXT('2D SPACE',''
  ) );
#125 = PCURVE('',#126,#131);
#126 = PLANE('',#127);
#127 = AXIS2_PLACEMENT_3D('',#128,#129,#130);
#128 = CARTESIAN_POINT('',(-0.999999995487,-0.97551140002,0.705516934574
    ));
#129 = DIRECTION('',(0.,0.,1.));
#130 = DIRECTION('',(1.,0.,-0.));
#131 = DEFINITIONAL_REPRESENTATION('',(#132),#136);
#132 = LINE('',#133,#134);
#133 = CARTESIAN_POINT('',(0.,0.));
#134 = VECTOR('',#135,1.);
#135 = DIRECTION('',(0.,1.));
#136 = ( GEOMETRIC_REPRESENTATION_CONTEXT(2) 
PARAMETRIC_REPRESENTATION_CONTEXT() REPRESENTATION_CONTEXT('2D SPACE',''
  ) );
#137 = FACE_BOUND('',#138,.F.);
#138 = EDGE_LOOP('',(#139,#169,#197));
#139 = ORIENTED_EDGE('',*,*,#140,.F.);
#140 = EDGE_CURVE('',#141,#143,#145,.T.);
#141 = VERTEX_POINT('',#142);
#142 = CARTESIAN_POINT('',(-0.999999995487,0.809638080251,0.424996342952
    ));
#143 = VERTEX_POINT('',#144);
#144 = CARTESIAN_POINT('',(-0.999999995487,0.880360893435,0.405249533009
    ));
#145 = SURFACE_CURVE('',#146,(#150,#157),.PCURVE_S1.);
#146 = LINE('',#147,#148);
#147 = CARTESIAN_POINT('',(-0.999999995487,0.809638080251,0.424996342952
    ));
#148 = VECTOR('',#149,1.);
#149 = DIRECTION('',(0.,0.963160289078,-0.268927978357));
#150 = PCURVE('',#32,#151);
#151 = DEFINITIONAL_REPRESENTATION('',(#152),#156);
#152 = LINE('',#153,#154);
#153 = CARTESIAN_POINT('',(1.130513277526,-1.785149480271));
#154 = VECTOR('',#155,1.);
#155 = DIRECTION('',(-0.268927978357,-0.963160289078));
#156 = ( GEOMETRIC_REPRESENTATION_CONTEXT(2) 
PARAMETRIC_REPRESENTATION_CONTEXT() REPRESENTATION_CONTEXT('2D SPACE',''
  ) );
#157 = PCURVE('',#158,#163);
#158 = PLANE('',#159);
#159 = AXIS2_PLACEMENT_3D('',#160,#161,#162);
#160 = CARTESIAN_POINT('',(0.999999995487,0.809638080251,0.424996342952)
  );
#161 = DIRECTION('',(0.,-0.268927978357,-0.963160289078));
#162 = DIRECTION('',(0.,0.963160289078,-0.268927978357));
#163 = DEFINITIONAL_REPRESENTATION('',(#164),#168);
#164 = LINE('',#165,#166);
#165 = CARTESIAN_POINT('',(0.,-1.999999990974));
#166 = VECTOR('',#167,1.);
#167 = DIRECTION('',(1.,0.));
#168 = ( GEOMETRIC_REPRESENTATION_CONTEXT(2) 
PARAMETRIC_REPRESENTATION_CONTEXT() REPRESENTATION_CONTEXT('2D SPACE',''
  ) );
#169 = ORIENTED_EDGE('',*,*,#170,.F.);
#170 = EDGE_CURVE('',#171,#141,#173,.T.);
#171 = VERTEX_POINT('',#172);
#172 = CARTESIAN_POINT('',(-0.999999995487,0.878104582256,0.477250806934
    ));
#173 = SURFACE_CURVE('',#174,(#178,#185),.PCURVE_S1.);
#174 = LINE('',#175,#176);
#175 = CARTESIAN_POINT('',(-0.999999995487,0.878104582256,0.477250806934
    ));
#176 = VECTOR('',#177,1.);
#177 = DIRECTION('',(0.,-0.794930457844,-0.606700558095));
#178 = PCURVE('',#32,#179);
#179 = DEFINITIONAL_REPRESENTATION('',(#180),#184);
#180 = LINE('',#181,#182);
#181 = CARTESIAN_POINT('',(1.182767741507,-1.853615982276));
#182 = VECTOR('',#183,1.);
#183 = DIRECTION('',(-0.606700558095,0.794930457844));
#184 = ( GEOMETRIC_REPRESENTATION_CONTEXT(2) 
PARAMETRIC_REPRESENTATION_CONTEXT() REPRESENTATION_CONTEXT('2D SPACE',''
  ) );
#185 = PCURVE('',#186,#191);
#186 = PLANE('',#187);
#187 = AXIS2_PLACEMENT_3D('',#188,#189,#190);
#188 = CARTESIAN_POINT('',(0.999999995487,0.878104582256,0.477250806934)
  );
#189 = DIRECTION('',(0.,-0.606700558095,0.794930457844));
#190 = DIRECTION('',(0.,-0.794930457844,-0.606700558095));
#191 = DEFINITIONAL_REPRESENTATION('',(#192),#196);
#192 = LINE('',#193,#194);
#193 = CARTESIAN_POINT('',(-0.,-1.999999990974));
#194 = VECTOR('',#195,1.);
#195 = DIRECTION('',(1.,0.));
#196 = ( GEOMETRIC_REPRESENTATION_CONTEXT(2) 
PARAMETRIC_REPRESENTATION_CONTEXT() REPRESENTATION_CONTEXT('2D SPACE',''
  ) );
#197 = ORIENTED_EDGE('',*,*,#198,.F.);
#198 = EDGE_CURVE('',#143,#171,#199,.T.);
#199 = SURFACE_CURVE('',#200,(#204,#211),.PCURVE_S1.);
#200 = LINE('',#201,#202);
#201 = CARTESIAN_POINT('',(-0.999999995487,0.880360893435,0.405249533009
    ));
#202 = VECTOR('',#203,1.);
#203 = DIRECTION('',(0.,-3.132172539924E-02,0.999509354392));
#204 = PCURVE('',#32,#205);
#205 = DEFINITIONAL_REPRESENTATION('',(#206),#210);
#206 = LINE('',#207,#208);
#207 = CARTESIAN_POINT('',(1.110766467583,-1.855872293455));
#208 = VECTOR('',#209,1.);
#209 = DIRECTION('',(0.999509354392,3.132172539924E-02));
#210 = ( GEOMETRIC_REPRESENTATION_CONTEXT(2) 
PARAMETRIC_REPRESENTATION_CONTEXT() REPRESENTATION_CONTEXT('2D SPACE',''
  ) );
#211 = PCURVE('',#212,#217);
#212 = PLANE('',#213);
#213 = AXIS2_PLACEMENT_3D('',#214,#215,#216);
#214 = CARTESIAN_POINT('',(0.999999995487,0.880360893435,0.405249533009)
  );
#215 = DIRECTION('',(0.,0.999509354392,3.132172539924E-02));
#216 = DIRECTION('',(0.,-3.132172539924E-02,0.999509354392));
#217 = DEFINITIONAL_REPRESENTATION('',(#218),#222);
#218 = LINE('',#219,#220);
#219 = CARTESIAN_POINT('',(0.,-1.999999990974));
#220 = VECTOR('',#221,1.);
#221 = DIRECTION('',(1.,0.));
#222 = ( GEOMETRIC_REPRESENTATION_CONTEXT(2) 
PARAMETRIC_REPRESENTATION_CONTEXT() REPRESENTATION_CONTEXT('2D SPACE',''
  ) );
#223 = FACE_BOUND('',#224,.F.);
#224 = EDGE_LOOP('',(#225,#255,#283,#311,#339,#367));
#225 = ORIENTED_EDGE('',*,*,#226,.F.);
#226 = EDGE_CURVE('',#227,#229,#231,.T.);
#227 = VERTEX_POINT('',#228);
#228 = CARTESIAN_POINT('',(-0.999999995487,-0.280915033392,
    0.237313727403));
#229 = VERTEX_POINT('',#230);
#230 = CARTESIAN_POINT('',(-0.999999995487,-0.499584616294,
    -0.171273666061));
#231 = SURFACE_CURVE('',#232,(#236,#243),.PCURVE_S1.);
#232 = LINE('',#233,#234);
#233 = CARTESIAN_POINT('',(-0.999999995487,-0.554361829911,
    -0.273625710804));
#234 = VECTOR('',#235,1.);
#235 = DIRECTION('',(0.,-0.471858338171,-0.88167437793));
#236 = PCURVE('',#32,#237);
#237 = DEFINITIONAL_REPRESENTATION('',(#238),#242);
#238 = LINE('',#239,#240);
#239 = CARTESIAN_POINT('',(0.43189122377,-0.421149570109));
#240 = VECTOR('',#241,1.);
#241 = DIRECTION('',(-0.88167437793,0.471858338171));
#242 = ( GEOMETRIC_REPRESENTATION_CONTEXT(2) 
PARAMETRIC_REPRESENTATION_CONTEXT() REPRESENTATION_CONTEXT('2D SPACE',''
  ) );
#243 = PCURVE('',#244,#249);
#244 = PLANE('',#245);
#245 = AXIS2_PLACEMENT_3D('',#246,#247,#248);
#246 = CARTESIAN_POINT('',(6.123143100525E-02,-0.280915033392,
    0.237313727403));
#247 = DIRECTION('',(-0.,-0.88167437793,0.471858338171));
#248 = DIRECTION('',(0.,-0.471858338171,-0.88167437793));
#249 = DEFINITIONAL_REPRESENTATION('',(#250),#254);
#250 = LINE('',#251,#252);
#251 = CARTESIAN_POINT('',(0.579510362324,-1.061231426492));
#252 = VECTOR('',#253,1.);
#253 = DIRECTION('',(1.,0.));
#254 = ( GEOMETRIC_REPRESENTATION_CONTEXT(2) 
PARAMETRIC_REPRESENTATION_CONTEXT() REPRESENTATION_CONTEXT('2D SPACE',''
  ) );
#255 = ORIENTED_EDGE('',*,*,#256,.F.);
#256 = EDGE_CURVE('',#257,#227,#259,.T.);
#257 = VERTEX_POINT('',#258);
#258 = CARTESIAN_POINT('',(-0.999999995487,0.182266820464,0.252234010306
    ));
#259 = SURFACE_CURVE('',#260,(#264,#271),.PCURVE_S1.);
#260 = LINE('',#261,#262);
#261 = CARTESIAN_POINT('',(-0.999999995487,-0.411432052787,
    0.233109437366));
#262 = VECTOR('',#263,1.);
#263 = DIRECTION('',(0.,-0.999481578239,-3.219588112147E-02));
#264 = PCURVE('',#32,#265);
#265 = DEFINITIONAL_REPRESENTATION('',(#266),#270);
#266 = LINE('',#267,#268);
#267 = CARTESIAN_POINT('',(0.93862637194,-0.564079347233));
#268 = VECTOR('',#269,1.);
#269 = DIRECTION('',(-3.219588112147E-02,0.999481578239));
#270 = ( GEOMETRIC_REPRESENTATION_CONTEXT(2) 
PARAMETRIC_REPRESENTATION_CONTEXT() REPRESENTATION_CONTEXT('2D SPACE',''
  ) );
#271 = PCURVE('',#272,#277);
#272 = PLANE('',#273);
#273 = AXIS2_PLACEMENT_3D('',#274,#275,#276);
#274 = CARTESIAN_POINT('',(6.123143100525E-02,0.182266820464,
    0.252234010306));
#275 = DIRECTION('',(-0.,-3.219588112147E-02,0.999481578239));
#276 = DIRECTION('',(0.,-0.999481578239,-3.219588112147E-02));
#277 = DEFINITIONAL_REPRESENTATION('',(#278),#282);
#278 = LINE('',#279,#280);
#279 = CARTESIAN_POINT('',(0.594006819313,-1.061231426492));
#280 = VECTOR('',#281,1.);
#281 = DIRECTION('',(1.,0.));
#282 = ( GEOMETRIC_REPRESENTATION_CONTEXT(2) 
PARAMETRIC_REPRESENTATION_CONTEXT() REPRESENTATION_CONTEXT('2D SPACE',''
  ) );
#283 = ORIENTED_EDGE('',*,*,#284,.F.);
#284 = EDGE_CURVE('',#285,#257,#287,.T.);
#285 = VERTEX_POINT('',#286);
#286 = CARTESIAN_POINT('',(-0.999999995487,0.426779091419,
    -0.141433100253));
#287 = SURFACE_CURVE('',#288,(#292,#299),.PCURVE_S1.);
#288 = LINE('',#289,#290);
#289 = CARTESIAN_POINT('',(-0.999999995487,0.358002356074,
    -3.070189412167E-02));
#290 = VECTOR('',#291,1.);
#291 = DIRECTION('',(0.,-0.527623240068,0.849478496809));
#292 = PCURVE('',#32,#293);
#293 = DEFINITIONAL_REPRESENTATION('',(#294),#298);
#294 = LINE('',#295,#296);
#295 = CARTESIAN_POINT('',(0.674815040452,-1.333513756094));
#296 = VECTOR('',#297,1.);
#297 = DIRECTION('',(0.849478496809,0.527623240068));
#298 = ( GEOMETRIC_REPRESENTATION_CONTEXT(2) 
PARAMETRIC_REPRESENTATION_CONTEXT() REPRESENTATION_CONTEXT('2D SPACE',''
  ) );
#299 = PCURVE('',#300,#305);
#300 = PLANE('',#301);
#301 = AXIS2_PLACEMENT_3D('',#302,#303,#304);
#302 = CARTESIAN_POINT('',(6.123143100525E-02,0.426779091419,
    -0.141433100253));
#303 = DIRECTION('',(0.,0.849478496809,0.527623240068));
#304 = DIRECTION('',(0.,-0.527623240068,0.849478496809));
#305 = DEFINITIONAL_REPRESENTATION('',(#306),#310);
#306 = LINE('',#307,#308);
#307 = CARTESIAN_POINT('',(0.130351982478,-1.061231426492));
#308 = VECTOR('',#309,1.);
#309 = DIRECTION('',(1.,0.));
#310 = ( GEOMETRIC_REPRESENTATION_CONTEXT(2) 
PARAMETRIC_REPRESENTATION_CONTEXT() REPRESENTATION_CONTEXT('2D SPACE',''
  ) );
#311 = ORIENTED_EDGE('',*,*,#312,.F.);
#312 = EDGE_CURVE('',#313,#285,#315,.T.);
#313 = VERTEX_POINT('',#314);
#314 = CARTESIAN_POINT('',(-0.999999995487,0.208109508517,
    -0.550020493717));
#315 = SURFACE_CURVE('',#316,(#320,#327),.PCURVE_S1.);
#316 = LINE('',#317,#318);
#317 = CARTESIAN_POINT('',(-0.999999995487,4.399750344873E-02,
    -0.856666235191));
#318 = VECTOR('',#319,1.);
#319 = DIRECTION('',(0.,0.471858338171,0.88167437793));
#320 = PCURVE('',#32,#321);
#321 = DEFINITIONAL_REPRESENTATION('',(#322),#326);
#322 = LINE('',#323,#324);
#323 = CARTESIAN_POINT('',(-0.151149300617,-1.019508903469));
#324 = VECTOR('',#325,1.);
#325 = DIRECTION('',(0.88167437793,-0.471858338171));
#326 = ( GEOMETRIC_REPRESENTATION_CONTEXT(2) 
PARAMETRIC_REPRESENTATION_CONTEXT() REPRESENTATION_CONTEXT('2D SPACE',''
  ) );
#327 = PCURVE('',#328,#333);
#328 = PLANE('',#329);
#329 = AXIS2_PLACEMENT_3D('',#330,#331,#332);
#330 = CARTESIAN_POINT('',(6.123143100525E-02,0.208109508517,
    -0.550020493717));
#331 = DIRECTION('',(0.,0.88167437793,-0.471858338171));
#332 = DIRECTION('',(0.,0.471858338171,0.88167437793));
#333 = DEFINITIONAL_REPRESENTATION('',(#334),#338);
#334 = LINE('',#335,#336);
#335 = CARTESIAN_POINT('',(-0.347799311345,-1.061231426492));
#336 = VECTOR('',#337,1.);
#337 = DIRECTION('',(1.,0.));
#338 = ( GEOMETRIC_REPRESENTATION_CONTEXT(2) 
PARAMETRIC_REPRESENTATION_CONTEXT() REPRESENTATION_CONTEXT('2D SPACE',''
  ) );
#339 = ORIENTED_EDGE('',*,*,#340,.F.);
#340 = EDGE_CURVE('',#341,#313,#343,.T.);
#341 = VERTEX_POINT('',#342);
#342 = CARTESIAN_POINT('',(-0.999999995487,-0.255072345339,
    -0.56494077662));
#343 = SURFACE_CURVE('',#344,(#348,#355),.PCURVE_S1.);
#344 = LINE('',#345,#346);
#345 = CARTESIAN_POINT('',(-0.999999995487,-0.617180291663,
    -0.576605208108));
#346 = VECTOR('',#347,1.);
#347 = DIRECTION('',(0.,0.999481578239,3.219588112147E-02));
#348 = PCURVE('',#32,#349);
#349 = DEFINITIONAL_REPRESENTATION('',(#350),#354);
#350 = LINE('',#351,#352);
#351 = CARTESIAN_POINT('',(0.128911726465,-0.358331108357));
#352 = VECTOR('',#353,1.);
#353 = DIRECTION('',(3.219588112147E-02,-0.999481578239));
#354 = ( GEOMETRIC_REPRESENTATION_CONTEXT(2) 
PARAMETRIC_REPRESENTATION_CONTEXT() REPRESENTATION_CONTEXT('2D SPACE',''
  ) );
#355 = PCURVE('',#356,#361);
#356 = PLANE('',#357);
#357 = AXIS2_PLACEMENT_3D('',#358,#359,#360);
#358 = CARTESIAN_POINT('',(6.123143100525E-02,-0.255072345339,
    -0.56494077662));
#359 = DIRECTION('',(0.,3.219588112147E-02,-0.999481578239));
#360 = DIRECTION('',(0.,0.999481578239,3.219588112147E-02));
#361 = DEFINITIONAL_REPRESENTATION('',(#362),#366);
#362 = LINE('',#363,#364);
#363 = CARTESIAN_POINT('',(-0.362295768333,-1.061231426492));
#364 = VECTOR('',#365,1.);
#365 = DIRECTION('',(1.,0.));
#366 = ( GEOMETRIC_REPRESENTATION_CONTEXT(2) 
PARAMETRIC_REPRESENTATION_CONTEXT() REPRESENTATION_CONTEXT('2D SPACE',''
  ) );
#367 = ORIENTED_EDGE('',*,*,#368,.F.);
#368 = EDGE_CURVE('',#229,#341,#369,.T.);
#369 = SURFACE_CURVE('',#370,(#374,#381),.PCURVE_S1.);
#370 = LINE('',#371,#372);
#371 = CARTESIAN_POINT('',(-0.999999995487,-0.446105216161,
    -0.257376015209));
#372 = VECTOR('',#373,1.);
#373 = DIRECTION('',(-0.,0.527623240068,-0.849478496809));
#374 = PCURVE('',#32,#375);
#375 = DEFINITIONAL_REPRESENTATION('',(#376),#380);
#376 = LINE('',#377,#378);
#377 = CARTESIAN_POINT('',(0.448140919365,-0.529406183859));
#378 = VECTOR('',#379,1.);
#379 = DIRECTION('',(-0.849478496809,-0.527623240068));
#380 = ( GEOMETRIC_REPRESENTATION_CONTEXT(2) 
PARAMETRIC_REPRESENTATION_CONTEXT() REPRESENTATION_CONTEXT('2D SPACE',''
  ) );
#381 = PCURVE('',#382,#387);
#382 = PLANE('',#383);
#383 = AXIS2_PLACEMENT_3D('',#384,#385,#386);
#384 = CARTESIAN_POINT('',(6.123143100525E-02,-0.499584616294,
    -0.171273666061));
#385 = DIRECTION('',(0.,-0.849478496809,-0.527623240068));
#386 = DIRECTION('',(0.,0.527623240068,-0.849478496809));
#387 = DEFINITIONAL_REPRESENTATION('',(#388),#392);
#388 = LINE('',#389,#390);
#389 = CARTESIAN_POINT('',(0.101359068501,-1.061231426492));
#390 = VECTOR('',#391,1.);
#391 = DIRECTION('',(1.,0.));
#392 = ( GEOMETRIC_REPRESENTATION_CONTEXT(2) 
PARAMETRIC_REPRESENTATION_CONTEXT() REPRESENTATION_CONTEXT('2D SPACE',''
  ) );
#393 = ADVANCED_FACE('',(#394),#44,.F.);
#394 = FACE_BOUND('',#395,.F.);
#395 = EDGE_LOOP('',(#396,#419,#420,#443));
#396 = ORIENTED_EDGE('',*,*,#397,.F.);
#397 = EDGE_CURVE('',#22,#398,#400,.T.);
#398 = VERTEX_POINT('',#399);
#399 = CARTESIAN_POINT('',(6.123143100525E-02,-0.97551140002,
    -0.705516934574));
#400 = SURFACE_CURVE('',#401,(#405,#412),.PCURVE_S1.);
#401 = LINE('',#402,#403);
#402 = CARTESIAN_POINT('',(-0.999999995487,-0.97551140002,
    -0.705516934574));
#403 = VECTOR('',#404,1.);
#404 = DIRECTION('',(1.,0.,-0.));
#405 = PCURVE('',#44,#406);
#406 = DEFINITIONAL_REPRESENTATION('',(#407),#411);
#407 = LINE('',#408,#409);
#408 = CARTESIAN_POINT('',(0.,0.));
#409 = VECTOR('',#410,1.);
#410 = DIRECTION('',(0.,1.));
#411 = ( GEOMETRIC_REPRESENTATION_CONTEXT(2) 
PARAMETRIC_REPRESENTATION_CONTEXT() REPRESENTATION_CONTEXT('2D SPACE',''
  ) );
#412 = PCURVE('',#72,#413);
#413 = DEFINITIONAL_REPRESENTATION('',(#414),#418);
#414 = LINE('',#415,#416);
#415 = CARTESIAN_POINT('',(0.,0.));
#416 = VECTOR('',#417,1.);
#417 = DIRECTION('',(1.,0.));
#418 = ( GEOMETRIC_REPRESENTATION_CONTEXT(2) 
PARAMETRIC_REPRESENTATION_CONTEXT() REPRESENTATION_CONTEXT('2D SPACE',''
  ) );
#419 = ORIENTED_EDGE('',*,*,#21,.T.);
#420 = ORIENTED_EDGE('',*,*,#421,.T.);
#421 = EDGE_CURVE('',#24,#422,#424,.T.);
#422 = VERTEX_POINT('',#423);
#423 = CARTESIAN_POINT('',(6.123143100525E-02,-0.97551140002,
    0.705516934574));
#424 = SURFACE_CURVE('',#425,(#429,#436),.PCURVE_S1.);
#425 = LINE('',#426,#427);
#426 = CARTESIAN_POINT('',(-0.999999995487,-0.97551140002,0.705516934574
    ));
#427 = VECTOR('',#428,1.);
#428 = DIRECTION('',(1.,0.,-0.));
#429 = PCURVE('',#44,#430);
#430 = DEFINITIONAL_REPRESENTATION('',(#431),#435);
#431 = LINE('',#432,#433);
#432 = CARTESIAN_POINT('',(1.411033869148,0.));
#433 = VECTOR('',#434,1.);
#434 = DIRECTION('',(0.,1.));
#435 = ( GEOMETRIC_REPRESENTATION_CONTEXT(2) 
PARAMETRIC_REPRESENTATION_CONTEXT() REPRESENTATION_CONTEXT('2D SPACE',''
  ) );
#436 = PCURVE('',#126,#437);
#437 = DEFINITIONAL_REPRESENTATION('',(#438),#442);
#438 = LINE('',#439,#440);
#439 = CARTESIAN_POINT('',(0.,0.));
#440 = VECTOR('',#441,1.);
#441 = DIRECTION('',(1.,0.));
#442 = ( GEOMETRIC_REPRESENTATION_CONTEXT(2) 
PARAMETRIC_REPRESENTATION_CONTEXT() REPRESENTATION_CONTEXT('2D SPACE',''
  ) );
#443 = ORIENTED_EDGE('',*,*,#444,.T.);
#444 = EDGE_CURVE('',#422,#398,#445,.T.);
#445 = SURFACE_CURVE('',#446,(#450,#457),.PCURVE_S1.);
#446 = LINE('',#447,#448);
#447 = CARTESIAN_POINT('',(6.123143100525E-02,-0.97551140002,
    0.705516934574));
#448 = VECTOR('',#449,1.);
#449 = DIRECTION('',(0.,0.,-1.));
#450 = PCURVE('',#44,#451);
#451 = DEFINITIONAL_REPRESENTATION('',(#452),#456);
#452 = LINE('',#453,#454);
#453 = CARTESIAN_POINT('',(1.411033869148,1.061231426492));
#454 = VECTOR('',#455,1.);
#455 = DIRECTION('',(-1.,0.));
#456 = ( GEOMETRIC_REPRESENTATION_CONTEXT(2) 
PARAMETRIC_REPRESENTATION_CONTEXT() REPRESENTATION_CONTEXT('2D SPACE',''
  ) );
#457 = PCURVE('',#458,#463);
#458 = PLANE('',#459);
#459 = AXIS2_PLACEMENT_3D('',#460,#461,#462);
#460 = CARTESIAN_POINT('',(6.123143100525E-02,-0.97551140002,
    0.705516934574));
#461 = DIRECTION('',(-1.,0.,-0.));
#462 = DIRECTION('',(0.,0.,-1.));
#463 = DEFINITIONAL_REPRESENTATION('',(#464),#468);
#464 = LINE('',#465,#466);
#465 = CARTESIAN_POINT('',(0.,0.));
#466 = VECTOR('',#467,1.);
#467 = DIRECTION('',(1.,0.));
#468 = ( GEOMETRIC_REPRESENTATION_CONTEXT(2) 
PARAMETRIC_REPRESENTATION_CONTEXT() REPRESENTATION_CONTEXT('2D SPACE',''
  ) );
#469 = ADVANCED_FACE('',(#470,#574),#126,.T.);
#470 = FACE_BOUND('',#471,.T.);
#471 = EDGE_LOOP('',(#472,#495,#496,#497,#520,#548));
#472 = ORIENTED_EDGE('',*,*,#473,.F.);
#473 = EDGE_CURVE('',#85,#474,#476,.T.);
#474 = VERTEX_POINT('',#475);
#475 = CARTESIAN_POINT('',(0.999999995487,0.97551140002,0.705516934574)
  );
#476 = SURFACE_CURVE('',#477,(#481,#488),.PCURVE_S1.);
#477 = LINE('',#478,#479);
#478 = CARTESIAN_POINT('',(-0.999999995487,0.97551140002,0.705516934574)
  );
#479 = VECTOR('',#480,1.);
#480 = DIRECTION('',(1.,0.,-0.));
#481 = PCURVE('',#126,#482);
#482 = DEFINITIONAL_REPRESENTATION('',(#483),#487);
#483 = LINE('',#484,#485);
#484 = CARTESIAN_POINT('',(0.,1.95102280004));
#485 = VECTOR('',#486,1.);
#486 = DIRECTION('',(1.,0.));
#487 = ( GEOMETRIC_REPRESENTATION_CONTEXT(2) 
PARAMETRIC_REPRESENTATION_CONTEXT() REPRESENTATION_CONTEXT('2D SPACE',''
  ) );
#488 = PCURVE('',#100,#489);
#489 = DEFINITIONAL_REPRESENTATION('',(#490),#494);
#490 = LINE('',#491,#492);
#491 = CARTESIAN_POINT('',(1.411033869148,0.));
#492 = VECTOR('',#493,1.);
#493 = DIRECTION('',(0.,1.));
#494 = ( GEOMETRIC_REPRESENTATION_CONTEXT(2) 
PARAMETRIC_REPRESENTATION_CONTEXT() REPRESENTATION_CONTEXT('2D SPACE',''
  ) );
#495 = ORIENTED_EDGE('',*,*,#112,.F.);
#496 = ORIENTED_EDGE('',*,*,#421,.T.);
#497 = ORIENTED_EDGE('',*,*,#498,.T.);
#498 = EDGE_CURVE('',#422,#499,#501,.T.);
#499 = VERTEX_POINT('',#500);
#500 = CARTESIAN_POINT('',(6.123143100525E-02,0.678477425254,
    0.705516934574));
#501 = SURFACE_CURVE('',#502,(#506,#513),.PCURVE_S1.);
#502 = LINE('',#503,#504);
#503 = CARTESIAN_POINT('',(6.123143100525E-02,-0.97551140002,
    0.705516934574));
#504 = VECTOR('',#505,1.);
#505 = DIRECTION('',(-0.,1.,0.));
#506 = PCURVE('',#126,#507);
#507 = DEFINITIONAL_REPRESENTATION('',(#508),#512);
#508 = LINE('',#509,#510);
#509 = CARTESIAN_POINT('',(1.061231426492,0.));
#510 = VECTOR('',#511,1.);
#511 = DIRECTION('',(0.,1.));
#512 = ( GEOMETRIC_REPRESENTATION_CONTEXT(2) 
PARAMETRIC_REPRESENTATION_CONTEXT() REPRESENTATION_CONTEXT('2D SPACE',''
  ) );
#513 = PCURVE('',#458,#514);
#514 = DEFINITIONAL_REPRESENTATION('',(#515),#519);
#515 = LINE('',#516,#517);
#516 = CARTESIAN_POINT('',(0.,0.));
#517 = VECTOR('',#518,1.);
#518 = DIRECTION('',(0.,-1.));
#519 = ( GEOMETRIC_REPRESENTATION_CONTEXT(2) 
PARAMETRIC_REPRESENTATION_CONTEXT() REPRESENTATION_CONTEXT('2D SPACE',''
  ) );
#520 = ORIENTED_EDGE('',*,*,#521,.F.);
#521 = EDGE_CURVE('',#522,#499,#524,.T.);
#522 = VERTEX_POINT('',#523);
#523 = CARTESIAN_POINT('',(0.999999995487,0.678477425254,0.705516934574)
  );
#524 = SURFACE_CURVE('',#525,(#529,#536),.PCURVE_S1.);
#525 = LINE('',#526,#527);
#526 = CARTESIAN_POINT('',(0.999999995487,0.678477425254,0.705516934574)
  );
#527 = VECTOR('',#528,1.);
#528 = DIRECTION('',(-1.,0.,0.));
#529 = PCURVE('',#126,#530);
#530 = DEFINITIONAL_REPRESENTATION('',(#531),#535);
#531 = LINE('',#532,#533);
#532 = CARTESIAN_POINT('',(1.999999990974,1.653988825274));
#533 = VECTOR('',#534,1.);
#534 = DIRECTION('',(-1.,0.));
#535 = ( GEOMETRIC_REPRESENTATION_CONTEXT(2) 
PARAMETRIC_REPRESENTATION_CONTEXT() REPRESENTATION_CONTEXT('2D SPACE',''
  ) );
#536 = PCURVE('',#537,#542);
#537 = PLANE('',#538);
#538 = AXIS2_PLACEMENT_3D('',#539,#540,#541);
#539 = CARTESIAN_POINT('',(0.530615713246,0.678477425254,0.));
#540 = DIRECTION('',(-0.,-1.,-0.));
#541 = DIRECTION('',(0.,0.,-1.));
#542 = DEFINITIONAL_REPRESENTATION('',(#543),#547);
#543 = LINE('',#544,#545);
#544 = CARTESIAN_POINT('',(-0.705516934574,0.469384282241));
#545 = VECTOR('',#546,1.);
#546 = DIRECTION('',(0.,-1.));
#547 = ( GEOMETRIC_REPRESENTATION_CONTEXT(2) 
PARAMETRIC_REPRESENTATION_CONTEXT() REPRESENTATION_CONTEXT('2D SPACE',''
  ) );
#548 = ORIENTED_EDGE('',*,*,#549,.T.);
#549 = EDGE_CURVE('',#522,#474,#550,.T.);
#550 = SURFACE_CURVE('',#551,(#555,#562),.PCURVE_S1.);
#551 = LINE('',#552,#553);
#552 = CARTESIAN_POINT('',(0.999999995487,-0.97551140002,0.705516934574)
  );
#553 = VECTOR('',#554,1.);
#554 = DIRECTION('',(-0.,1.,0.));
#555 = PCURVE('',#126,#556);
#556 = DEFINITIONAL_REPRESENTATION('',(#557),#561);
#557 = LINE('',#558,#559);
#558 = CARTESIAN_POINT('',(1.999999990974,0.));
#559 = VECTOR('',#560,1.);
#560 = DIRECTION('',(0.,1.));
#561 = ( GEOMETRIC_REPRESENTATION_CONTEXT(2) 
PARAMETRIC_REPRESENTATION_CONTEXT() REPRESENTATION_CONTEXT('2D SPACE',''
  ) );
#562 = PCURVE('',#563,#568);
#563 = PLANE('',#564);
#564 = AXIS2_PLACEMENT_3D('',#565,#566,#567);
#565 = CARTESIAN_POINT('',(0.999999995487,-0.97551140002,-0.705516934574
    ));
#566 = DIRECTION('',(1.,0.,-0.));
#567 = DIRECTION('',(0.,0.,1.));
#568 = DEFINITIONAL_REPRESENTATION('',(#569),#573);
#569 = LINE('',#570,#571);
#570 = CARTESIAN_POINT('',(1.411033869148,0.));
#571 = VECTOR('',#572,1.);
#572 = DIRECTION('',(0.,-1.));
#573 = ( GEOMETRIC_REPRESENTATION_CONTEXT(2) 
PARAMETRIC_REPRESENTATION_CONTEXT() REPRESENTATION_CONTEXT('2D SPACE',''
  ) );
#574 = FACE_BOUND('',#575,.T.);
#575 = EDGE_LOOP('',(#576,#606,#634,#662));
#576 = ORIENTED_EDGE('',*,*,#577,.F.);
#577 = EDGE_CURVE('',#578,#580,#582,.T.);
#578 = VERTEX_POINT('',#579);
#579 = CARTESIAN_POINT('',(-0.847867459353,0.441511399937,0.705516934574
    ));
#580 = VERTEX_POINT('',#581);
#581 = CARTESIAN_POINT('',(-0.847867459353,7.492573985711E-02,
    0.705516934574));
#582 = SURFACE_CURVE('',#583,(#587,#594),.PCURVE_S1.);
#583 = LINE('',#584,#585);
#584 = CARTESIAN_POINT('',(-0.847867459353,-0.450292830081,
    0.705516934574));
#585 = VECTOR('',#586,1.);
#586 = DIRECTION('',(0.,-1.,0.));
#587 = PCURVE('',#126,#588);
#588 = DEFINITIONAL_REPRESENTATION('',(#589),#593);
#589 = LINE('',#590,#591);
#590 = CARTESIAN_POINT('',(0.152132536134,0.525218569938));
#591 = VECTOR('',#592,1.);
#592 = DIRECTION('',(0.,-1.));
#593 = ( GEOMETRIC_REPRESENTATION_CONTEXT(2) 
PARAMETRIC_REPRESENTATION_CONTEXT() REPRESENTATION_CONTEXT('2D SPACE',''
  ) );
#594 = PCURVE('',#595,#600);
#595 = PLANE('',#596);
#596 = AXIS2_PLACEMENT_3D('',#597,#598,#599);
#597 = CARTESIAN_POINT('',(-0.847867459353,7.492573985711E-02,
    -0.705516934574));
#598 = DIRECTION('',(-1.,0.,0.));
#599 = DIRECTION('',(0.,1.,0.));
#600 = DEFINITIONAL_REPRESENTATION('',(#601),#605);
#601 = LINE('',#602,#603);
#602 = CARTESIAN_POINT('',(-0.525218569938,-1.411033869148));
#603 = VECTOR('',#604,1.);
#604 = DIRECTION('',(-1.,0.));
#605 = ( GEOMETRIC_REPRESENTATION_CONTEXT(2) 
PARAMETRIC_REPRESENTATION_CONTEXT() REPRESENTATION_CONTEXT('2D SPACE',''
  ) );
#606 = ORIENTED_EDGE('',*,*,#607,.F.);
#607 = EDGE_CURVE('',#608,#578,#610,.T.);
#608 = VERTEX_POINT('',#609);
#609 = CARTESIAN_POINT('',(-0.397269602128,0.441511399937,0.705516934574
    ));
#610 = SURFACE_CURVE('',#611,(#615,#622),.PCURVE_S1.);
#611 = LINE('',#612,#613);
#612 = CARTESIAN_POINT('',(-0.92393372742,0.441511399937,0.705516934574)
  );
#613 = VECTOR('',#614,1.);
#614 = DIRECTION('',(-1.,0.,0.));
#615 = PCURVE('',#126,#616);
#616 = DEFINITIONAL_REPRESENTATION('',(#617),#621);
#617 = LINE('',#618,#619);
#618 = CARTESIAN_POINT('',(7.606626806686E-02,1.417022799957));
#619 = VECTOR('',#620,1.);
#620 = DIRECTION('',(-1.,0.));
#621 = ( GEOMETRIC_REPRESENTATION_CONTEXT(2) 
PARAMETRIC_REPRESENTATION_CONTEXT() REPRESENTATION_CONTEXT('2D SPACE',''
  ) );
#622 = PCURVE('',#623,#628);
#623 = PLANE('',#624);
#624 = AXIS2_PLACEMENT_3D('',#625,#626,#627);
#625 = CARTESIAN_POINT('',(-0.847867459353,0.441511399937,
    -0.705516934574));
#626 = DIRECTION('',(0.,1.,0.));
#627 = DIRECTION('',(1.,0.,0.));
#628 = DEFINITIONAL_REPRESENTATION('',(#629),#633);
#629 = LINE('',#630,#631);
#630 = CARTESIAN_POINT('',(-7.606626806686E-02,-1.411033869148));
#631 = VECTOR('',#632,1.);
#632 = DIRECTION('',(-1.,0.));
#633 = ( GEOMETRIC_REPRESENTATION_CONTEXT(2) 
PARAMETRIC_REPRESENTATION_CONTEXT() REPRESENTATION_CONTEXT('2D SPACE',''
  ) );
#634 = ORIENTED_EDGE('',*,*,#635,.F.);
#635 = EDGE_CURVE('',#636,#608,#638,.T.);
#636 = VERTEX_POINT('',#637);
#637 = CARTESIAN_POINT('',(-0.397269602128,7.492573985711E-02,
    0.705516934574));
#638 = SURFACE_CURVE('',#639,(#643,#650),.PCURVE_S1.);
#639 = LINE('',#640,#641);
#640 = CARTESIAN_POINT('',(-0.397269602128,-0.267000000041,
    0.705516934574));
#641 = VECTOR('',#642,1.);
#642 = DIRECTION('',(-0.,1.,0.));
#643 = PCURVE('',#126,#644);
#644 = DEFINITIONAL_REPRESENTATION('',(#645),#649);
#645 = LINE('',#646,#647);
#646 = CARTESIAN_POINT('',(0.602730393359,0.708511399979));
#647 = VECTOR('',#648,1.);
#648 = DIRECTION('',(0.,1.));
#649 = ( GEOMETRIC_REPRESENTATION_CONTEXT(2) 
PARAMETRIC_REPRESENTATION_CONTEXT() REPRESENTATION_CONTEXT('2D SPACE',''
  ) );
#650 = PCURVE('',#651,#656);
#651 = PLANE('',#652);
#652 = AXIS2_PLACEMENT_3D('',#653,#654,#655);
#653 = CARTESIAN_POINT('',(-0.397269602128,0.441511399937,
    -0.705516934574));
#654 = DIRECTION('',(1.,0.,-0.));
#655 = DIRECTION('',(0.,-1.,0.));
#656 = DEFINITIONAL_REPRESENTATION('',(#657),#661);
#657 = LINE('',#658,#659);
#658 = CARTESIAN_POINT('',(0.708511399979,-1.411033869148));
#659 = VECTOR('',#660,1.);
#660 = DIRECTION('',(-1.,-0.));
#661 = ( GEOMETRIC_REPRESENTATION_CONTEXT(2) 
PARAMETRIC_REPRESENTATION_CONTEXT() REPRESENTATION_CONTEXT('2D SPACE',''
  ) );
#662 = ORIENTED_EDGE('',*,*,#663,.F.);
#663 = EDGE_CURVE('',#580,#636,#664,.T.);
#664 = SURFACE_CURVE('',#665,(#669,#676),.PCURVE_S1.);
#665 = LINE('',#666,#667);
#666 = CARTESIAN_POINT('',(-0.698634798808,7.492573985711E-02,
    0.705516934574));
#667 = VECTOR('',#668,1.);
#668 = DIRECTION('',(1.,0.,-0.));
#669 = PCURVE('',#126,#670);
#670 = DEFINITIONAL_REPRESENTATION('',(#671),#675);
#671 = LINE('',#672,#673);
#672 = CARTESIAN_POINT('',(0.301365196679,1.050437139877));
#673 = VECTOR('',#674,1.);
#674 = DIRECTION('',(1.,0.));
#675 = ( GEOMETRIC_REPRESENTATION_CONTEXT(2) 
PARAMETRIC_REPRESENTATION_CONTEXT() REPRESENTATION_CONTEXT('2D SPACE',''
  ) );
#676 = PCURVE('',#677,#682);
#677 = PLANE('',#678);
#678 = AXIS2_PLACEMENT_3D('',#679,#680,#681);
#679 = CARTESIAN_POINT('',(-0.397269602128,7.492573985711E-02,
    -0.705516934574));
#680 = DIRECTION('',(0.,-1.,0.));
#681 = DIRECTION('',(-1.,0.,0.));
#682 = DEFINITIONAL_REPRESENTATION('',(#683),#687);
#683 = LINE('',#684,#685);
#684 = CARTESIAN_POINT('',(0.301365196679,-1.411033869148));
#685 = VECTOR('',#686,1.);
#686 = DIRECTION('',(-1.,0.));
#687 = ( GEOMETRIC_REPRESENTATION_CONTEXT(2) 
PARAMETRIC_REPRESENTATION_CONTEXT() REPRESENTATION_CONTEXT('2D SPACE',''
  ) );
#688 = ADVANCED_FACE('',(#689,#783,#882),#72,.F.);
#689 = FACE_BOUND('',#690,.F.);
#690 = EDGE_LOOP('',(#691,#714,#715,#716,#739,#762));
#691 = ORIENTED_EDGE('',*,*,#692,.F.);
#692 = EDGE_CURVE('',#57,#693,#695,.T.);
#693 = VERTEX_POINT('',#694);
#694 = CARTESIAN_POINT('',(0.999999995487,0.97551140002,-0.705516934574)
  );
#695 = SURFACE_CURVE('',#696,(#700,#707),.PCURVE_S1.);
#696 = LINE('',#697,#698);
#697 = CARTESIAN_POINT('',(-0.999999995487,0.97551140002,-0.705516934574
    ));
#698 = VECTOR('',#699,1.);
#699 = DIRECTION('',(1.,0.,-0.));
#700 = PCURVE('',#72,#701);
#701 = DEFINITIONAL_REPRESENTATION('',(#702),#706);
#702 = LINE('',#703,#704);
#703 = CARTESIAN_POINT('',(0.,1.95102280004));
#704 = VECTOR('',#705,1.);
#705 = DIRECTION('',(1.,0.));
#706 = ( GEOMETRIC_REPRESENTATION_CONTEXT(2) 
PARAMETRIC_REPRESENTATION_CONTEXT() REPRESENTATION_CONTEXT('2D SPACE',''
  ) );
#707 = PCURVE('',#100,#708);
#708 = DEFINITIONAL_REPRESENTATION('',(#709),#713);
#709 = LINE('',#710,#711);
#710 = CARTESIAN_POINT('',(0.,0.));
#711 = VECTOR('',#712,1.);
#712 = DIRECTION('',(0.,1.));
#713 = ( GEOMETRIC_REPRESENTATION_CONTEXT(2) 
PARAMETRIC_REPRESENTATION_CONTEXT() REPRESENTATION_CONTEXT('2D SPACE',''
  ) );
#714 = ORIENTED_EDGE('',*,*,#56,.F.);
#715 = ORIENTED_EDGE('',*,*,#397,.T.);
#716 = ORIENTED_EDGE('',*,*,#717,.T.);
#717 = EDGE_CURVE('',#398,#718,#720,.T.);
#718 = VERTEX_POINT('',#719);
#719 = CARTESIAN_POINT('',(6.123143100525E-02,0.678477425254,
    -0.705516934574));
#720 = SURFACE_CURVE('',#721,(#725,#732),.PCURVE_S1.);
#721 = LINE('',#722,#723);
#722 = CARTESIAN_POINT('',(6.123143100525E-02,-0.97551140002,
    -0.705516934574));
#723 = VECTOR('',#724,1.);
#724 = DIRECTION('',(-0.,1.,0.));
#725 = PCURVE('',#72,#726);
#726 = DEFINITIONAL_REPRESENTATION('',(#727),#731);
#727 = LINE('',#728,#729);
#728 = CARTESIAN_POINT('',(1.061231426492,0.));
#729 = VECTOR('',#730,1.);
#730 = DIRECTION('',(0.,1.));
#731 = ( GEOMETRIC_REPRESENTATION_CONTEXT(2) 
PARAMETRIC_REPRESENTATION_CONTEXT() REPRESENTATION_CONTEXT('2D SPACE',''
  ) );
#732 = PCURVE('',#458,#733);
#733 = DEFINITIONAL_REPRESENTATION('',(#734),#738);
#734 = LINE('',#735,#736);
#735 = CARTESIAN_POINT('',(1.411033869148,0.));
#736 = VECTOR('',#737,1.);
#737 = DIRECTION('',(0.,-1.));
#738 = ( GEOMETRIC_REPRESENTATION_CONTEXT(2) 
PARAMETRIC_REPRESENTATION_CONTEXT() REPRESENTATION_CONTEXT('2D SPACE',''
  ) );
#739 = ORIENTED_EDGE('',*,*,#740,.T.);
#740 = EDGE_CURVE('',#718,#741,#743,.T.);
#741 = VERTEX_POINT('',#742);
#742 = CARTESIAN_POINT('',(0.999999995487,0.678477425254,-0.705516934574
    ));
#743 = SURFACE_CURVE('',#744,(#748,#755),.PCURVE_S1.);
#744 = LINE('',#745,#746);
#745 = CARTESIAN_POINT('',(6.123143100525E-02,0.678477425254,
    -0.705516934574));
#746 = VECTOR('',#747,1.);
#747 = DIRECTION('',(1.,0.,0.));
#748 = PCURVE('',#72,#749);
#749 = DEFINITIONAL_REPRESENTATION('',(#750),#754);
#750 = LINE('',#751,#752);
#751 = CARTESIAN_POINT('',(1.061231426492,1.653988825274));
#752 = VECTOR('',#753,1.);
#753 = DIRECTION('',(1.,0.));
#754 = ( GEOMETRIC_REPRESENTATION_CONTEXT(2) 
PARAMETRIC_REPRESENTATION_CONTEXT() REPRESENTATION_CONTEXT('2D SPACE',''
  ) );
#755 = PCURVE('',#537,#756);
#756 = DEFINITIONAL_REPRESENTATION('',(#757),#761);
#757 = LINE('',#758,#759);
#758 = CARTESIAN_POINT('',(0.705516934574,-0.469384282241));
#759 = VECTOR('',#760,1.);
#760 = DIRECTION('',(0.,1.));
#761 = ( GEOMETRIC_REPRESENTATION_CONTEXT(2) 
PARAMETRIC_REPRESENTATION_CONTEXT() REPRESENTATION_CONTEXT('2D SPACE',''
  ) );
#762 = ORIENTED_EDGE('',*,*,#763,.T.);
#763 = EDGE_CURVE('',#741,#693,#764,.T.);
#764 = SURFACE_CURVE('',#765,(#769,#776),.PCURVE_S1.);
#765 = LINE('',#766,#767);
#766 = CARTESIAN_POINT('',(0.999999995487,-0.97551140002,-0.705516934574
    ));
#767 = VECTOR('',#768,1.);
#768 = DIRECTION('',(-0.,1.,0.));
#769 = PCURVE('',#72,#770);
#770 = DEFINITIONAL_REPRESENTATION('',(#771),#775);
#771 = LINE('',#772,#773);
#772 = CARTESIAN_POINT('',(1.999999990974,0.));
#773 = VECTOR('',#774,1.);
#774 = DIRECTION('',(0.,1.));
#775 = ( GEOMETRIC_REPRESENTATION_CONTEXT(2) 
PARAMETRIC_REPRESENTATION_CONTEXT() REPRESENTATION_CONTEXT('2D SPACE',''
  ) );
#776 = PCURVE('',#563,#777);
#777 = DEFINITIONAL_REPRESENTATION('',(#778),#782);
#778 = LINE('',#779,#780);
#779 = CARTESIAN_POINT('',(0.,0.));
#780 = VECTOR('',#781,1.);
#781 = DIRECTION('',(0.,-1.));
#782 = ( GEOMETRIC_REPRESENTATION_CONTEXT(2) 
PARAMETRIC_REPRESENTATION_CONTEXT() REPRESENTATION_CONTEXT('2D SPACE',''
  ) );
#783 = FACE_BOUND('',#784,.F.);
#784 = EDGE_LOOP('',(#785,#815,#838,#861));
#785 = ORIENTED_EDGE('',*,*,#786,.T.);
#786 = EDGE_CURVE('',#787,#789,#791,.T.);
#787 = VERTEX_POINT('',#788);
#788 = CARTESIAN_POINT('',(-0.397269602128,7.492573985711E-02,
    -0.705516934574));
#789 = VERTEX_POINT('',#790);
#790 = CARTESIAN_POINT('',(-0.847867459353,7.492573985711E-02,
    -0.705516934574));
#791 = SURFACE_CURVE('',#792,(#796,#803),.PCURVE_S1.);
#792 = LINE('',#793,#794);
#793 = CARTESIAN_POINT('',(-0.397269602128,7.492573985711E-02,
    -0.705516934574));
#794 = VECTOR('',#795,1.);
#795 = DIRECTION('',(-1.,0.,0.));
#796 = PCURVE('',#72,#797);
#797 = DEFINITIONAL_REPRESENTATION('',(#798),#802);
#798 = LINE('',#799,#800);
#799 = CARTESIAN_POINT('',(0.602730393359,1.050437139877));
#800 = VECTOR('',#801,1.);
#801 = DIRECTION('',(-1.,0.));
#802 = ( GEOMETRIC_REPRESENTATION_CONTEXT(2) 
PARAMETRIC_REPRESENTATION_CONTEXT() REPRESENTATION_CONTEXT('2D SPACE',''
  ) );
#803 = PCURVE('',#804,#809);
#804 = PLANE('',#805);
#805 = AXIS2_PLACEMENT_3D('',#806,#807,#808);
#806 = CARTESIAN_POINT('',(-0.397269602128,7.492573985711E-02,
    -0.705516934574));
#807 = DIRECTION('',(0.,-1.,0.));
#808 = DIRECTION('',(-1.,0.,0.));
#809 = DEFINITIONAL_REPRESENTATION('',(#810),#814);
#810 = LINE('',#811,#812);
#811 = CARTESIAN_POINT('',(0.,-0.));
#812 = VECTOR('',#813,1.);
#813 = DIRECTION('',(1.,0.));
#814 = ( GEOMETRIC_REPRESENTATION_CONTEXT(2) 
PARAMETRIC_REPRESENTATION_CONTEXT() REPRESENTATION_CONTEXT('2D SPACE',''
  ) );
#815 = ORIENTED_EDGE('',*,*,#816,.T.);
#816 = EDGE_CURVE('',#789,#817,#819,.T.);
#817 = VERTEX_POINT('',#818);
#818 = CARTESIAN_POINT('',(-0.847867459353,0.441511399937,
    -0.705516934574));
#819 = SURFACE_CURVE('',#820,(#824,#831),.PCURVE_S1.);
#820 = LINE('',#821,#822);
#821 = CARTESIAN_POINT('',(-0.847867459353,7.492573985711E-02,
    -0.705516934574));
#822 = VECTOR('',#823,1.);
#823 = DIRECTION('',(0.,1.,0.));
#824 = PCURVE('',#72,#825);
#825 = DEFINITIONAL_REPRESENTATION('',(#826),#830);
#826 = LINE('',#827,#828);
#827 = CARTESIAN_POINT('',(0.152132536134,1.050437139877));
#828 = VECTOR('',#829,1.);
#829 = DIRECTION('',(0.,1.));
#830 = ( GEOMETRIC_REPRESENTATION_CONTEXT(2) 
PARAMETRIC_REPRESENTATION_CONTEXT() REPRESENTATION_CONTEXT('2D SPACE',''
  ) );
#831 = PCURVE('',#595,#832);
#832 = DEFINITIONAL_REPRESENTATION('',(#833),#837);
#833 = LINE('',#834,#835);
#834 = CARTESIAN_POINT('',(0.,0.));
#835 = VECTOR('',#836,1.);
#836 = DIRECTION('',(1.,0.));
#837 = ( GEOMETRIC_REPRESENTATION_CONTEXT(2) 
PARAMETRIC_REPRESENTATION_CONTEXT() REPRESENTATION_CONTEXT('2D SPACE',''
  ) );
#838 = ORIENTED_EDGE('',*,*,#839,.T.);
#839 = EDGE_CURVE('',#817,#840,#842,.T.);
#840 = VERTEX_POINT('',#841);
#841 = CARTESIAN_POINT('',(-0.397269602128,0.441511399937,
    -0.705516934574));
#842 = SURFACE_CURVE('',#843,(#847,#854),.PCURVE_S1.);
#843 = LINE('',#844,#845);
#844 = CARTESIAN_POINT('',(-0.847867459353,0.441511399937,
    -0.705516934574));
#845 = VECTOR('',#846,1.);
#846 = DIRECTION('',(1.,0.,0.));
#847 = PCURVE('',#72,#848);
#848 = DEFINITIONAL_REPRESENTATION('',(#849),#853);
#849 = LINE('',#850,#851);
#850 = CARTESIAN_POINT('',(0.152132536134,1.417022799957));
#851 = VECTOR('',#852,1.);
#852 = DIRECTION('',(1.,0.));
#853 = ( GEOMETRIC_REPRESENTATION_CONTEXT(2) 
PARAMETRIC_REPRESENTATION_CONTEXT() REPRESENTATION_CONTEXT('2D SPACE',''
  ) );
#854 = PCURVE('',#623,#855);
#855 = DEFINITIONAL_REPRESENTATION('',(#856),#860);
#856 = LINE('',#857,#858);
#857 = CARTESIAN_POINT('',(0.,0.));
#858 = VECTOR('',#859,1.);
#859 = DIRECTION('',(1.,0.));
#860 = ( GEOMETRIC_REPRESENTATION_CONTEXT(2) 
PARAMETRIC_REPRESENTATION_CONTEXT() REPRESENTATION_CONTEXT('2D SPACE',''
  ) );
#861 = ORIENTED_EDGE('',*,*,#862,.T.);
#862 = EDGE_CURVE('',#840,#787,#863,.T.);
#863 = SURFACE_CURVE('',#864,(#868,#875),.PCURVE_S1.);
#864 = LINE('',#865,#866);
#865 = CARTESIAN_POINT('',(-0.397269602128,0.441511399937,
    -0.705516934574));
#866 = VECTOR('',#867,1.);
#867 = DIRECTION('',(0.,-1.,0.));
#868 = PCURVE('',#72,#869);
#869 = DEFINITIONAL_REPRESENTATION('',(#870),#874);
#870 = LINE('',#871,#872);
#871 = CARTESIAN_POINT('',(0.602730393359,1.417022799957));
#872 = VECTOR('',#873,1.);
#873 = DIRECTION('',(0.,-1.));
#874 = ( GEOMETRIC_REPRESENTATION_CONTEXT(2) 
PARAMETRIC_REPRESENTATION_CONTEXT() REPRESENTATION_CONTEXT('2D SPACE',''
  ) );
#875 = PCURVE('',#651,#876);
#876 = DEFINITIONAL_REPRESENTATION('',(#877),#881);
#877 = LINE('',#878,#879);
#878 = CARTESIAN_POINT('',(0.,0.));
#879 = VECTOR('',#880,1.);
#880 = DIRECTION('',(1.,0.));
#881 = ( GEOMETRIC_REPRESENTATION_CONTEXT(2) 
PARAMETRIC_REPRESENTATION_CONTEXT() REPRESENTATION_CONTEXT('2D SPACE',''
  ) );
#882 = FACE_BOUND('',#883,.F.);
#883 = EDGE_LOOP('',(#884,#914,#946,#974));
#884 = ORIENTED_EDGE('',*,*,#885,.T.);
#885 = EDGE_CURVE('',#886,#888,#890,.T.);
#886 = VERTEX_POINT('',#887);
#887 = CARTESIAN_POINT('',(-0.195393107931,0.284514071481,
    -0.705516934574));
#888 = VERTEX_POINT('',#889);
#889 = CARTESIAN_POINT('',(-0.240521542723,0.284514071481,
    -0.705516934574));
#890 = SURFACE_CURVE('',#891,(#895,#902),.PCURVE_S1.);
#891 = LINE('',#892,#893);
#892 = CARTESIAN_POINT('',(-0.195393107931,0.284514071481,
    -0.705516934574));
#893 = VECTOR('',#894,1.);
#894 = DIRECTION('',(-1.,0.,0.));
#895 = PCURVE('',#72,#896);
#896 = DEFINITIONAL_REPRESENTATION('',(#897),#901);
#897 = LINE('',#898,#899);
#898 = CARTESIAN_POINT('',(0.804606887556,1.260025471501));
#899 = VECTOR('',#900,1.);
#900 = DIRECTION('',(-1.,0.));
#901 = ( GEOMETRIC_REPRESENTATION_CONTEXT(2) 
PARAMETRIC_REPRESENTATION_CONTEXT() REPRESENTATION_CONTEXT('2D SPACE',''
  ) );
#902 = PCURVE('',#903,#908);
#903 = PLANE('',#904);
#904 = AXIS2_PLACEMENT_3D('',#905,#906,#907);
#905 = CARTESIAN_POINT('',(-0.195393107931,0.284514071481,
    -0.705516934574));
#906 = DIRECTION('',(0.,-1.,0.));
#907 = DIRECTION('',(-1.,0.,0.));
#908 = DEFINITIONAL_REPRESENTATION('',(#909),#913);
#909 = LINE('',#910,#911);
#910 = CARTESIAN_POINT('',(0.,-0.));
#911 = VECTOR('',#912,1.);
#912 = DIRECTION('',(1.,0.));
#913 = ( GEOMETRIC_REPRESENTATION_CONTEXT(2) 
PARAMETRIC_REPRESENTATION_CONTEXT() REPRESENTATION_CONTEXT('2D SPACE',''
  ) );
#914 = ORIENTED_EDGE('',*,*,#915,.T.);
#915 = EDGE_CURVE('',#888,#916,#918,.T.);
#916 = VERTEX_POINT('',#917);
#917 = CARTESIAN_POINT('',(-0.240521542723,0.501350910672,
    -0.705516934574));
#918 = SURFACE_CURVE('',#919,(#924,#935),.PCURVE_S1.);
#919 = CIRCLE('',#920,0.108418419596);
#920 = AXIS2_PLACEMENT_3D('',#921,#922,#923);
#921 = CARTESIAN_POINT('',(-0.240521542723,0.392932491077,
    -0.705516934574));
#922 = DIRECTION('',(0.,0.,-1.));
#923 = DIRECTION('',(-1.,0.,-0.));
#924 = PCURVE('',#72,#925);
#925 = DEFINITIONAL_REPRESENTATION('',(#926),#934);
#926 = ( BOUNDED_CURVE() B_SPLINE_CURVE(2,(#927,#928,#929,#930,#931,#932
,#933),.UNSPECIFIED.,.T.,.F.) B_SPLINE_CURVE_WITH_KNOTS((1,2,2,2,2,1),(
    -2.094395102393,0.,2.094395102393,4.188790204786,6.28318530718,
8.377580409573),.UNSPECIFIED.) CURVE() GEOMETRIC_REPRESENTATION_ITEM() 
RATIONAL_B_SPLINE_CURVE((1.,0.5,1.,0.5,1.,0.5,1.)) REPRESENTATION_ITEM(
  '') );
#927 = CARTESIAN_POINT('',(0.651060033168,1.368443891096));
#928 = CARTESIAN_POINT('',(0.651060033168,1.556230102313));
#929 = CARTESIAN_POINT('',(0.813687662562,1.462336996704));
#930 = CARTESIAN_POINT('',(0.976315291956,1.368443891096));
#931 = CARTESIAN_POINT('',(0.813687662562,1.274550785488));
#932 = CARTESIAN_POINT('',(0.651060033168,1.18065767988));
#933 = CARTESIAN_POINT('',(0.651060033168,1.368443891096));
#934 = ( GEOMETRIC_REPRESENTATION_CONTEXT(2) 
PARAMETRIC_REPRESENTATION_CONTEXT() REPRESENTATION_CONTEXT('2D SPACE',''
  ) );
#935 = PCURVE('',#936,#941);
#936 = CYLINDRICAL_SURFACE('',#937,0.108418419596);
#937 = AXIS2_PLACEMENT_3D('',#938,#939,#940);
#938 = CARTESIAN_POINT('',(-0.240521542723,0.392932491077,
    -0.705516934574));
#939 = DIRECTION('',(0.,0.,-1.));
#940 = DIRECTION('',(-1.,0.,-0.));
#941 = DEFINITIONAL_REPRESENTATION('',(#942),#945);
#942 = B_SPLINE_CURVE_WITH_KNOTS('',1,(#943,#944),.UNSPECIFIED.,.F.,.F.,
  (2,2),(4.712388980385,7.853981633974),.PIECEWISE_BEZIER_KNOTS.);
#943 = CARTESIAN_POINT('',(-1.570796326795,0.));
#944 = CARTESIAN_POINT('',(1.570796326795,0.));
#945 = ( GEOMETRIC_REPRESENTATION_CONTEXT(2) 
PARAMETRIC_REPRESENTATION_CONTEXT() REPRESENTATION_CONTEXT('2D SPACE',''
  ) );
#946 = ORIENTED_EDGE('',*,*,#947,.T.);
#947 = EDGE_CURVE('',#916,#948,#950,.T.);
#948 = VERTEX_POINT('',#949);
#949 = CARTESIAN_POINT('',(-0.195393107931,0.501350910672,
    -0.705516934574));
#950 = SURFACE_CURVE('',#951,(#955,#962),.PCURVE_S1.);
#951 = LINE('',#952,#953);
#952 = CARTESIAN_POINT('',(-0.240521542723,0.501350910672,
    -0.705516934574));
#953 = VECTOR('',#954,1.);
#954 = DIRECTION('',(1.,0.,0.));
#955 = PCURVE('',#72,#956);
#956 = DEFINITIONAL_REPRESENTATION('',(#957),#961);
#957 = LINE('',#958,#959);
#958 = CARTESIAN_POINT('',(0.759478452764,1.476862310692));
#959 = VECTOR('',#960,1.);
#960 = DIRECTION('',(1.,0.));
#961 = ( GEOMETRIC_REPRESENTATION_CONTEXT(2) 
PARAMETRIC_REPRESENTATION_CONTEXT() REPRESENTATION_CONTEXT('2D SPACE',''
  ) );
#962 = PCURVE('',#963,#968);
#963 = PLANE('',#964);
#964 = AXIS2_PLACEMENT_3D('',#965,#966,#967);
#965 = CARTESIAN_POINT('',(-0.240521542723,0.501350910672,
    -0.705516934574));
#966 = DIRECTION('',(0.,1.,0.));
#967 = DIRECTION('',(1.,0.,0.));
#968 = DEFINITIONAL_REPRESENTATION('',(#969),#973);
#969 = LINE('',#970,#971);
#970 = CARTESIAN_POINT('',(0.,0.));
#971 = VECTOR('',#972,1.);
#972 = DIRECTION('',(1.,0.));
#973 = ( GEOMETRIC_REPRESENTATION_CONTEXT(2) 
PARAMETRIC_REPRESENTATION_CONTEXT() REPRESENTATION_CONTEXT('2D SPACE',''
  ) );
#974 = ORIENTED_EDGE('',*,*,#975,.T.);
#975 = EDGE_CURVE('',#948,#886,#976,.T.);
#976 = SURFACE_CURVE('',#977,(#982,#993),.PCURVE_S1.);
#977 = CIRCLE('',#978,0.108418419596);
#978 = AXIS2_PLACEMENT_3D('',#979,#980,#981);
#979 = CARTESIAN_POINT('',(-0.195393107931,0.392932491077,
    -0.705516934574));
#980 = DIRECTION('',(0.,0.,-1.));
#981 = DIRECTION('',(-1.,0.,-0.));
#982 = PCURVE('',#72,#983);
#983 = DEFINITIONAL_REPRESENTATION('',(#984),#992);
#984 = ( BOUNDED_CURVE() B_SPLINE_CURVE(2,(#985,#986,#987,#988,#989,#990
,#991),.UNSPECIFIED.,.T.,.F.) B_SPLINE_CURVE_WITH_KNOTS((1,2,2,2,2,1),(
    -2.094395102393,0.,2.094395102393,4.188790204786,6.28318530718,
8.377580409573),.UNSPECIFIED.) CURVE() GEOMETRIC_REPRESENTATION_ITEM() 
RATIONAL_B_SPLINE_CURVE((1.,0.5,1.,0.5,1.,0.5,1.)) REPRESENTATION_ITEM(
  '') );
#985 = CARTESIAN_POINT('',(0.696188467961,1.368443891096));
#986 = CARTESIAN_POINT('',(0.696188467961,1.556230102313));
#987 = CARTESIAN_POINT('',(0.858816097354,1.462336996704));
#988 = CARTESIAN_POINT('',(1.021443726748,1.368443891096));
#989 = CARTESIAN_POINT('',(0.858816097354,1.274550785488));
#990 = CARTESIAN_POINT('',(0.696188467961,1.18065767988));
#991 = CARTESIAN_POINT('',(0.696188467961,1.368443891096));
#992 = ( GEOMETRIC_REPRESENTATION_CONTEXT(2) 
PARAMETRIC_REPRESENTATION_CONTEXT() REPRESENTATION_CONTEXT('2D SPACE',''
  ) );
#993 = PCURVE('',#994,#999);
#994 = CYLINDRICAL_SURFACE('',#995,0.108418419596);
#995 = AXIS2_PLACEMENT_3D('',#996,#997,#998);
#996 = CARTESIAN_POINT('',(-0.195393107931,0.392932491077,
    -0.705516934574));
#997 = DIRECTION('',(0.,0.,-1.));
#998 = DIRECTION('',(-1.,0.,-0.));
#999 = DEFINITIONAL_REPRESENTATION('',(#1000),#1003);
#1000 = B_SPLINE_CURVE_WITH_KNOTS('',1,(#1001,#1002),.UNSPECIFIED.,.F.,
  .F.,(2,2),(1.570796326795,4.712388980385),.PIECEWISE_BEZIER_KNOTS.);
#1001 = CARTESIAN_POINT('',(1.570796326795,0.));
#1002 = CARTESIAN_POINT('',(4.712388980385,0.));
#1003 = ( GEOMETRIC_REPRESENTATION_CONTEXT(2) 
PARAMETRIC_REPRESENTATION_CONTEXT() REPRESENTATION_CONTEXT('2D SPACE',''
  ) );
#1004 = ADVANCED_FACE('',(#1005),#100,.T.);
#1005 = FACE_BOUND('',#1006,.T.);
#1006 = EDGE_LOOP('',(#1007,#1008,#1009,#1010));
#1007 = ORIENTED_EDGE('',*,*,#692,.F.);
#1008 = ORIENTED_EDGE('',*,*,#84,.T.);
#1009 = ORIENTED_EDGE('',*,*,#473,.T.);
#1010 = ORIENTED_EDGE('',*,*,#1011,.F.);
#1011 = EDGE_CURVE('',#693,#474,#1012,.T.);
#1012 = SURFACE_CURVE('',#1013,(#1017,#1024),.PCURVE_S1.);
#1013 = LINE('',#1014,#1015);
#1014 = CARTESIAN_POINT('',(0.999999995487,0.97551140002,-0.705516934574
    ));
#1015 = VECTOR('',#1016,1.);
#1016 = DIRECTION('',(0.,0.,1.));
#1017 = PCURVE('',#100,#1018);
#1018 = DEFINITIONAL_REPRESENTATION('',(#1019),#1023);
#1019 = LINE('',#1020,#1021);
#1020 = CARTESIAN_POINT('',(0.,1.999999990974));
#1021 = VECTOR('',#1022,1.);
#1022 = DIRECTION('',(1.,0.));
#1023 = ( GEOMETRIC_REPRESENTATION_CONTEXT(2) 
PARAMETRIC_REPRESENTATION_CONTEXT() REPRESENTATION_CONTEXT('2D SPACE',''
  ) );
#1024 = PCURVE('',#563,#1025);
#1025 = DEFINITIONAL_REPRESENTATION('',(#1026),#1030);
#1026 = LINE('',#1027,#1028);
#1027 = CARTESIAN_POINT('',(0.,-1.95102280004));
#1028 = VECTOR('',#1029,1.);
#1029 = DIRECTION('',(1.,0.));
#1030 = ( GEOMETRIC_REPRESENTATION_CONTEXT(2) 
PARAMETRIC_REPRESENTATION_CONTEXT() REPRESENTATION_CONTEXT('2D SPACE',''
  ) );
#1031 = ADVANCED_FACE('',(#1032),#158,.F.);
#1032 = FACE_BOUND('',#1033,.F.);
#1033 = EDGE_LOOP('',(#1034,#1057,#1058,#1081));
#1034 = ORIENTED_EDGE('',*,*,#1035,.T.);
#1035 = EDGE_CURVE('',#1036,#141,#1038,.T.);
#1036 = VERTEX_POINT('',#1037);
#1037 = CARTESIAN_POINT('',(0.999999995487,0.809638080251,0.424996342952
    ));
#1038 = SURFACE_CURVE('',#1039,(#1043,#1050),.PCURVE_S1.);
#1039 = LINE('',#1040,#1041);
#1040 = CARTESIAN_POINT('',(0.999999995487,0.809638080251,0.424996342952
    ));
#1041 = VECTOR('',#1042,1.);
#1042 = DIRECTION('',(-1.,-0.,0.));
#1043 = PCURVE('',#158,#1044);
#1044 = DEFINITIONAL_REPRESENTATION('',(#1045),#1049);
#1045 = LINE('',#1046,#1047);
#1046 = CARTESIAN_POINT('',(0.,0.));
#1047 = VECTOR('',#1048,1.);
#1048 = DIRECTION('',(0.,-1.));
#1049 = ( GEOMETRIC_REPRESENTATION_CONTEXT(2) 
PARAMETRIC_REPRESENTATION_CONTEXT() REPRESENTATION_CONTEXT('2D SPACE',''
  ) );
#1050 = PCURVE('',#186,#1051);
#1051 = DEFINITIONAL_REPRESENTATION('',(#1052),#1056);
#1052 = LINE('',#1053,#1054);
#1053 = CARTESIAN_POINT('',(8.612892024577E-02,0.));
#1054 = VECTOR('',#1055,1.);
#1055 = DIRECTION('',(-0.,-1.));
#1056 = ( GEOMETRIC_REPRESENTATION_CONTEXT(2) 
PARAMETRIC_REPRESENTATION_CONTEXT() REPRESENTATION_CONTEXT('2D SPACE',''
  ) );
#1057 = ORIENTED_EDGE('',*,*,#140,.T.);
#1058 = ORIENTED_EDGE('',*,*,#1059,.F.);
#1059 = EDGE_CURVE('',#1060,#143,#1062,.T.);
#1060 = VERTEX_POINT('',#1061);
#1061 = CARTESIAN_POINT('',(0.999999995487,0.880360893435,0.405249533009
    ));
#1062 = SURFACE_CURVE('',#1063,(#1067,#1074),.PCURVE_S1.);
#1063 = LINE('',#1064,#1065);
#1064 = CARTESIAN_POINT('',(0.999999995487,0.880360893435,0.405249533009
    ));
#1065 = VECTOR('',#1066,1.);
#1066 = DIRECTION('',(-1.,-0.,0.));
#1067 = PCURVE('',#158,#1068);
#1068 = DEFINITIONAL_REPRESENTATION('',(#1069),#1073);
#1069 = LINE('',#1070,#1071);
#1070 = CARTESIAN_POINT('',(7.34278748677E-02,0.));
#1071 = VECTOR('',#1072,1.);
#1072 = DIRECTION('',(0.,-1.));
#1073 = ( GEOMETRIC_REPRESENTATION_CONTEXT(2) 
PARAMETRIC_REPRESENTATION_CONTEXT() REPRESENTATION_CONTEXT('2D SPACE',''
  ) );
#1074 = PCURVE('',#212,#1075);
#1075 = DEFINITIONAL_REPRESENTATION('',(#1076),#1080);
#1076 = LINE('',#1077,#1078);
#1077 = CARTESIAN_POINT('',(0.,0.));
#1078 = VECTOR('',#1079,1.);
#1079 = DIRECTION('',(0.,-1.));
#1080 = ( GEOMETRIC_REPRESENTATION_CONTEXT(2) 
PARAMETRIC_REPRESENTATION_CONTEXT() REPRESENTATION_CONTEXT('2D SPACE',''
  ) );
#1081 = ORIENTED_EDGE('',*,*,#1082,.F.);
#1082 = EDGE_CURVE('',#1036,#1060,#1083,.T.);
#1083 = SURFACE_CURVE('',#1084,(#1088,#1095),.PCURVE_S1.);
#1084 = LINE('',#1085,#1086);
#1085 = CARTESIAN_POINT('',(0.999999995487,0.809638080251,0.424996342952
    ));
#1086 = VECTOR('',#1087,1.);
#1087 = DIRECTION('',(0.,0.963160289078,-0.268927978357));
#1088 = PCURVE('',#158,#1089);
#1089 = DEFINITIONAL_REPRESENTATION('',(#1090),#1094);
#1090 = LINE('',#1091,#1092);
#1091 = CARTESIAN_POINT('',(0.,0.));
#1092 = VECTOR('',#1093,1.);
#1093 = DIRECTION('',(1.,0.));
#1094 = ( GEOMETRIC_REPRESENTATION_CONTEXT(2) 
PARAMETRIC_REPRESENTATION_CONTEXT() REPRESENTATION_CONTEXT('2D SPACE',''
  ) );
#1095 = PCURVE('',#563,#1096);
#1096 = DEFINITIONAL_REPRESENTATION('',(#1097),#1101);
#1097 = LINE('',#1098,#1099);
#1098 = CARTESIAN_POINT('',(1.130513277526,-1.785149480271));
#1099 = VECTOR('',#1100,1.);
#1100 = DIRECTION('',(-0.268927978357,-0.963160289078));
#1101 = ( GEOMETRIC_REPRESENTATION_CONTEXT(2) 
PARAMETRIC_REPRESENTATION_CONTEXT() REPRESENTATION_CONTEXT('2D SPACE',''
  ) );
#1102 = ADVANCED_FACE('',(#1103),#212,.F.);
#1103 = FACE_BOUND('',#1104,.F.);
#1104 = EDGE_LOOP('',(#1105,#1106,#1107,#1130));
#1105 = ORIENTED_EDGE('',*,*,#1059,.T.);
#1106 = ORIENTED_EDGE('',*,*,#198,.T.);
#1107 = ORIENTED_EDGE('',*,*,#1108,.F.);
#1108 = EDGE_CURVE('',#1109,#171,#1111,.T.);
#1109 = VERTEX_POINT('',#1110);
#1110 = CARTESIAN_POINT('',(0.999999995487,0.878104582256,0.477250806934
    ));
#1111 = SURFACE_CURVE('',#1112,(#1116,#1123),.PCURVE_S1.);
#1112 = LINE('',#1113,#1114);
#1113 = CARTESIAN_POINT('',(0.999999995487,0.878104582256,0.477250806934
    ));
#1114 = VECTOR('',#1115,1.);
#1115 = DIRECTION('',(-1.,-0.,0.));
#1116 = PCURVE('',#212,#1117);
#1117 = DEFINITIONAL_REPRESENTATION('',(#1118),#1122);
#1118 = LINE('',#1119,#1120);
#1119 = CARTESIAN_POINT('',(7.203661837484E-02,0.));
#1120 = VECTOR('',#1121,1.);
#1121 = DIRECTION('',(0.,-1.));
#1122 = ( GEOMETRIC_REPRESENTATION_CONTEXT(2) 
PARAMETRIC_REPRESENTATION_CONTEXT() REPRESENTATION_CONTEXT('2D SPACE',''
  ) );
#1123 = PCURVE('',#186,#1124);
#1124 = DEFINITIONAL_REPRESENTATION('',(#1125),#1129);
#1125 = LINE('',#1126,#1127);
#1126 = CARTESIAN_POINT('',(0.,0.));
#1127 = VECTOR('',#1128,1.);
#1128 = DIRECTION('',(-0.,-1.));
#1129 = ( GEOMETRIC_REPRESENTATION_CONTEXT(2) 
PARAMETRIC_REPRESENTATION_CONTEXT() REPRESENTATION_CONTEXT('2D SPACE',''
  ) );
#1130 = ORIENTED_EDGE('',*,*,#1131,.F.);
#1131 = EDGE_CURVE('',#1060,#1109,#1132,.T.);
#1132 = SURFACE_CURVE('',#1133,(#1137,#1144),.PCURVE_S1.);
#1133 = LINE('',#1134,#1135);
#1134 = CARTESIAN_POINT('',(0.999999995487,0.880360893435,0.405249533009
    ));
#1135 = VECTOR('',#1136,1.);
#1136 = DIRECTION('',(0.,-3.132172539924E-02,0.999509354392));
#1137 = PCURVE('',#212,#1138);
#1138 = DEFINITIONAL_REPRESENTATION('',(#1139),#1143);
#1139 = LINE('',#1140,#1141);
#1140 = CARTESIAN_POINT('',(0.,0.));
#1141 = VECTOR('',#1142,1.);
#1142 = DIRECTION('',(1.,0.));
#1143 = ( GEOMETRIC_REPRESENTATION_CONTEXT(2) 
PARAMETRIC_REPRESENTATION_CONTEXT() REPRESENTATION_CONTEXT('2D SPACE',''
  ) );
#1144 = PCURVE('',#563,#1145);
#1145 = DEFINITIONAL_REPRESENTATION('',(#1146),#1150);
#1146 = LINE('',#1147,#1148);
#1147 = CARTESIAN_POINT('',(1.110766467583,-1.855872293455));
#1148 = VECTOR('',#1149,1.);
#1149 = DIRECTION('',(0.999509354392,3.132172539924E-02));
#1150 = ( GEOMETRIC_REPRESENTATION_CONTEXT(2) 
PARAMETRIC_REPRESENTATION_CONTEXT() REPRESENTATION_CONTEXT('2D SPACE',''
  ) );
#1151 = ADVANCED_FACE('',(#1152),#186,.F.);
#1152 = FACE_BOUND('',#1153,.F.);
#1153 = EDGE_LOOP('',(#1154,#1155,#1156,#1157));
#1154 = ORIENTED_EDGE('',*,*,#1108,.T.);
#1155 = ORIENTED_EDGE('',*,*,#170,.T.);
#1156 = ORIENTED_EDGE('',*,*,#1035,.F.);
#1157 = ORIENTED_EDGE('',*,*,#1158,.F.);
#1158 = EDGE_CURVE('',#1109,#1036,#1159,.T.);
#1159 = SURFACE_CURVE('',#1160,(#1164,#1171),.PCURVE_S1.);
#1160 = LINE('',#1161,#1162);
#1161 = CARTESIAN_POINT('',(0.999999995487,0.878104582256,0.477250806934
    ));
#1162 = VECTOR('',#1163,1.);
#1163 = DIRECTION('',(0.,-0.794930457844,-0.606700558095));
#1164 = PCURVE('',#186,#1165);
#1165 = DEFINITIONAL_REPRESENTATION('',(#1166),#1170);
#1166 = LINE('',#1167,#1168);
#1167 = CARTESIAN_POINT('',(0.,0.));
#1168 = VECTOR('',#1169,1.);
#1169 = DIRECTION('',(1.,0.));
#1170 = ( GEOMETRIC_REPRESENTATION_CONTEXT(2) 
PARAMETRIC_REPRESENTATION_CONTEXT() REPRESENTATION_CONTEXT('2D SPACE',''
  ) );
#1171 = PCURVE('',#563,#1172);
#1172 = DEFINITIONAL_REPRESENTATION('',(#1173),#1177);
#1173 = LINE('',#1174,#1175);
#1174 = CARTESIAN_POINT('',(1.182767741507,-1.853615982276));
#1175 = VECTOR('',#1176,1.);
#1176 = DIRECTION('',(-0.606700558095,0.794930457844));
#1177 = ( GEOMETRIC_REPRESENTATION_CONTEXT(2) 
PARAMETRIC_REPRESENTATION_CONTEXT() REPRESENTATION_CONTEXT('2D SPACE',''
  ) );
#1178 = ADVANCED_FACE('',(#1179),#244,.F.);
#1179 = FACE_BOUND('',#1180,.F.);
#1180 = EDGE_LOOP('',(#1181,#1206,#1227,#1228));
#1181 = ORIENTED_EDGE('',*,*,#1182,.F.);
#1182 = EDGE_CURVE('',#1183,#1185,#1187,.T.);
#1183 = VERTEX_POINT('',#1184);
#1184 = CARTESIAN_POINT('',(6.123143100525E-02,-0.280915033392,
    0.237313727403));
#1185 = VERTEX_POINT('',#1186);
#1186 = CARTESIAN_POINT('',(6.123143100525E-02,-0.499584616294,
    -0.171273666061));
#1187 = SURFACE_CURVE('',#1188,(#1192,#1199),.PCURVE_S1.);
#1188 = LINE('',#1189,#1190);
#1189 = CARTESIAN_POINT('',(6.123143100525E-02,-0.280915033392,
    0.237313727403));
#1190 = VECTOR('',#1191,1.);
#1191 = DIRECTION('',(0.,-0.471858338171,-0.88167437793));
#1192 = PCURVE('',#244,#1193);
#1193 = DEFINITIONAL_REPRESENTATION('',(#1194),#1198);
#1194 = LINE('',#1195,#1196);
#1195 = CARTESIAN_POINT('',(0.,0.));
#1196 = VECTOR('',#1197,1.);
#1197 = DIRECTION('',(1.,0.));
#1198 = ( GEOMETRIC_REPRESENTATION_CONTEXT(2) 
PARAMETRIC_REPRESENTATION_CONTEXT() REPRESENTATION_CONTEXT('2D SPACE',''
  ) );
#1199 = PCURVE('',#458,#1200);
#1200 = DEFINITIONAL_REPRESENTATION('',(#1201),#1205);
#1201 = LINE('',#1202,#1203);
#1202 = CARTESIAN_POINT('',(0.468203207171,-0.694596366628));
#1203 = VECTOR('',#1204,1.);
#1204 = DIRECTION('',(0.88167437793,0.471858338171));
#1205 = ( GEOMETRIC_REPRESENTATION_CONTEXT(2) 
PARAMETRIC_REPRESENTATION_CONTEXT() REPRESENTATION_CONTEXT('2D SPACE',''
  ) );
#1206 = ORIENTED_EDGE('',*,*,#1207,.T.);
#1207 = EDGE_CURVE('',#1183,#227,#1208,.T.);
#1208 = SURFACE_CURVE('',#1209,(#1213,#1220),.PCURVE_S1.);
#1209 = LINE('',#1210,#1211);
#1210 = CARTESIAN_POINT('',(6.123143100525E-02,-0.280915033392,
    0.237313727403));
#1211 = VECTOR('',#1212,1.);
#1212 = DIRECTION('',(-1.,0.,-0.));
#1213 = PCURVE('',#244,#1214);
#1214 = DEFINITIONAL_REPRESENTATION('',(#1215),#1219);
#1215 = LINE('',#1216,#1217);
#1216 = CARTESIAN_POINT('',(0.,0.));
#1217 = VECTOR('',#1218,1.);
#1218 = DIRECTION('',(0.,-1.));
#1219 = ( GEOMETRIC_REPRESENTATION_CONTEXT(2) 
PARAMETRIC_REPRESENTATION_CONTEXT() REPRESENTATION_CONTEXT('2D SPACE',''
  ) );
#1220 = PCURVE('',#272,#1221);
#1221 = DEFINITIONAL_REPRESENTATION('',(#1222),#1226);
#1222 = LINE('',#1223,#1224);
#1223 = CARTESIAN_POINT('',(0.463422101959,0.));
#1224 = VECTOR('',#1225,1.);
#1225 = DIRECTION('',(0.,-1.));
#1226 = ( GEOMETRIC_REPRESENTATION_CONTEXT(2) 
PARAMETRIC_REPRESENTATION_CONTEXT() REPRESENTATION_CONTEXT('2D SPACE',''
  ) );
#1227 = ORIENTED_EDGE('',*,*,#226,.T.);
#1228 = ORIENTED_EDGE('',*,*,#1229,.F.);
#1229 = EDGE_CURVE('',#1185,#229,#1230,.T.);
#1230 = SURFACE_CURVE('',#1231,(#1235,#1242),.PCURVE_S1.);
#1231 = LINE('',#1232,#1233);
#1232 = CARTESIAN_POINT('',(6.123143100525E-02,-0.499584616294,
    -0.171273666061));
#1233 = VECTOR('',#1234,1.);
#1234 = DIRECTION('',(-1.,0.,-0.));
#1235 = PCURVE('',#244,#1236);
#1236 = DEFINITIONAL_REPRESENTATION('',(#1237),#1241);
#1237 = LINE('',#1238,#1239);
#1238 = CARTESIAN_POINT('',(0.463422101959,0.));
#1239 = VECTOR('',#1240,1.);
#1240 = DIRECTION('',(0.,-1.));
#1241 = ( GEOMETRIC_REPRESENTATION_CONTEXT(2) 
PARAMETRIC_REPRESENTATION_CONTEXT() REPRESENTATION_CONTEXT('2D SPACE',''
  ) );
#1242 = PCURVE('',#382,#1243);
#1243 = DEFINITIONAL_REPRESENTATION('',(#1244),#1248);
#1244 = LINE('',#1245,#1246);
#1245 = CARTESIAN_POINT('',(0.,0.));
#1246 = VECTOR('',#1247,1.);
#1247 = DIRECTION('',(0.,-1.));
#1248 = ( GEOMETRIC_REPRESENTATION_CONTEXT(2) 
PARAMETRIC_REPRESENTATION_CONTEXT() REPRESENTATION_CONTEXT('2D SPACE',''
  ) );
#1249 = ADVANCED_FACE('',(#1250),#272,.F.);
#1250 = FACE_BOUND('',#1251,.F.);
#1251 = EDGE_LOOP('',(#1252,#1275,#1303,#1326,#1349,#1372,#1393,#1394));
#1252 = ORIENTED_EDGE('',*,*,#1253,.F.);
#1253 = EDGE_CURVE('',#1254,#1183,#1256,.T.);
#1254 = VERTEX_POINT('',#1255);
#1255 = CARTESIAN_POINT('',(6.123143100525E-02,0.182266820464,
    0.252234010306));
#1256 = SURFACE_CURVE('',#1257,(#1261,#1268),.PCURVE_S1.);
#1257 = LINE('',#1258,#1259);
#1258 = CARTESIAN_POINT('',(6.123143100525E-02,0.182266820464,
    0.252234010306));
#1259 = VECTOR('',#1260,1.);
#1260 = DIRECTION('',(0.,-0.999481578239,-3.219588112147E-02));
#1261 = PCURVE('',#272,#1262);
#1262 = DEFINITIONAL_REPRESENTATION('',(#1263),#1267);
#1263 = LINE('',#1264,#1265);
#1264 = CARTESIAN_POINT('',(0.,0.));
#1265 = VECTOR('',#1266,1.);
#1266 = DIRECTION('',(1.,0.));
#1267 = ( GEOMETRIC_REPRESENTATION_CONTEXT(2) 
PARAMETRIC_REPRESENTATION_CONTEXT() REPRESENTATION_CONTEXT('2D SPACE',''
  ) );
#1268 = PCURVE('',#458,#1269);
#1269 = DEFINITIONAL_REPRESENTATION('',(#1270),#1274);
#1270 = LINE('',#1271,#1272);
#1271 = CARTESIAN_POINT('',(0.453282924267,-1.157778220484));
#1272 = VECTOR('',#1273,1.);
#1273 = DIRECTION('',(3.219588112147E-02,0.999481578239));
#1274 = ( GEOMETRIC_REPRESENTATION_CONTEXT(2) 
PARAMETRIC_REPRESENTATION_CONTEXT() REPRESENTATION_CONTEXT('2D SPACE',''
  ) );
#1275 = ORIENTED_EDGE('',*,*,#1276,.T.);
#1276 = EDGE_CURVE('',#1254,#1277,#1279,.T.);
#1277 = VERTEX_POINT('',#1278);
#1278 = CARTESIAN_POINT('',(-0.397269602128,0.182266820464,
    0.252234010306));
#1279 = SURFACE_CURVE('',#1280,(#1284,#1291),.PCURVE_S1.);
#1280 = LINE('',#1281,#1282);
#1281 = CARTESIAN_POINT('',(6.123143100525E-02,0.182266820464,
    0.252234010306));
#1282 = VECTOR('',#1283,1.);
#1283 = DIRECTION('',(-1.,0.,-0.));
#1284 = PCURVE('',#272,#1285);
#1285 = DEFINITIONAL_REPRESENTATION('',(#1286),#1290);
#1286 = LINE('',#1287,#1288);
#1287 = CARTESIAN_POINT('',(0.,0.));
#1288 = VECTOR('',#1289,1.);
#1289 = DIRECTION('',(0.,-1.));
#1290 = ( GEOMETRIC_REPRESENTATION_CONTEXT(2) 
PARAMETRIC_REPRESENTATION_CONTEXT() REPRESENTATION_CONTEXT('2D SPACE',''
  ) );
#1291 = PCURVE('',#1292,#1297);
#1292 = PLANE('',#1293);
#1293 = AXIS2_PLACEMENT_3D('',#1294,#1295,#1296);
#1294 = CARTESIAN_POINT('',(6.123143100525E-02,0.426779091419,
    -0.141433100253));
#1295 = DIRECTION('',(0.,0.849478496809,0.527623240068));
#1296 = DIRECTION('',(0.,-0.527623240068,0.849478496809));
#1297 = DEFINITIONAL_REPRESENTATION('',(#1298),#1302);
#1298 = LINE('',#1299,#1300);
#1299 = CARTESIAN_POINT('',(0.463422101959,0.));
#1300 = VECTOR('',#1301,1.);
#1301 = DIRECTION('',(-0.,-1.));
#1302 = ( GEOMETRIC_REPRESENTATION_CONTEXT(2) 
PARAMETRIC_REPRESENTATION_CONTEXT() REPRESENTATION_CONTEXT('2D SPACE',''
  ) );
#1303 = ORIENTED_EDGE('',*,*,#1304,.F.);
#1304 = EDGE_CURVE('',#1305,#1277,#1307,.T.);
#1305 = VERTEX_POINT('',#1306);
#1306 = CARTESIAN_POINT('',(-0.397269602128,7.492573985711E-02,
    0.248776277072));
#1307 = SURFACE_CURVE('',#1308,(#1312,#1319),.PCURVE_S1.);
#1308 = LINE('',#1309,#1310);
#1309 = CARTESIAN_POINT('',(-0.397269602128,0.296344922156,
    0.255908760377));
#1310 = VECTOR('',#1311,1.);
#1311 = DIRECTION('',(0.,0.999481578239,3.219588112147E-02));
#1312 = PCURVE('',#272,#1313);
#1313 = DEFINITIONAL_REPRESENTATION('',(#1314),#1318);
#1314 = LINE('',#1315,#1316);
#1315 = CARTESIAN_POINT('',(-0.114137272938,-0.458501033134));
#1316 = VECTOR('',#1317,1.);
#1317 = DIRECTION('',(-1.,0.));
#1318 = ( GEOMETRIC_REPRESENTATION_CONTEXT(2) 
PARAMETRIC_REPRESENTATION_CONTEXT() REPRESENTATION_CONTEXT('2D SPACE',''
  ) );
#1319 = PCURVE('',#651,#1320);
#1320 = DEFINITIONAL_REPRESENTATION('',(#1321),#1325);
#1321 = LINE('',#1322,#1323);
#1322 = CARTESIAN_POINT('',(0.145166477781,-0.961425694951));
#1323 = VECTOR('',#1324,1.);
#1324 = DIRECTION('',(-0.999481578239,-3.219588112147E-02));
#1325 = ( GEOMETRIC_REPRESENTATION_CONTEXT(2) 
PARAMETRIC_REPRESENTATION_CONTEXT() REPRESENTATION_CONTEXT('2D SPACE',''
  ) );
#1326 = ORIENTED_EDGE('',*,*,#1327,.F.);
#1327 = EDGE_CURVE('',#1328,#1305,#1330,.T.);
#1328 = VERTEX_POINT('',#1329);
#1329 = CARTESIAN_POINT('',(-0.847867459353,7.492573985711E-02,
    0.248776277072));
#1330 = SURFACE_CURVE('',#1331,(#1335,#1342),.PCURVE_S1.);
#1331 = LINE('',#1332,#1333);
#1332 = CARTESIAN_POINT('',(-0.168019085562,7.492573985711E-02,
    0.248776277072));
#1333 = VECTOR('',#1334,1.);
#1334 = DIRECTION('',(1.,0.,0.));
#1335 = PCURVE('',#272,#1336);
#1336 = DEFINITIONAL_REPRESENTATION('',(#1337),#1341);
#1337 = LINE('',#1338,#1339);
#1338 = CARTESIAN_POINT('',(0.107396757423,-0.229250516567));
#1339 = VECTOR('',#1340,1.);
#1340 = DIRECTION('',(0.,1.));
#1341 = ( GEOMETRIC_REPRESENTATION_CONTEXT(2) 
PARAMETRIC_REPRESENTATION_CONTEXT() REPRESENTATION_CONTEXT('2D SPACE',''
  ) );
#1342 = PCURVE('',#677,#1343);
#1343 = DEFINITIONAL_REPRESENTATION('',(#1344),#1348);
#1344 = LINE('',#1345,#1346);
#1345 = CARTESIAN_POINT('',(-0.229250516567,-0.954293211646));
#1346 = VECTOR('',#1347,1.);
#1347 = DIRECTION('',(-1.,-0.));
#1348 = ( GEOMETRIC_REPRESENTATION_CONTEXT(2) 
PARAMETRIC_REPRESENTATION_CONTEXT() REPRESENTATION_CONTEXT('2D SPACE',''
  ) );
#1349 = ORIENTED_EDGE('',*,*,#1350,.F.);
#1350 = EDGE_CURVE('',#1351,#1328,#1353,.T.);
#1351 = VERTEX_POINT('',#1352);
#1352 = CARTESIAN_POINT('',(-0.847867459353,0.182266820464,
    0.252234010306));
#1353 = SURFACE_CURVE('',#1354,(#1358,#1365),.PCURVE_S1.);
#1354 = LINE('',#1355,#1356);
#1355 = CARTESIAN_POINT('',(-0.847867459353,0.113242088838,0.25001054556
    ));
#1356 = VECTOR('',#1357,1.);
#1357 = DIRECTION('',(-0.,-0.999481578239,-3.219588112147E-02));
#1358 = PCURVE('',#272,#1359);
#1359 = DEFINITIONAL_REPRESENTATION('',(#1360),#1364);
#1360 = LINE('',#1361,#1362);
#1361 = CARTESIAN_POINT('',(6.906053411029E-02,-0.909098890359));
#1362 = VECTOR('',#1363,1.);
#1363 = DIRECTION('',(1.,0.));
#1364 = ( GEOMETRIC_REPRESENTATION_CONTEXT(2) 
PARAMETRIC_REPRESENTATION_CONTEXT() REPRESENTATION_CONTEXT('2D SPACE',''
  ) );
#1365 = PCURVE('',#595,#1366);
#1366 = DEFINITIONAL_REPRESENTATION('',(#1367),#1371);
#1367 = LINE('',#1368,#1369);
#1368 = CARTESIAN_POINT('',(3.831634898069E-02,-0.955527480134));
#1369 = VECTOR('',#1370,1.);
#1370 = DIRECTION('',(-0.999481578239,3.219588112147E-02));
#1371 = ( GEOMETRIC_REPRESENTATION_CONTEXT(2) 
PARAMETRIC_REPRESENTATION_CONTEXT() REPRESENTATION_CONTEXT('2D SPACE',''
  ) );
#1372 = ORIENTED_EDGE('',*,*,#1373,.T.);
#1373 = EDGE_CURVE('',#1351,#257,#1374,.T.);
#1374 = SURFACE_CURVE('',#1375,(#1379,#1386),.PCURVE_S1.);
#1375 = LINE('',#1376,#1377);
#1376 = CARTESIAN_POINT('',(6.123143100525E-02,0.182266820464,
    0.252234010306));
#1377 = VECTOR('',#1378,1.);
#1378 = DIRECTION('',(-1.,0.,-0.));
#1379 = PCURVE('',#272,#1380);
#1380 = DEFINITIONAL_REPRESENTATION('',(#1381),#1385);
#1381 = LINE('',#1382,#1383);
#1382 = CARTESIAN_POINT('',(0.,0.));
#1383 = VECTOR('',#1384,1.);
#1384 = DIRECTION('',(0.,-1.));
#1385 = ( GEOMETRIC_REPRESENTATION_CONTEXT(2) 
PARAMETRIC_REPRESENTATION_CONTEXT() REPRESENTATION_CONTEXT('2D SPACE',''
  ) );
#1386 = PCURVE('',#300,#1387);
#1387 = DEFINITIONAL_REPRESENTATION('',(#1388),#1392);
#1388 = LINE('',#1389,#1390);
#1389 = CARTESIAN_POINT('',(0.463422101959,0.));
#1390 = VECTOR('',#1391,1.);
#1391 = DIRECTION('',(-0.,-1.));
#1392 = ( GEOMETRIC_REPRESENTATION_CONTEXT(2) 
PARAMETRIC_REPRESENTATION_CONTEXT() REPRESENTATION_CONTEXT('2D SPACE',''
  ) );
#1393 = ORIENTED_EDGE('',*,*,#256,.T.);
#1394 = ORIENTED_EDGE('',*,*,#1207,.F.);
#1395 = ADVANCED_FACE('',(#1396),#382,.F.);
#1396 = FACE_BOUND('',#1397,.F.);
#1397 = EDGE_LOOP('',(#1398,#1421,#1422,#1423));
#1398 = ORIENTED_EDGE('',*,*,#1399,.F.);
#1399 = EDGE_CURVE('',#1185,#1400,#1402,.T.);
#1400 = VERTEX_POINT('',#1401);
#1401 = CARTESIAN_POINT('',(6.123143100525E-02,-0.255072345339,
    -0.56494077662));
#1402 = SURFACE_CURVE('',#1403,(#1407,#1414),.PCURVE_S1.);
#1403 = LINE('',#1404,#1405);
#1404 = CARTESIAN_POINT('',(6.123143100525E-02,-0.499584616294,
    -0.171273666061));
#1405 = VECTOR('',#1406,1.);
#1406 = DIRECTION('',(0.,0.527623240068,-0.849478496809));
#1407 = PCURVE('',#382,#1408);
#1408 = DEFINITIONAL_REPRESENTATION('',(#1409),#1413);
#1409 = LINE('',#1410,#1411);
#1410 = CARTESIAN_POINT('',(0.,0.));
#1411 = VECTOR('',#1412,1.);
#1412 = DIRECTION('',(1.,0.));
#1413 = ( GEOMETRIC_REPRESENTATION_CONTEXT(2) 
PARAMETRIC_REPRESENTATION_CONTEXT() REPRESENTATION_CONTEXT('2D SPACE',''
  ) );
#1414 = PCURVE('',#458,#1415);
#1415 = DEFINITIONAL_REPRESENTATION('',(#1416),#1420);
#1416 = LINE('',#1417,#1418);
#1417 = CARTESIAN_POINT('',(0.876790600635,-0.475926783726));
#1418 = VECTOR('',#1419,1.);
#1419 = DIRECTION('',(0.849478496809,-0.527623240068));
#1420 = ( GEOMETRIC_REPRESENTATION_CONTEXT(2) 
PARAMETRIC_REPRESENTATION_CONTEXT() REPRESENTATION_CONTEXT('2D SPACE',''
  ) );
#1421 = ORIENTED_EDGE('',*,*,#1229,.T.);
#1422 = ORIENTED_EDGE('',*,*,#368,.T.);
#1423 = ORIENTED_EDGE('',*,*,#1424,.F.);
#1424 = EDGE_CURVE('',#1400,#341,#1425,.T.);
#1425 = SURFACE_CURVE('',#1426,(#1430,#1437),.PCURVE_S1.);
#1426 = LINE('',#1427,#1428);
#1427 = CARTESIAN_POINT('',(6.123143100525E-02,-0.255072345339,
    -0.56494077662));
#1428 = VECTOR('',#1429,1.);
#1429 = DIRECTION('',(-1.,0.,-0.));
#1430 = PCURVE('',#382,#1431);
#1431 = DEFINITIONAL_REPRESENTATION('',(#1432),#1436);
#1432 = LINE('',#1433,#1434);
#1433 = CARTESIAN_POINT('',(0.463422101959,0.));
#1434 = VECTOR('',#1435,1.);
#1435 = DIRECTION('',(0.,-1.));
#1436 = ( GEOMETRIC_REPRESENTATION_CONTEXT(2) 
PARAMETRIC_REPRESENTATION_CONTEXT() REPRESENTATION_CONTEXT('2D SPACE',''
  ) );
#1437 = PCURVE('',#356,#1438);
#1438 = DEFINITIONAL_REPRESENTATION('',(#1439),#1443);
#1439 = LINE('',#1440,#1441);
#1440 = CARTESIAN_POINT('',(0.,0.));
#1441 = VECTOR('',#1442,1.);
#1442 = DIRECTION('',(0.,-1.));
#1443 = ( GEOMETRIC_REPRESENTATION_CONTEXT(2) 
PARAMETRIC_REPRESENTATION_CONTEXT() REPRESENTATION_CONTEXT('2D SPACE',''
  ) );
#1444 = ADVANCED_FACE('',(#1445),#300,.F.);
#1445 = FACE_BOUND('',#1446,.F.);
#1446 = EDGE_LOOP('',(#1447,#1470,#1491,#1492));
#1447 = ORIENTED_EDGE('',*,*,#1448,.F.);
#1448 = EDGE_CURVE('',#1449,#1351,#1451,.T.);
#1449 = VERTEX_POINT('',#1450);
#1450 = CARTESIAN_POINT('',(-0.847867459353,0.426779091419,
    -0.141433100253));
#1451 = SURFACE_CURVE('',#1452,(#1456,#1463),.PCURVE_S1.);
#1452 = LINE('',#1453,#1454);
#1453 = CARTESIAN_POINT('',(-0.847867459353,0.504216001764,
    -0.266107271521));
#1454 = VECTOR('',#1455,1.);
#1455 = DIRECTION('',(0.,-0.527623240068,0.849478496809));
#1456 = PCURVE('',#300,#1457);
#1457 = DEFINITIONAL_REPRESENTATION('',(#1458),#1462);
#1458 = LINE('',#1459,#1460);
#1459 = CARTESIAN_POINT('',(-0.146765541137,-0.909098890359));
#1460 = VECTOR('',#1461,1.);
#1461 = DIRECTION('',(1.,0.));
#1462 = ( GEOMETRIC_REPRESENTATION_CONTEXT(2) 
PARAMETRIC_REPRESENTATION_CONTEXT() REPRESENTATION_CONTEXT('2D SPACE',''
  ) );
#1463 = PCURVE('',#595,#1464);
#1464 = DEFINITIONAL_REPRESENTATION('',(#1465),#1469);
#1465 = LINE('',#1466,#1467);
#1466 = CARTESIAN_POINT('',(0.429290261906,-0.439409663053));
#1467 = VECTOR('',#1468,1.);
#1468 = DIRECTION('',(-0.527623240068,-0.849478496809));
#1469 = ( GEOMETRIC_REPRESENTATION_CONTEXT(2) 
PARAMETRIC_REPRESENTATION_CONTEXT() REPRESENTATION_CONTEXT('2D SPACE',''
  ) );
#1470 = ORIENTED_EDGE('',*,*,#1471,.T.);
#1471 = EDGE_CURVE('',#1449,#285,#1472,.T.);
#1472 = SURFACE_CURVE('',#1473,(#1477,#1484),.PCURVE_S1.);
#1473 = LINE('',#1474,#1475);
#1474 = CARTESIAN_POINT('',(6.123143100525E-02,0.426779091419,
    -0.141433100253));
#1475 = VECTOR('',#1476,1.);
#1476 = DIRECTION('',(-1.,0.,-0.));
#1477 = PCURVE('',#300,#1478);
#1478 = DEFINITIONAL_REPRESENTATION('',(#1479),#1483);
#1479 = LINE('',#1480,#1481);
#1480 = CARTESIAN_POINT('',(0.,0.));
#1481 = VECTOR('',#1482,1.);
#1482 = DIRECTION('',(-0.,-1.));
#1483 = ( GEOMETRIC_REPRESENTATION_CONTEXT(2) 
PARAMETRIC_REPRESENTATION_CONTEXT() REPRESENTATION_CONTEXT('2D SPACE',''
  ) );
#1484 = PCURVE('',#328,#1485);
#1485 = DEFINITIONAL_REPRESENTATION('',(#1486),#1490);
#1486 = LINE('',#1487,#1488);
#1487 = CARTESIAN_POINT('',(0.463422101959,0.));
#1488 = VECTOR('',#1489,1.);
#1489 = DIRECTION('',(0.,-1.));
#1490 = ( GEOMETRIC_REPRESENTATION_CONTEXT(2) 
PARAMETRIC_REPRESENTATION_CONTEXT() REPRESENTATION_CONTEXT('2D SPACE',''
  ) );
#1491 = ORIENTED_EDGE('',*,*,#284,.T.);
#1492 = ORIENTED_EDGE('',*,*,#1373,.F.);
#1493 = ADVANCED_FACE('',(#1494),#356,.F.);
#1494 = FACE_BOUND('',#1495,.F.);
#1495 = EDGE_LOOP('',(#1496,#1519,#1520,#1521,#1544,#1567,#1590,#1613));
#1496 = ORIENTED_EDGE('',*,*,#1497,.F.);
#1497 = EDGE_CURVE('',#1400,#1498,#1500,.T.);
#1498 = VERTEX_POINT('',#1499);
#1499 = CARTESIAN_POINT('',(6.123143100525E-02,0.208109508517,
    -0.550020493717));
#1500 = SURFACE_CURVE('',#1501,(#1505,#1512),.PCURVE_S1.);
#1501 = LINE('',#1502,#1503);
#1502 = CARTESIAN_POINT('',(6.123143100525E-02,-0.255072345339,
    -0.56494077662));
#1503 = VECTOR('',#1504,1.);
#1504 = DIRECTION('',(0.,0.999481578239,3.219588112147E-02));
#1505 = PCURVE('',#356,#1506);
#1506 = DEFINITIONAL_REPRESENTATION('',(#1507),#1511);
#1507 = LINE('',#1508,#1509);
#1508 = CARTESIAN_POINT('',(0.,0.));
#1509 = VECTOR('',#1510,1.);
#1510 = DIRECTION('',(1.,0.));
#1511 = ( GEOMETRIC_REPRESENTATION_CONTEXT(2) 
PARAMETRIC_REPRESENTATION_CONTEXT() REPRESENTATION_CONTEXT('2D SPACE',''
  ) );
#1512 = PCURVE('',#458,#1513);
#1513 = DEFINITIONAL_REPRESENTATION('',(#1514),#1518);
#1514 = LINE('',#1515,#1516);
#1515 = CARTESIAN_POINT('',(1.270457711194,-0.72043905468));
#1516 = VECTOR('',#1517,1.);
#1517 = DIRECTION('',(-3.219588112147E-02,-0.999481578239));
#1518 = ( GEOMETRIC_REPRESENTATION_CONTEXT(2) 
PARAMETRIC_REPRESENTATION_CONTEXT() REPRESENTATION_CONTEXT('2D SPACE',''
  ) );
#1519 = ORIENTED_EDGE('',*,*,#1424,.T.);
#1520 = ORIENTED_EDGE('',*,*,#340,.T.);
#1521 = ORIENTED_EDGE('',*,*,#1522,.F.);
#1522 = EDGE_CURVE('',#1523,#313,#1525,.T.);
#1523 = VERTEX_POINT('',#1524);
#1524 = CARTESIAN_POINT('',(-0.847867459353,0.208109508517,
    -0.550020493717));
#1525 = SURFACE_CURVE('',#1526,(#1530,#1537),.PCURVE_S1.);
#1526 = LINE('',#1527,#1528);
#1527 = CARTESIAN_POINT('',(6.123143100525E-02,0.208109508517,
    -0.550020493717));
#1528 = VECTOR('',#1529,1.);
#1529 = DIRECTION('',(-1.,0.,-0.));
#1530 = PCURVE('',#356,#1531);
#1531 = DEFINITIONAL_REPRESENTATION('',(#1532),#1536);
#1532 = LINE('',#1533,#1534);
#1533 = CARTESIAN_POINT('',(0.463422101959,0.));
#1534 = VECTOR('',#1535,1.);
#1535 = DIRECTION('',(0.,-1.));
#1536 = ( GEOMETRIC_REPRESENTATION_CONTEXT(2) 
PARAMETRIC_REPRESENTATION_CONTEXT() REPRESENTATION_CONTEXT('2D SPACE',''
  ) );
#1537 = PCURVE('',#328,#1538);
#1538 = DEFINITIONAL_REPRESENTATION('',(#1539),#1543);
#1539 = LINE('',#1540,#1541);
#1540 = CARTESIAN_POINT('',(0.,0.));
#1541 = VECTOR('',#1542,1.);
#1542 = DIRECTION('',(0.,-1.));
#1543 = ( GEOMETRIC_REPRESENTATION_CONTEXT(2) 
PARAMETRIC_REPRESENTATION_CONTEXT() REPRESENTATION_CONTEXT('2D SPACE',''
  ) );
#1544 = ORIENTED_EDGE('',*,*,#1545,.F.);
#1545 = EDGE_CURVE('',#1546,#1523,#1548,.T.);
#1546 = VERTEX_POINT('',#1547);
#1547 = CARTESIAN_POINT('',(-0.847867459353,7.492573985711E-02,
    -0.554310686629));
#1548 = SURFACE_CURVE('',#1549,(#1553,#1560),.PCURVE_S1.);
#1549 = LINE('',#1550,#1551);
#1550 = CARTESIAN_POINT('',(-0.847867459353,-9.250615003784E-02,
    -0.559704099915));
#1551 = VECTOR('',#1552,1.);
#1552 = DIRECTION('',(0.,0.999481578239,3.219588112147E-02));
#1553 = PCURVE('',#356,#1554);
#1554 = DEFINITIONAL_REPRESENTATION('',(#1555),#1559);
#1555 = LINE('',#1556,#1557);
#1556 = CARTESIAN_POINT('',(0.162650516869,-0.909098890359));
#1557 = VECTOR('',#1558,1.);
#1558 = DIRECTION('',(1.,0.));
#1559 = ( GEOMETRIC_REPRESENTATION_CONTEXT(2) 
PARAMETRIC_REPRESENTATION_CONTEXT() REPRESENTATION_CONTEXT('2D SPACE',''
  ) );
#1560 = PCURVE('',#595,#1561);
#1561 = DEFINITIONAL_REPRESENTATION('',(#1562),#1566);
#1562 = LINE('',#1563,#1564);
#1563 = CARTESIAN_POINT('',(-0.167431889895,-0.145812834659));
#1564 = VECTOR('',#1565,1.);
#1565 = DIRECTION('',(0.999481578239,-3.219588112147E-02));
#1566 = ( GEOMETRIC_REPRESENTATION_CONTEXT(2) 
PARAMETRIC_REPRESENTATION_CONTEXT() REPRESENTATION_CONTEXT('2D SPACE',''
  ) );
#1567 = ORIENTED_EDGE('',*,*,#1568,.F.);
#1568 = EDGE_CURVE('',#1569,#1546,#1571,.T.);
#1569 = VERTEX_POINT('',#1570);
#1570 = CARTESIAN_POINT('',(-0.397269602128,7.492573985711E-02,
    -0.554310686629));
#1571 = SURFACE_CURVE('',#1572,(#1576,#1583),.PCURVE_S1.);
#1572 = LINE('',#1573,#1574);
#1573 = CARTESIAN_POINT('',(-0.168019085562,7.492573985711E-02,
    -0.554310686629));
#1574 = VECTOR('',#1575,1.);
#1575 = DIRECTION('',(-1.,-0.,-0.));
#1576 = PCURVE('',#356,#1577);
#1577 = DEFINITIONAL_REPRESENTATION('',(#1578),#1582);
#1578 = LINE('',#1579,#1580);
#1579 = CARTESIAN_POINT('',(0.330169252122,-0.229250516567));
#1580 = VECTOR('',#1581,1.);
#1581 = DIRECTION('',(0.,-1.));
#1582 = ( GEOMETRIC_REPRESENTATION_CONTEXT(2) 
PARAMETRIC_REPRESENTATION_CONTEXT() REPRESENTATION_CONTEXT('2D SPACE',''
  ) );
#1583 = PCURVE('',#804,#1584);
#1584 = DEFINITIONAL_REPRESENTATION('',(#1585),#1589);
#1585 = LINE('',#1586,#1587);
#1586 = CARTESIAN_POINT('',(-0.229250516567,-0.151206247945));
#1587 = VECTOR('',#1588,1.);
#1588 = DIRECTION('',(1.,0.));
#1589 = ( GEOMETRIC_REPRESENTATION_CONTEXT(2) 
PARAMETRIC_REPRESENTATION_CONTEXT() REPRESENTATION_CONTEXT('2D SPACE',''
  ) );
#1590 = ORIENTED_EDGE('',*,*,#1591,.F.);
#1591 = EDGE_CURVE('',#1592,#1569,#1594,.T.);
#1592 = VERTEX_POINT('',#1593);
#1593 = CARTESIAN_POINT('',(-0.397269602128,0.208109508517,
    -0.550020493717));
#1594 = SURFACE_CURVE('',#1595,(#1599,#1606),.PCURVE_S1.);
#1595 = LINE('',#1596,#1597);
#1596 = CARTESIAN_POINT('',(-0.397269602128,9.059668328076E-02,
    -0.553805885097));
#1597 = VECTOR('',#1598,1.);
#1598 = DIRECTION('',(0.,-0.999481578239,-3.219588112147E-02));
#1599 = PCURVE('',#356,#1600);
#1600 = DEFINITIONAL_REPRESENTATION('',(#1601),#1605);
#1601 = LINE('',#1602,#1603);
#1602 = CARTESIAN_POINT('',(0.345848323917,-0.458501033134));
#1603 = VECTOR('',#1604,1.);
#1604 = DIRECTION('',(-1.,0.));
#1605 = ( GEOMETRIC_REPRESENTATION_CONTEXT(2) 
PARAMETRIC_REPRESENTATION_CONTEXT() REPRESENTATION_CONTEXT('2D SPACE',''
  ) );
#1606 = PCURVE('',#651,#1607);
#1607 = DEFINITIONAL_REPRESENTATION('',(#1608),#1612);
#1608 = LINE('',#1609,#1610);
#1609 = CARTESIAN_POINT('',(0.350914716656,-0.151711049476));
#1610 = VECTOR('',#1611,1.);
#1611 = DIRECTION('',(0.999481578239,3.219588112147E-02));
#1612 = ( GEOMETRIC_REPRESENTATION_CONTEXT(2) 
PARAMETRIC_REPRESENTATION_CONTEXT() REPRESENTATION_CONTEXT('2D SPACE',''
  ) );
#1613 = ORIENTED_EDGE('',*,*,#1614,.F.);
#1614 = EDGE_CURVE('',#1498,#1592,#1615,.T.);
#1615 = SURFACE_CURVE('',#1616,(#1620,#1627),.PCURVE_S1.);
#1616 = LINE('',#1617,#1618);
#1617 = CARTESIAN_POINT('',(6.123143100525E-02,0.208109508517,
    -0.550020493717));
#1618 = VECTOR('',#1619,1.);
#1619 = DIRECTION('',(-1.,0.,-0.));
#1620 = PCURVE('',#356,#1621);
#1621 = DEFINITIONAL_REPRESENTATION('',(#1622),#1626);
#1622 = LINE('',#1623,#1624);
#1623 = CARTESIAN_POINT('',(0.463422101959,0.));
#1624 = VECTOR('',#1625,1.);
#1625 = DIRECTION('',(0.,-1.));
#1626 = ( GEOMETRIC_REPRESENTATION_CONTEXT(2) 
PARAMETRIC_REPRESENTATION_CONTEXT() REPRESENTATION_CONTEXT('2D SPACE',''
  ) );
#1627 = PCURVE('',#1628,#1633);
#1628 = PLANE('',#1629);
#1629 = AXIS2_PLACEMENT_3D('',#1630,#1631,#1632);
#1630 = CARTESIAN_POINT('',(6.123143100525E-02,0.208109508517,
    -0.550020493717));
#1631 = DIRECTION('',(0.,0.88167437793,-0.471858338171));
#1632 = DIRECTION('',(0.,0.471858338171,0.88167437793));
#1633 = DEFINITIONAL_REPRESENTATION('',(#1634),#1638);
#1634 = LINE('',#1635,#1636);
#1635 = CARTESIAN_POINT('',(0.,0.));
#1636 = VECTOR('',#1637,1.);
#1637 = DIRECTION('',(0.,-1.));
#1638 = ( GEOMETRIC_REPRESENTATION_CONTEXT(2) 
PARAMETRIC_REPRESENTATION_CONTEXT() REPRESENTATION_CONTEXT('2D SPACE',''
  ) );
#1639 = ADVANCED_FACE('',(#1640),#328,.F.);
#1640 = FACE_BOUND('',#1641,.F.);
#1641 = EDGE_LOOP('',(#1642,#1663,#1664,#1665));
#1642 = ORIENTED_EDGE('',*,*,#1643,.F.);
#1643 = EDGE_CURVE('',#1523,#1449,#1644,.T.);
#1644 = SURFACE_CURVE('',#1645,(#1649,#1656),.PCURVE_S1.);
#1645 = LINE('',#1646,#1647);
#1646 = CARTESIAN_POINT('',(-0.847867459353,0.160937571042,
    -0.638161965985));
#1647 = VECTOR('',#1648,1.);
#1648 = DIRECTION('',(0.,0.471858338171,0.88167437793));
#1649 = PCURVE('',#328,#1650);
#1650 = DEFINITIONAL_REPRESENTATION('',(#1651),#1655);
#1651 = LINE('',#1652,#1653);
#1652 = CARTESIAN_POINT('',(-9.997054975714E-02,-0.909098890359));
#1653 = VECTOR('',#1654,1.);
#1654 = DIRECTION('',(1.,0.));
#1655 = ( GEOMETRIC_REPRESENTATION_CONTEXT(2) 
PARAMETRIC_REPRESENTATION_CONTEXT() REPRESENTATION_CONTEXT('2D SPACE',''
  ) );
#1656 = PCURVE('',#595,#1657);
#1657 = DEFINITIONAL_REPRESENTATION('',(#1658),#1662);
#1658 = LINE('',#1659,#1660);
#1659 = CARTESIAN_POINT('',(8.601183118536E-02,-6.735496858875E-02));
#1660 = VECTOR('',#1661,1.);
#1661 = DIRECTION('',(0.471858338171,-0.88167437793));
#1662 = ( GEOMETRIC_REPRESENTATION_CONTEXT(2) 
PARAMETRIC_REPRESENTATION_CONTEXT() REPRESENTATION_CONTEXT('2D SPACE',''
  ) );
#1663 = ORIENTED_EDGE('',*,*,#1522,.T.);
#1664 = ORIENTED_EDGE('',*,*,#312,.T.);
#1665 = ORIENTED_EDGE('',*,*,#1471,.F.);
#1666 = ADVANCED_FACE('',(#1667,#1693),#458,.F.);
#1667 = FACE_BOUND('',#1668,.F.);
#1668 = EDGE_LOOP('',(#1669,#1670,#1691,#1692));
#1669 = ORIENTED_EDGE('',*,*,#498,.T.);
#1670 = ORIENTED_EDGE('',*,*,#1671,.T.);
#1671 = EDGE_CURVE('',#499,#718,#1672,.T.);
#1672 = SURFACE_CURVE('',#1673,(#1677,#1684),.PCURVE_S1.);
#1673 = LINE('',#1674,#1675);
#1674 = CARTESIAN_POINT('',(6.123143100525E-02,0.678477425254,
    0.705516934574));
#1675 = VECTOR('',#1676,1.);
#1676 = DIRECTION('',(0.,0.,-1.));
#1677 = PCURVE('',#458,#1678);
#1678 = DEFINITIONAL_REPRESENTATION('',(#1679),#1683);
#1679 = LINE('',#1680,#1681);
#1680 = CARTESIAN_POINT('',(0.,-1.653988825274));
#1681 = VECTOR('',#1682,1.);
#1682 = DIRECTION('',(1.,0.));
#1683 = ( GEOMETRIC_REPRESENTATION_CONTEXT(2) 
PARAMETRIC_REPRESENTATION_CONTEXT() REPRESENTATION_CONTEXT('2D SPACE',''
  ) );
#1684 = PCURVE('',#537,#1685);
#1685 = DEFINITIONAL_REPRESENTATION('',(#1686),#1690);
#1686 = LINE('',#1687,#1688);
#1687 = CARTESIAN_POINT('',(-0.705516934574,-0.469384282241));
#1688 = VECTOR('',#1689,1.);
#1689 = DIRECTION('',(1.,0.));
#1690 = ( GEOMETRIC_REPRESENTATION_CONTEXT(2) 
PARAMETRIC_REPRESENTATION_CONTEXT() REPRESENTATION_CONTEXT('2D SPACE',''
  ) );
#1691 = ORIENTED_EDGE('',*,*,#717,.F.);
#1692 = ORIENTED_EDGE('',*,*,#444,.F.);
#1693 = FACE_BOUND('',#1694,.F.);
#1694 = EDGE_LOOP('',(#1695,#1696,#1697,#1698,#1699,#1722));
#1695 = ORIENTED_EDGE('',*,*,#1253,.T.);
#1696 = ORIENTED_EDGE('',*,*,#1182,.T.);
#1697 = ORIENTED_EDGE('',*,*,#1399,.T.);
#1698 = ORIENTED_EDGE('',*,*,#1497,.T.);
#1699 = ORIENTED_EDGE('',*,*,#1700,.T.);
#1700 = EDGE_CURVE('',#1498,#1701,#1703,.T.);
#1701 = VERTEX_POINT('',#1702);
#1702 = CARTESIAN_POINT('',(6.123143100525E-02,0.426779091419,
    -0.141433100253));
#1703 = SURFACE_CURVE('',#1704,(#1708,#1715),.PCURVE_S1.);
#1704 = LINE('',#1705,#1706);
#1705 = CARTESIAN_POINT('',(6.123143100525E-02,0.208109508517,
    -0.550020493717));
#1706 = VECTOR('',#1707,1.);
#1707 = DIRECTION('',(0.,0.471858338171,0.88167437793));
#1708 = PCURVE('',#458,#1709);
#1709 = DEFINITIONAL_REPRESENTATION('',(#1710),#1714);
#1710 = LINE('',#1711,#1712);
#1711 = CARTESIAN_POINT('',(1.255537428291,-1.183620908537));
#1712 = VECTOR('',#1713,1.);
#1713 = DIRECTION('',(-0.88167437793,-0.471858338171));
#1714 = ( GEOMETRIC_REPRESENTATION_CONTEXT(2) 
PARAMETRIC_REPRESENTATION_CONTEXT() REPRESENTATION_CONTEXT('2D SPACE',''
  ) );
#1715 = PCURVE('',#1628,#1716);
#1716 = DEFINITIONAL_REPRESENTATION('',(#1717),#1721);
#1717 = LINE('',#1718,#1719);
#1718 = CARTESIAN_POINT('',(0.,0.));
#1719 = VECTOR('',#1720,1.);
#1720 = DIRECTION('',(1.,0.));
#1721 = ( GEOMETRIC_REPRESENTATION_CONTEXT(2) 
PARAMETRIC_REPRESENTATION_CONTEXT() REPRESENTATION_CONTEXT('2D SPACE',''
  ) );
#1722 = ORIENTED_EDGE('',*,*,#1723,.T.);
#1723 = EDGE_CURVE('',#1701,#1254,#1724,.T.);
#1724 = SURFACE_CURVE('',#1725,(#1729,#1736),.PCURVE_S1.);
#1725 = LINE('',#1726,#1727);
#1726 = CARTESIAN_POINT('',(6.123143100525E-02,0.426779091419,
    -0.141433100253));
#1727 = VECTOR('',#1728,1.);
#1728 = DIRECTION('',(0.,-0.527623240068,0.849478496809));
#1729 = PCURVE('',#458,#1730);
#1730 = DEFINITIONAL_REPRESENTATION('',(#1731),#1735);
#1731 = LINE('',#1732,#1733);
#1732 = CARTESIAN_POINT('',(0.846950034827,-1.402290491439));
#1733 = VECTOR('',#1734,1.);
#1734 = DIRECTION('',(-0.849478496809,0.527623240068));
#1735 = ( GEOMETRIC_REPRESENTATION_CONTEXT(2) 
PARAMETRIC_REPRESENTATION_CONTEXT() REPRESENTATION_CONTEXT('2D SPACE',''
  ) );
#1736 = PCURVE('',#1292,#1737);
#1737 = DEFINITIONAL_REPRESENTATION('',(#1738),#1742);
#1738 = LINE('',#1739,#1740);
#1739 = CARTESIAN_POINT('',(0.,0.));
#1740 = VECTOR('',#1741,1.);
#1741 = DIRECTION('',(1.,0.));
#1742 = ( GEOMETRIC_REPRESENTATION_CONTEXT(2) 
PARAMETRIC_REPRESENTATION_CONTEXT() REPRESENTATION_CONTEXT('2D SPACE',''
  ) );
#1743 = ADVANCED_FACE('',(#1744,#1770),#563,.T.);
#1744 = FACE_BOUND('',#1745,.T.);
#1745 = EDGE_LOOP('',(#1746,#1767,#1768,#1769));
#1746 = ORIENTED_EDGE('',*,*,#1747,.F.);
#1747 = EDGE_CURVE('',#741,#522,#1748,.T.);
#1748 = SURFACE_CURVE('',#1749,(#1753,#1760),.PCURVE_S1.);
#1749 = LINE('',#1750,#1751);
#1750 = CARTESIAN_POINT('',(0.999999995487,0.678477425254,
    -0.705516934574));
#1751 = VECTOR('',#1752,1.);
#1752 = DIRECTION('',(0.,0.,1.));
#1753 = PCURVE('',#563,#1754);
#1754 = DEFINITIONAL_REPRESENTATION('',(#1755),#1759);
#1755 = LINE('',#1756,#1757);
#1756 = CARTESIAN_POINT('',(0.,-1.653988825274));
#1757 = VECTOR('',#1758,1.);
#1758 = DIRECTION('',(1.,0.));
#1759 = ( GEOMETRIC_REPRESENTATION_CONTEXT(2) 
PARAMETRIC_REPRESENTATION_CONTEXT() REPRESENTATION_CONTEXT('2D SPACE',''
  ) );
#1760 = PCURVE('',#537,#1761);
#1761 = DEFINITIONAL_REPRESENTATION('',(#1762),#1766);
#1762 = LINE('',#1763,#1764);
#1763 = CARTESIAN_POINT('',(0.705516934574,0.469384282241));
#1764 = VECTOR('',#1765,1.);
#1765 = DIRECTION('',(-1.,0.));
#1766 = ( GEOMETRIC_REPRESENTATION_CONTEXT(2) 
PARAMETRIC_REPRESENTATION_CONTEXT() REPRESENTATION_CONTEXT('2D SPACE',''
  ) );
#1767 = ORIENTED_EDGE('',*,*,#763,.T.);
#1768 = ORIENTED_EDGE('',*,*,#1011,.T.);
#1769 = ORIENTED_EDGE('',*,*,#549,.F.);
#1770 = FACE_BOUND('',#1771,.T.);
#1771 = EDGE_LOOP('',(#1772,#1773,#1774));
#1772 = ORIENTED_EDGE('',*,*,#1082,.F.);
#1773 = ORIENTED_EDGE('',*,*,#1158,.F.);
#1774 = ORIENTED_EDGE('',*,*,#1131,.F.);
#1775 = ADVANCED_FACE('',(#1776),#537,.T.);
#1776 = FACE_BOUND('',#1777,.T.);
#1777 = EDGE_LOOP('',(#1778,#1779,#1780,#1781));
#1778 = ORIENTED_EDGE('',*,*,#740,.T.);
#1779 = ORIENTED_EDGE('',*,*,#1747,.T.);
#1780 = ORIENTED_EDGE('',*,*,#521,.T.);
#1781 = ORIENTED_EDGE('',*,*,#1671,.T.);
#1782 = ADVANCED_FACE('',(#1783),#595,.F.);
#1783 = FACE_BOUND('',#1784,.F.);
#1784 = EDGE_LOOP('',(#1785,#1786,#1807,#1808,#1809,#1810,#1811,#1832,
    #1833));
#1785 = ORIENTED_EDGE('',*,*,#816,.F.);
#1786 = ORIENTED_EDGE('',*,*,#1787,.T.);
#1787 = EDGE_CURVE('',#789,#1546,#1788,.T.);
#1788 = SURFACE_CURVE('',#1789,(#1793,#1800),.PCURVE_S1.);
#1789 = LINE('',#1790,#1791);
#1790 = CARTESIAN_POINT('',(-0.847867459353,7.492573985711E-02,
    -0.705516934574));
#1791 = VECTOR('',#1792,1.);
#1792 = DIRECTION('',(0.,0.,1.));
#1793 = PCURVE('',#595,#1794);
#1794 = DEFINITIONAL_REPRESENTATION('',(#1795),#1799);
#1795 = LINE('',#1796,#1797);
#1796 = CARTESIAN_POINT('',(0.,0.));
#1797 = VECTOR('',#1798,1.);
#1798 = DIRECTION('',(0.,-1.));
#1799 = ( GEOMETRIC_REPRESENTATION_CONTEXT(2) 
PARAMETRIC_REPRESENTATION_CONTEXT() REPRESENTATION_CONTEXT('2D SPACE',''
  ) );
#1800 = PCURVE('',#804,#1801);
#1801 = DEFINITIONAL_REPRESENTATION('',(#1802),#1806);
#1802 = LINE('',#1803,#1804);
#1803 = CARTESIAN_POINT('',(0.450597857225,0.));
#1804 = VECTOR('',#1805,1.);
#1805 = DIRECTION('',(0.,-1.));
#1806 = ( GEOMETRIC_REPRESENTATION_CONTEXT(2) 
PARAMETRIC_REPRESENTATION_CONTEXT() REPRESENTATION_CONTEXT('2D SPACE',''
  ) );
#1807 = ORIENTED_EDGE('',*,*,#1545,.T.);
#1808 = ORIENTED_EDGE('',*,*,#1643,.T.);
#1809 = ORIENTED_EDGE('',*,*,#1448,.T.);
#1810 = ORIENTED_EDGE('',*,*,#1350,.T.);
#1811 = ORIENTED_EDGE('',*,*,#1812,.T.);
#1812 = EDGE_CURVE('',#1328,#580,#1813,.T.);
#1813 = SURFACE_CURVE('',#1814,(#1818,#1825),.PCURVE_S1.);
#1814 = LINE('',#1815,#1816);
#1815 = CARTESIAN_POINT('',(-0.847867459353,7.492573985711E-02,
    -0.705516934574));
#1816 = VECTOR('',#1817,1.);
#1817 = DIRECTION('',(0.,0.,1.));
#1818 = PCURVE('',#595,#1819);
#1819 = DEFINITIONAL_REPRESENTATION('',(#1820),#1824);
#1820 = LINE('',#1821,#1822);
#1821 = CARTESIAN_POINT('',(0.,0.));
#1822 = VECTOR('',#1823,1.);
#1823 = DIRECTION('',(0.,-1.));
#1824 = ( GEOMETRIC_REPRESENTATION_CONTEXT(2) 
PARAMETRIC_REPRESENTATION_CONTEXT() REPRESENTATION_CONTEXT('2D SPACE',''
  ) );
#1825 = PCURVE('',#677,#1826);
#1826 = DEFINITIONAL_REPRESENTATION('',(#1827),#1831);
#1827 = LINE('',#1828,#1829);
#1828 = CARTESIAN_POINT('',(0.450597857225,0.));
#1829 = VECTOR('',#1830,1.);
#1830 = DIRECTION('',(0.,-1.));
#1831 = ( GEOMETRIC_REPRESENTATION_CONTEXT(2) 
PARAMETRIC_REPRESENTATION_CONTEXT() REPRESENTATION_CONTEXT('2D SPACE',''
  ) );
#1832 = ORIENTED_EDGE('',*,*,#577,.F.);
#1833 = ORIENTED_EDGE('',*,*,#1834,.F.);
#1834 = EDGE_CURVE('',#817,#578,#1835,.T.);
#1835 = SURFACE_CURVE('',#1836,(#1840,#1847),.PCURVE_S1.);
#1836 = LINE('',#1837,#1838);
#1837 = CARTESIAN_POINT('',(-0.847867459353,0.441511399937,
    -0.705516934574));
#1838 = VECTOR('',#1839,1.);
#1839 = DIRECTION('',(0.,0.,1.));
#1840 = PCURVE('',#595,#1841);
#1841 = DEFINITIONAL_REPRESENTATION('',(#1842),#1846);
#1842 = LINE('',#1843,#1844);
#1843 = CARTESIAN_POINT('',(0.36658566008,0.));
#1844 = VECTOR('',#1845,1.);
#1845 = DIRECTION('',(0.,-1.));
#1846 = ( GEOMETRIC_REPRESENTATION_CONTEXT(2) 
PARAMETRIC_REPRESENTATION_CONTEXT() REPRESENTATION_CONTEXT('2D SPACE',''
  ) );
#1847 = PCURVE('',#623,#1848);
#1848 = DEFINITIONAL_REPRESENTATION('',(#1849),#1853);
#1849 = LINE('',#1850,#1851);
#1850 = CARTESIAN_POINT('',(0.,0.));
#1851 = VECTOR('',#1852,1.);
#1852 = DIRECTION('',(0.,-1.));
#1853 = ( GEOMETRIC_REPRESENTATION_CONTEXT(2) 
PARAMETRIC_REPRESENTATION_CONTEXT() REPRESENTATION_CONTEXT('2D SPACE',''
  ) );
#1854 = ADVANCED_FACE('',(#1855),#677,.F.);
#1855 = FACE_BOUND('',#1856,.F.);
#1856 = EDGE_LOOP('',(#1857,#1858,#1879,#1880));
#1857 = ORIENTED_EDGE('',*,*,#1327,.T.);
#1858 = ORIENTED_EDGE('',*,*,#1859,.T.);
#1859 = EDGE_CURVE('',#1305,#636,#1860,.T.);
#1860 = SURFACE_CURVE('',#1861,(#1865,#1872),.PCURVE_S1.);
#1861 = LINE('',#1862,#1863);
#1862 = CARTESIAN_POINT('',(-0.397269602128,7.492573985711E-02,
    -0.705516934574));
#1863 = VECTOR('',#1864,1.);
#1864 = DIRECTION('',(0.,0.,1.));
#1865 = PCURVE('',#677,#1866);
#1866 = DEFINITIONAL_REPRESENTATION('',(#1867),#1871);
#1867 = LINE('',#1868,#1869);
#1868 = CARTESIAN_POINT('',(0.,-0.));
#1869 = VECTOR('',#1870,1.);
#1870 = DIRECTION('',(0.,-1.));
#1871 = ( GEOMETRIC_REPRESENTATION_CONTEXT(2) 
PARAMETRIC_REPRESENTATION_CONTEXT() REPRESENTATION_CONTEXT('2D SPACE',''
  ) );
#1872 = PCURVE('',#651,#1873);
#1873 = DEFINITIONAL_REPRESENTATION('',(#1874),#1878);
#1874 = LINE('',#1875,#1876);
#1875 = CARTESIAN_POINT('',(0.36658566008,0.));
#1876 = VECTOR('',#1877,1.);
#1877 = DIRECTION('',(0.,-1.));
#1878 = ( GEOMETRIC_REPRESENTATION_CONTEXT(2) 
PARAMETRIC_REPRESENTATION_CONTEXT() REPRESENTATION_CONTEXT('2D SPACE',''
  ) );
#1879 = ORIENTED_EDGE('',*,*,#663,.F.);
#1880 = ORIENTED_EDGE('',*,*,#1812,.F.);
#1881 = ADVANCED_FACE('',(#1882),#651,.F.);
#1882 = FACE_BOUND('',#1883,.F.);
#1883 = EDGE_LOOP('',(#1884,#1885,#1906,#1907,#1908,#1909,#1932,#1953,
    #1954));
#1884 = ORIENTED_EDGE('',*,*,#862,.F.);
#1885 = ORIENTED_EDGE('',*,*,#1886,.T.);
#1886 = EDGE_CURVE('',#840,#608,#1887,.T.);
#1887 = SURFACE_CURVE('',#1888,(#1892,#1899),.PCURVE_S1.);
#1888 = LINE('',#1889,#1890);
#1889 = CARTESIAN_POINT('',(-0.397269602128,0.441511399937,
    -0.705516934574));
#1890 = VECTOR('',#1891,1.);
#1891 = DIRECTION('',(0.,0.,1.));
#1892 = PCURVE('',#651,#1893);
#1893 = DEFINITIONAL_REPRESENTATION('',(#1894),#1898);
#1894 = LINE('',#1895,#1896);
#1895 = CARTESIAN_POINT('',(0.,0.));
#1896 = VECTOR('',#1897,1.);
#1897 = DIRECTION('',(0.,-1.));
#1898 = ( GEOMETRIC_REPRESENTATION_CONTEXT(2) 
PARAMETRIC_REPRESENTATION_CONTEXT() REPRESENTATION_CONTEXT('2D SPACE',''
  ) );
#1899 = PCURVE('',#623,#1900);
#1900 = DEFINITIONAL_REPRESENTATION('',(#1901),#1905);
#1901 = LINE('',#1902,#1903);
#1902 = CARTESIAN_POINT('',(0.450597857225,0.));
#1903 = VECTOR('',#1904,1.);
#1904 = DIRECTION('',(0.,-1.));
#1905 = ( GEOMETRIC_REPRESENTATION_CONTEXT(2) 
PARAMETRIC_REPRESENTATION_CONTEXT() REPRESENTATION_CONTEXT('2D SPACE',''
  ) );
#1906 = ORIENTED_EDGE('',*,*,#635,.F.);
#1907 = ORIENTED_EDGE('',*,*,#1859,.F.);
#1908 = ORIENTED_EDGE('',*,*,#1304,.T.);
#1909 = ORIENTED_EDGE('',*,*,#1910,.T.);
#1910 = EDGE_CURVE('',#1277,#1911,#1913,.T.);
#1911 = VERTEX_POINT('',#1912);
#1912 = CARTESIAN_POINT('',(-0.397269602128,0.426779091419,
    -0.141433100253));
#1913 = SURFACE_CURVE('',#1914,(#1918,#1925),.PCURVE_S1.);
#1914 = LINE('',#1915,#1916);
#1915 = CARTESIAN_POINT('',(-0.397269602128,0.555242211503,
    -0.348259960516));
#1916 = VECTOR('',#1917,1.);
#1917 = DIRECTION('',(-0.,0.527623240068,-0.849478496809));
#1918 = PCURVE('',#651,#1919);
#1919 = DEFINITIONAL_REPRESENTATION('',(#1920),#1924);
#1920 = LINE('',#1921,#1922);
#1921 = CARTESIAN_POINT('',(-0.113730811566,-0.357256974058));
#1922 = VECTOR('',#1923,1.);
#1923 = DIRECTION('',(-0.527623240068,0.849478496809));
#1924 = ( GEOMETRIC_REPRESENTATION_CONTEXT(2) 
PARAMETRIC_REPRESENTATION_CONTEXT() REPRESENTATION_CONTEXT('2D SPACE',''
  ) );
#1925 = PCURVE('',#1292,#1926);
#1926 = DEFINITIONAL_REPRESENTATION('',(#1927),#1931);
#1927 = LINE('',#1928,#1929);
#1928 = CARTESIAN_POINT('',(-0.243475098003,-0.458501033134));
#1929 = VECTOR('',#1930,1.);
#1930 = DIRECTION('',(-1.,0.));
#1931 = ( GEOMETRIC_REPRESENTATION_CONTEXT(2) 
PARAMETRIC_REPRESENTATION_CONTEXT() REPRESENTATION_CONTEXT('2D SPACE',''
  ) );
#1932 = ORIENTED_EDGE('',*,*,#1933,.T.);
#1933 = EDGE_CURVE('',#1911,#1592,#1934,.T.);
#1934 = SURFACE_CURVE('',#1935,(#1939,#1946),.PCURVE_S1.);
#1935 = LINE('',#1936,#1937);
#1936 = CARTESIAN_POINT('',(-0.397269602128,0.201747773044,
    -0.561907491808));
#1937 = VECTOR('',#1938,1.);
#1938 = DIRECTION('',(0.,-0.471858338171,-0.88167437793));
#1939 = PCURVE('',#651,#1940);
#1940 = DEFINITIONAL_REPRESENTATION('',(#1941),#1945);
#1941 = LINE('',#1942,#1943);
#1942 = CARTESIAN_POINT('',(0.239763626893,-0.143609442766));
#1943 = VECTOR('',#1944,1.);
#1944 = DIRECTION('',(0.471858338171,0.88167437793));
#1945 = ( GEOMETRIC_REPRESENTATION_CONTEXT(2) 
PARAMETRIC_REPRESENTATION_CONTEXT() REPRESENTATION_CONTEXT('2D SPACE',''
  ) );
#1946 = PCURVE('',#1628,#1947);
#1947 = DEFINITIONAL_REPRESENTATION('',(#1948),#1952);
#1948 = LINE('',#1949,#1950);
#1949 = CARTESIAN_POINT('',(-1.348229957576E-02,-0.458501033134));
#1950 = VECTOR('',#1951,1.);
#1951 = DIRECTION('',(-1.,0.));
#1952 = ( GEOMETRIC_REPRESENTATION_CONTEXT(2) 
PARAMETRIC_REPRESENTATION_CONTEXT() REPRESENTATION_CONTEXT('2D SPACE',''
  ) );
#1953 = ORIENTED_EDGE('',*,*,#1591,.T.);
#1954 = ORIENTED_EDGE('',*,*,#1955,.F.);
#1955 = EDGE_CURVE('',#787,#1569,#1956,.T.);
#1956 = SURFACE_CURVE('',#1957,(#1961,#1968),.PCURVE_S1.);
#1957 = LINE('',#1958,#1959);
#1958 = CARTESIAN_POINT('',(-0.397269602128,7.492573985711E-02,
    -0.705516934574));
#1959 = VECTOR('',#1960,1.);
#1960 = DIRECTION('',(0.,0.,1.));
#1961 = PCURVE('',#651,#1962);
#1962 = DEFINITIONAL_REPRESENTATION('',(#1963),#1967);
#1963 = LINE('',#1964,#1965);
#1964 = CARTESIAN_POINT('',(0.36658566008,0.));
#1965 = VECTOR('',#1966,1.);
#1966 = DIRECTION('',(0.,-1.));
#1967 = ( GEOMETRIC_REPRESENTATION_CONTEXT(2) 
PARAMETRIC_REPRESENTATION_CONTEXT() REPRESENTATION_CONTEXT('2D SPACE',''
  ) );
#1968 = PCURVE('',#804,#1969);
#1969 = DEFINITIONAL_REPRESENTATION('',(#1970),#1974);
#1970 = LINE('',#1971,#1972);
#1971 = CARTESIAN_POINT('',(0.,-0.));
#1972 = VECTOR('',#1973,1.);
#1973 = DIRECTION('',(0.,-1.));
#1974 = ( GEOMETRIC_REPRESENTATION_CONTEXT(2) 
PARAMETRIC_REPRESENTATION_CONTEXT() REPRESENTATION_CONTEXT('2D SPACE',''
  ) );
#1975 = ADVANCED_FACE('',(#1976),#623,.F.);
#1976 = FACE_BOUND('',#1977,.F.);
#1977 = EDGE_LOOP('',(#1978,#1979,#1980,#1981));
#1978 = ORIENTED_EDGE('',*,*,#839,.F.);
#1979 = ORIENTED_EDGE('',*,*,#1834,.T.);
#1980 = ORIENTED_EDGE('',*,*,#607,.F.);
#1981 = ORIENTED_EDGE('',*,*,#1886,.F.);
#1982 = ADVANCED_FACE('',(#1983),#804,.F.);
#1983 = FACE_BOUND('',#1984,.F.);
#1984 = EDGE_LOOP('',(#1985,#1986,#1987,#1988));
#1985 = ORIENTED_EDGE('',*,*,#786,.F.);
#1986 = ORIENTED_EDGE('',*,*,#1955,.T.);
#1987 = ORIENTED_EDGE('',*,*,#1568,.T.);
#1988 = ORIENTED_EDGE('',*,*,#1787,.F.);
#1989 = ADVANCED_FACE('',(#1990),#903,.F.);
#1990 = FACE_BOUND('',#1991,.F.);
#1991 = EDGE_LOOP('',(#1992,#2014,#2042,#2062));
#1992 = ORIENTED_EDGE('',*,*,#1993,.T.);
#1993 = EDGE_CURVE('',#886,#1994,#1996,.T.);
#1994 = VERTEX_POINT('',#1995);
#1995 = CARTESIAN_POINT('',(-0.195393107931,0.284514071481,
    -0.558598133862));
#1996 = SURFACE_CURVE('',#1997,(#2001,#2008),.PCURVE_S1.);
#1997 = LINE('',#1998,#1999);
#1998 = CARTESIAN_POINT('',(-0.195393107931,0.284514071481,
    -0.705516934574));
#1999 = VECTOR('',#2000,1.);
#2000 = DIRECTION('',(0.,0.,1.));
#2001 = PCURVE('',#903,#2002);
#2002 = DEFINITIONAL_REPRESENTATION('',(#2003),#2007);
#2003 = LINE('',#2004,#2005);
#2004 = CARTESIAN_POINT('',(0.,-0.));
#2005 = VECTOR('',#2006,1.);
#2006 = DIRECTION('',(0.,-1.));
#2007 = ( GEOMETRIC_REPRESENTATION_CONTEXT(2) 
PARAMETRIC_REPRESENTATION_CONTEXT() REPRESENTATION_CONTEXT('2D SPACE',''
  ) );
#2008 = PCURVE('',#994,#2009);
#2009 = DEFINITIONAL_REPRESENTATION('',(#2010),#2013);
#2010 = B_SPLINE_CURVE_WITH_KNOTS('',1,(#2011,#2012),.UNSPECIFIED.,.F.,
  .F.,(2,2),(0.,0.146918800712),.PIECEWISE_BEZIER_KNOTS.);
#2011 = CARTESIAN_POINT('',(4.712388980385,0.));
#2012 = CARTESIAN_POINT('',(4.712388980385,-0.146918800712));
#2013 = ( GEOMETRIC_REPRESENTATION_CONTEXT(2) 
PARAMETRIC_REPRESENTATION_CONTEXT() REPRESENTATION_CONTEXT('2D SPACE',''
  ) );
#2014 = ORIENTED_EDGE('',*,*,#2015,.T.);
#2015 = EDGE_CURVE('',#1994,#2016,#2018,.T.);
#2016 = VERTEX_POINT('',#2017);
#2017 = CARTESIAN_POINT('',(-0.240521542723,0.284514071481,
    -0.558598133862));
#2018 = SURFACE_CURVE('',#2019,(#2023,#2030),.PCURVE_S1.);
#2019 = LINE('',#2020,#2021);
#2020 = CARTESIAN_POINT('',(-0.195393107931,0.284514071481,
    -0.558598133862));
#2021 = VECTOR('',#2022,1.);
#2022 = DIRECTION('',(-1.,0.,0.));
#2023 = PCURVE('',#903,#2024);
#2024 = DEFINITIONAL_REPRESENTATION('',(#2025),#2029);
#2025 = LINE('',#2026,#2027);
#2026 = CARTESIAN_POINT('',(0.,-0.146918800712));
#2027 = VECTOR('',#2028,1.);
#2028 = DIRECTION('',(1.,0.));
#2029 = ( GEOMETRIC_REPRESENTATION_CONTEXT(2) 
PARAMETRIC_REPRESENTATION_CONTEXT() REPRESENTATION_CONTEXT('2D SPACE',''
  ) );
#2030 = PCURVE('',#2031,#2036);
#2031 = PLANE('',#2032);
#2032 = AXIS2_PLACEMENT_3D('',#2033,#2034,#2035);
#2033 = CARTESIAN_POINT('',(-0.217957325327,0.392932491077,
    -0.558598133862));
#2034 = DIRECTION('',(-0.,-0.,-1.));
#2035 = DIRECTION('',(-1.,0.,0.));
#2036 = DEFINITIONAL_REPRESENTATION('',(#2037),#2041);
#2037 = LINE('',#2038,#2039);
#2038 = CARTESIAN_POINT('',(-2.256421739613E-02,-0.108418419596));
#2039 = VECTOR('',#2040,1.);
#2040 = DIRECTION('',(1.,0.));
#2041 = ( GEOMETRIC_REPRESENTATION_CONTEXT(2) 
PARAMETRIC_REPRESENTATION_CONTEXT() REPRESENTATION_CONTEXT('2D SPACE',''
  ) );
#2042 = ORIENTED_EDGE('',*,*,#2043,.F.);
#2043 = EDGE_CURVE('',#888,#2016,#2044,.T.);
#2044 = SURFACE_CURVE('',#2045,(#2049,#2056),.PCURVE_S1.);
#2045 = LINE('',#2046,#2047);
#2046 = CARTESIAN_POINT('',(-0.240521542723,0.284514071481,
    -0.705516934574));
#2047 = VECTOR('',#2048,1.);
#2048 = DIRECTION('',(0.,0.,1.));
#2049 = PCURVE('',#903,#2050);
#2050 = DEFINITIONAL_REPRESENTATION('',(#2051),#2055);
#2051 = LINE('',#2052,#2053);
#2052 = CARTESIAN_POINT('',(4.512843479225E-02,0.));
#2053 = VECTOR('',#2054,1.);
#2054 = DIRECTION('',(0.,-1.));
#2055 = ( GEOMETRIC_REPRESENTATION_CONTEXT(2) 
PARAMETRIC_REPRESENTATION_CONTEXT() REPRESENTATION_CONTEXT('2D SPACE',''
  ) );
#2056 = PCURVE('',#936,#2057);
#2057 = DEFINITIONAL_REPRESENTATION('',(#2058),#2061);
#2058 = B_SPLINE_CURVE_WITH_KNOTS('',1,(#2059,#2060),.UNSPECIFIED.,.F.,
  .F.,(2,2),(0.,0.146918800712),.PIECEWISE_BEZIER_KNOTS.);
#2059 = CARTESIAN_POINT('',(-1.570796326795,0.));
#2060 = CARTESIAN_POINT('',(-1.570796326795,-0.146918800712));
#2061 = ( GEOMETRIC_REPRESENTATION_CONTEXT(2) 
PARAMETRIC_REPRESENTATION_CONTEXT() REPRESENTATION_CONTEXT('2D SPACE',''
  ) );
#2062 = ORIENTED_EDGE('',*,*,#885,.F.);
#2063 = ADVANCED_FACE('',(#2064),#994,.F.);
#2064 = FACE_BOUND('',#2065,.F.);
#2065 = EDGE_LOOP('',(#2066,#2088,#2109,#2110));
#2066 = ORIENTED_EDGE('',*,*,#2067,.T.);
#2067 = EDGE_CURVE('',#948,#2068,#2070,.T.);
#2068 = VERTEX_POINT('',#2069);
#2069 = CARTESIAN_POINT('',(-0.195393107931,0.501350910672,
    -0.558598133862));
#2070 = SURFACE_CURVE('',#2071,(#2075,#2081),.PCURVE_S1.);
#2071 = LINE('',#2072,#2073);
#2072 = CARTESIAN_POINT('',(-0.195393107931,0.501350910672,
    -0.705516934574));
#2073 = VECTOR('',#2074,1.);
#2074 = DIRECTION('',(0.,0.,1.));
#2075 = PCURVE('',#994,#2076);
#2076 = DEFINITIONAL_REPRESENTATION('',(#2077),#2080);
#2077 = B_SPLINE_CURVE_WITH_KNOTS('',1,(#2078,#2079),.UNSPECIFIED.,.F.,
  .F.,(2,2),(0.,0.146918800712),.PIECEWISE_BEZIER_KNOTS.);
#2078 = CARTESIAN_POINT('',(1.570796326795,0.));
#2079 = CARTESIAN_POINT('',(1.570796326795,-0.146918800712));
#2080 = ( GEOMETRIC_REPRESENTATION_CONTEXT(2) 
PARAMETRIC_REPRESENTATION_CONTEXT() REPRESENTATION_CONTEXT('2D SPACE',''
  ) );
#2081 = PCURVE('',#963,#2082);
#2082 = DEFINITIONAL_REPRESENTATION('',(#2083),#2087);
#2083 = LINE('',#2084,#2085);
#2084 = CARTESIAN_POINT('',(4.512843479225E-02,0.));
#2085 = VECTOR('',#2086,1.);
#2086 = DIRECTION('',(0.,-1.));
#2087 = ( GEOMETRIC_REPRESENTATION_CONTEXT(2) 
PARAMETRIC_REPRESENTATION_CONTEXT() REPRESENTATION_CONTEXT('2D SPACE',''
  ) );
#2088 = ORIENTED_EDGE('',*,*,#2089,.T.);
#2089 = EDGE_CURVE('',#2068,#1994,#2090,.T.);
#2090 = SURFACE_CURVE('',#2091,(#2096,#2102),.PCURVE_S1.);
#2091 = CIRCLE('',#2092,0.108418419596);
#2092 = AXIS2_PLACEMENT_3D('',#2093,#2094,#2095);
#2093 = CARTESIAN_POINT('',(-0.195393107931,0.392932491077,
    -0.558598133862));
#2094 = DIRECTION('',(0.,0.,-1.));
#2095 = DIRECTION('',(-1.,0.,-0.));
#2096 = PCURVE('',#994,#2097);
#2097 = DEFINITIONAL_REPRESENTATION('',(#2098),#2101);
#2098 = B_SPLINE_CURVE_WITH_KNOTS('',1,(#2099,#2100),.UNSPECIFIED.,.F.,
  .F.,(2,2),(1.570796326795,4.712388980385),.PIECEWISE_BEZIER_KNOTS.);
#2099 = CARTESIAN_POINT('',(1.570796326795,-0.146918800712));
#2100 = CARTESIAN_POINT('',(4.712388980385,-0.146918800712));
#2101 = ( GEOMETRIC_REPRESENTATION_CONTEXT(2) 
PARAMETRIC_REPRESENTATION_CONTEXT() REPRESENTATION_CONTEXT('2D SPACE',''
  ) );
#2102 = PCURVE('',#2031,#2103);
#2103 = DEFINITIONAL_REPRESENTATION('',(#2104),#2108);
#2104 = CIRCLE('',#2105,0.108418419596);
#2105 = AXIS2_PLACEMENT_2D('',#2106,#2107);
#2106 = CARTESIAN_POINT('',(-2.256421739613E-02,0.));
#2107 = DIRECTION('',(1.,0.));
#2108 = ( GEOMETRIC_REPRESENTATION_CONTEXT(2) 
PARAMETRIC_REPRESENTATION_CONTEXT() REPRESENTATION_CONTEXT('2D SPACE',''
  ) );
#2109 = ORIENTED_EDGE('',*,*,#1993,.F.);
#2110 = ORIENTED_EDGE('',*,*,#975,.F.);
#2111 = ADVANCED_FACE('',(#2112),#963,.F.);
#2112 = FACE_BOUND('',#2113,.F.);
#2113 = EDGE_LOOP('',(#2114,#2136,#2157,#2158));
#2114 = ORIENTED_EDGE('',*,*,#2115,.T.);
#2115 = EDGE_CURVE('',#916,#2116,#2118,.T.);
#2116 = VERTEX_POINT('',#2117);
#2117 = CARTESIAN_POINT('',(-0.240521542723,0.501350910672,
    -0.558598133862));
#2118 = SURFACE_CURVE('',#2119,(#2123,#2130),.PCURVE_S1.);
#2119 = LINE('',#2120,#2121);
#2120 = CARTESIAN_POINT('',(-0.240521542723,0.501350910672,
    -0.705516934574));
#2121 = VECTOR('',#2122,1.);
#2122 = DIRECTION('',(0.,0.,1.));
#2123 = PCURVE('',#963,#2124);
#2124 = DEFINITIONAL_REPRESENTATION('',(#2125),#2129);
#2125 = LINE('',#2126,#2127);
#2126 = CARTESIAN_POINT('',(0.,0.));
#2127 = VECTOR('',#2128,1.);
#2128 = DIRECTION('',(0.,-1.));
#2129 = ( GEOMETRIC_REPRESENTATION_CONTEXT(2) 
PARAMETRIC_REPRESENTATION_CONTEXT() REPRESENTATION_CONTEXT('2D SPACE',''
  ) );
#2130 = PCURVE('',#936,#2131);
#2131 = DEFINITIONAL_REPRESENTATION('',(#2132),#2135);
#2132 = B_SPLINE_CURVE_WITH_KNOTS('',1,(#2133,#2134),.UNSPECIFIED.,.F.,
  .F.,(2,2),(0.,0.146918800712),.PIECEWISE_BEZIER_KNOTS.);
#2133 = CARTESIAN_POINT('',(1.570796326794,0.));
#2134 = CARTESIAN_POINT('',(1.570796326794,-0.146918800712));
#2135 = ( GEOMETRIC_REPRESENTATION_CONTEXT(2) 
PARAMETRIC_REPRESENTATION_CONTEXT() REPRESENTATION_CONTEXT('2D SPACE',''
  ) );
#2136 = ORIENTED_EDGE('',*,*,#2137,.T.);
#2137 = EDGE_CURVE('',#2116,#2068,#2138,.T.);
#2138 = SURFACE_CURVE('',#2139,(#2143,#2150),.PCURVE_S1.);
#2139 = LINE('',#2140,#2141);
#2140 = CARTESIAN_POINT('',(-0.240521542723,0.501350910672,
    -0.558598133862));
#2141 = VECTOR('',#2142,1.);
#2142 = DIRECTION('',(1.,0.,0.));
#2143 = PCURVE('',#963,#2144);
#2144 = DEFINITIONAL_REPRESENTATION('',(#2145),#2149);
#2145 = LINE('',#2146,#2147);
#2146 = CARTESIAN_POINT('',(0.,-0.146918800712));
#2147 = VECTOR('',#2148,1.);
#2148 = DIRECTION('',(1.,0.));
#2149 = ( GEOMETRIC_REPRESENTATION_CONTEXT(2) 
PARAMETRIC_REPRESENTATION_CONTEXT() REPRESENTATION_CONTEXT('2D SPACE',''
  ) );
#2150 = PCURVE('',#2031,#2151);
#2151 = DEFINITIONAL_REPRESENTATION('',(#2152),#2156);
#2152 = LINE('',#2153,#2154);
#2153 = CARTESIAN_POINT('',(2.256421739613E-02,0.108418419596));
#2154 = VECTOR('',#2155,1.);
#2155 = DIRECTION('',(-1.,0.));
#2156 = ( GEOMETRIC_REPRESENTATION_CONTEXT(2) 
PARAMETRIC_REPRESENTATION_CONTEXT() REPRESENTATION_CONTEXT('2D SPACE',''
  ) );
#2157 = ORIENTED_EDGE('',*,*,#2067,.F.);
#2158 = ORIENTED_EDGE('',*,*,#947,.F.);
#2159 = ADVANCED_FACE('',(#2160),#936,.F.);
#2160 = FACE_BOUND('',#2161,.F.);
#2161 = EDGE_LOOP('',(#2162,#2163,#2184,#2185));
#2162 = ORIENTED_EDGE('',*,*,#2043,.T.);
#2163 = ORIENTED_EDGE('',*,*,#2164,.T.);
#2164 = EDGE_CURVE('',#2016,#2116,#2165,.T.);
#2165 = SURFACE_CURVE('',#2166,(#2171,#2177),.PCURVE_S1.);
#2166 = CIRCLE('',#2167,0.108418419596);
#2167 = AXIS2_PLACEMENT_3D('',#2168,#2169,#2170);
#2168 = CARTESIAN_POINT('',(-0.240521542723,0.392932491077,
    -0.558598133862));
#2169 = DIRECTION('',(0.,0.,-1.));
#2170 = DIRECTION('',(-1.,0.,-0.));
#2171 = PCURVE('',#936,#2172);
#2172 = DEFINITIONAL_REPRESENTATION('',(#2173),#2176);
#2173 = B_SPLINE_CURVE_WITH_KNOTS('',1,(#2174,#2175),.UNSPECIFIED.,.F.,
  .F.,(2,2),(4.712388980385,7.853981633974),.PIECEWISE_BEZIER_KNOTS.);
#2174 = CARTESIAN_POINT('',(-1.570796326795,-0.146918800712));
#2175 = CARTESIAN_POINT('',(1.570796326795,-0.146918800712));
#2176 = ( GEOMETRIC_REPRESENTATION_CONTEXT(2) 
PARAMETRIC_REPRESENTATION_CONTEXT() REPRESENTATION_CONTEXT('2D SPACE',''
  ) );
#2177 = PCURVE('',#2031,#2178);
#2178 = DEFINITIONAL_REPRESENTATION('',(#2179),#2183);
#2179 = CIRCLE('',#2180,0.108418419596);
#2180 = AXIS2_PLACEMENT_2D('',#2181,#2182);
#2181 = CARTESIAN_POINT('',(2.256421739613E-02,0.));
#2182 = DIRECTION('',(1.,0.));
#2183 = ( GEOMETRIC_REPRESENTATION_CONTEXT(2) 
PARAMETRIC_REPRESENTATION_CONTEXT() REPRESENTATION_CONTEXT('2D SPACE',''
  ) );
#2184 = ORIENTED_EDGE('',*,*,#2115,.F.);
#2185 = ORIENTED_EDGE('',*,*,#915,.F.);
#2186 = ADVANCED_FACE('',(#2187),#1292,.F.);
#2187 = FACE_BOUND('',#2188,.F.);
#2188 = EDGE_LOOP('',(#2189,#2190,#2211,#2212));
#2189 = ORIENTED_EDGE('',*,*,#1723,.F.);
#2190 = ORIENTED_EDGE('',*,*,#2191,.T.);
#2191 = EDGE_CURVE('',#1701,#1911,#2192,.T.);
#2192 = SURFACE_CURVE('',#2193,(#2197,#2204),.PCURVE_S1.);
#2193 = LINE('',#2194,#2195);
#2194 = CARTESIAN_POINT('',(6.123143100525E-02,0.426779091419,
    -0.141433100253));
#2195 = VECTOR('',#2196,1.);
#2196 = DIRECTION('',(-1.,0.,-0.));
#2197 = PCURVE('',#1292,#2198);
#2198 = DEFINITIONAL_REPRESENTATION('',(#2199),#2203);
#2199 = LINE('',#2200,#2201);
#2200 = CARTESIAN_POINT('',(0.,0.));
#2201 = VECTOR('',#2202,1.);
#2202 = DIRECTION('',(-0.,-1.));
#2203 = ( GEOMETRIC_REPRESENTATION_CONTEXT(2) 
PARAMETRIC_REPRESENTATION_CONTEXT() REPRESENTATION_CONTEXT('2D SPACE',''
  ) );
#2204 = PCURVE('',#1628,#2205);
#2205 = DEFINITIONAL_REPRESENTATION('',(#2206),#2210);
#2206 = LINE('',#2207,#2208);
#2207 = CARTESIAN_POINT('',(0.463422101959,0.));
#2208 = VECTOR('',#2209,1.);
#2209 = DIRECTION('',(0.,-1.));
#2210 = ( GEOMETRIC_REPRESENTATION_CONTEXT(2) 
PARAMETRIC_REPRESENTATION_CONTEXT() REPRESENTATION_CONTEXT('2D SPACE',''
  ) );
#2211 = ORIENTED_EDGE('',*,*,#1910,.F.);
#2212 = ORIENTED_EDGE('',*,*,#1276,.F.);
#2213 = ADVANCED_FACE('',(#2214),#1628,.F.);
#2214 = FACE_BOUND('',#2215,.F.);
#2215 = EDGE_LOOP('',(#2216,#2217,#2218,#2219));
#2216 = ORIENTED_EDGE('',*,*,#1700,.F.);
#2217 = ORIENTED_EDGE('',*,*,#1614,.T.);
#2218 = ORIENTED_EDGE('',*,*,#1933,.F.);
#2219 = ORIENTED_EDGE('',*,*,#2191,.F.);
#2220 = ADVANCED_FACE('',(#2221),#2031,.T.);
#2221 = FACE_BOUND('',#2222,.T.);
#2222 = EDGE_LOOP('',(#2223,#2224,#2225,#2226));
#2223 = ORIENTED_EDGE('',*,*,#2164,.T.);
#2224 = ORIENTED_EDGE('',*,*,#2137,.T.);
#2225 = ORIENTED_EDGE('',*,*,#2089,.T.);
#2226 = ORIENTED_EDGE('',*,*,#2015,.T.);
#2227 = ( GEOMETRIC_REPRESENTATION_CONTEXT(3) 
GLOBAL_UNCERTAINTY_ASSIGNED_CONTEXT((#2231)) 
GLOBAL_UNIT_ASSIGNED_CONTEXT((#2228,#2229,#2230)) REPRESENTATION_CONTEXT
('Context #1','3D Context with UNIT and UNCERTAINTY') );
#2228 = ( LENGTH_UNIT() NAMED_UNIT(*) SI_UNIT(.MILLI.,.METRE.) );
#2229 = ( NAMED_UNIT(*) PLANE_ANGLE_UNIT() SI_UNIT($,.RADIAN.) );
#2230 = ( NAMED_UNIT(*) SI_UNIT($,.STERADIAN.) SOLID_ANGLE_UNIT() );
#2231 = UNCERTAINTY_MEASURE_WITH_UNIT(LENGTH_MEASURE(1.E-07),#2228,
  'distance_accuracy_value','confusion accuracy');
#2232 = PRODUCT_RELATED_PRODUCT_CATEGORY('part',$,(#7));
ENDSEC;
END-ISO-10303-21;
